event_type,event_date,account_type,entry_mode,leverage_feature_enabled,leverage_active,leverage_configured_max,effective_leverage,current_equity,settled_cash,unsettled_cash,current_gross_notional,current_net_notional,gross_exposure_before_pct,net_exposure_before_pct,available_entry_budget,symbol,side,sector,quantity,entry_price,entry_cost,effective_unit_cost,target_weight_pct,vol_target_scaler,candidate_budget,settled_cash_before,settled_cash_after,quantity_override,gross_exposure_limit_pct,gross_exposure_after_pct,gross_exposure_capped,previous_close,entry_gap_pct,signal_date,execution_date,score,score_source,rank,selection_rank,selector_signal_mode,selection_explanation,selector_earnings_blackout,entry_decision,entry_reason,signal_target_weight,signal_target_notional,signal_approved_shares,signal_filled_qty,signal_fill_price,watcher_transition_state,watcher_trigger_date,watcher_transition_effective_date,replay_take_profit_price,replay_initial_stop_price,replay_trailing_stop_pct,replay_trailing_activation_price,replay_trailing_activation_mode,replay_exit_date,replay_exit_price,replay_exit_reason,replay_exit_intent_role,replay_oco_sibling_canceled,trigger_date,effective_date,transition_state,trailing_stop_pct,entry_date,exit_price,exit_reason,exit_source,proceeds,pnl,return_pct,holding_days,is_day_trade,unsettled_cash_after,rejection_reason,attempted_entry_price,max_entry_gap_pct,ret,atr_impl,date,proba_top,global_rank_20,proba_bottom,oracle_edge,edge_q,ptop_q,pbot_q
exit_closed,2025-01-08,,,,,,,,,,,,,,,COMP,buy,Unknown,55.0,5.807844586530264,,,,,,,2781.79666374892,,,,,,,2025-01-02,2025-01-03,0.9898477157360406,ml_p_side,6.0,5.0,ml_first,ML-ranked candidate,0.0,ACCEPTED,OK,0.07975,319.0,55.0,55.0,5.8,transitioned,2025-01-03,2025-01-06,6.55,4.89,0.07,5.8,multiple_r,2025-01-08,5.5242,trailing_stop,trailing_stop,True,,,,,2025-01-03,5.5242,trailing_stop,explicit_replay,303.46784443321394,-16.059437261628318,-4.8838,5.0,False,0.0,,,,-0.048838184683540065,0.26224131043721827,2025-01-02,0.5776267250337399,0.9619289340101523,0.6582984867152907,-0.08067176168155077,Q4,Q4,Q4
exit_closed,2025-01-10,,,,,,,,,,,,,,,CPRI,buy,Unknown,17.999999999,20.67050744575937,,,,,,,3038.9561250978286,,,,,,,2025-01-02,2025-01-03,1.0,ml_p_side,1.0,1.0,ml_first,ML-ranked candidate,0.0,ACCEPTED,OK,0.092745,370.98,18.0,17.999999999,20.65,transitioned,2025-01-03,2025-01-06,23.29,17.89,0.07,20.65,multiple_r,2025-01-10,23.29,take_profit,take_profit,True,,,,,2025-01-03,23.29,take_profit,explicit_replay,418.82907268640906,46.64831794321009,12.6726,7.0,False,0.0,,,,0.12672608841918054,0.7944306987883911,2025-01-02,0.6084997905924401,1.0,0.5876150210418243,0.0208847695506158,Q5,Q5,Q3
exit_closed,2025-01-10,,,,,,,,,,,,,,,MD,buy,Unknown,30.0,13.046446402439026,,,,,,,3411.695830517129,,,,,,,2025-01-02,2025-01-03,0.9949238578680204,ml_p_side,3.0,3.0,ml_first,ML-ranked candidate,0.0,ACCEPTED,OK,0.0977249999999999,390.9,30.0,30.0,13.03,transitioned,2025-01-03,2025-01-06,14.72,11.41,0.07,13.03,multiple_r,2025-01-10,12.4434,trailing_stop,trailing_stop,True,,,,,2025-01-03,12.4434,trailing_stop,explicit_replay,372.7397054193004,-18.771104671492367,-4.6223,7.0,False,0.0,,,,-0.046223039120161236,0.4675561149825787,2025-01-02,0.5439396739507484,0.9822335025380711,0.5877558370228552,-0.043816163072106784,Q5,Q4,Q3
exit_closed,2025-01-10,,,,,,,,,,,,,,,MUR,sell,Unknown,16.0,30.944476102106968,,,,,,,2874.2463274998668,,,,,,,2025-01-02,2025-01-03,0.9949238578680204,ml_p_side,4.0,2.0,ml_first,ML-ranked candidate,0.0,ACCEPTED,OK,0.12384,495.36,16.0,16.0,30.97,transitioned,2025-01-03,2025-01-06,27.48,34.0,0.0978999999999999,30.97,multiple_r,2025-01-10,33.562803,trailing_stop,trailing_stop,True,,,,,2025-01-03,33.562803,trailing_stop,explicit_replay,-537.4082437157928,-42.48641886884085,-7.8013,7.0,False,0.0,,,,-0.08461370905919963,0.8730068279694377,2025-01-02,0.35143271785602165,0.01015228426395939,0.526664300147132,-0.1752315822911103,Q2,Q3,Q3
exit_closed,2025-01-13,,,,,,,,,,,,,,,GEO,buy,Unknown,10.0,28.563658307900983,,,,,,,3053.894578514168,,,,,,,2025-01-02,2025-01-03,0.9847715736040608,ml_p_side,8.0,7.0,ml_first,ML-ranked candidate,0.0,ACCEPTED,OK,0.070725,282.9,10.0,10.0,28.3,transitioned,2025-01-03,2025-01-06,31.97,23.65,0.07,28.3,multiple_r,2025-01-13,29.5461,trailing_stop,trailing_stop,True,,,,,2025-01-03,29.5461,trailing_stop,explicit_replay,295.17975348617995,9.45747943224643,3.4395,10.0,False,0.0,,,,0.03439481321015747,1.4039023736859957,2025-01-02,0.5931165217620932,0.9644670050761421,0.732153988292067,-0.13903746652997384,Q3,Q4,Q5
exit_closed,2025-01-13,,,,,,,,,,,,,,,SMCI,buy,Unknown,5.0,32.324225,,,,,,,3212.244812952875,,,,,,,2025-01-08,2025-01-10,1.0,ml_p_side,1.0,1.0,ml_first,ML-ranked candidate,0.0,ACCEPTED,OK,0.0407625,163.05,5.0,5.0,32.3,transitioned,2025-01-10,2025-01-13,36.85,22.73,0.07,32.3,multiple_r,2025-01-13,31.68975,trailing_stop,trailing_stop,True,,,,,2025-01-10,31.68975,trailing_stop,explicit_replay,158.35023443870656,-3.319376898793422,-1.9628,3.0,False,0.0,,,,-0.01962846750386127,2.7412071428571423,2025-01-08,0.6099913295229435,0.9974619289340102,0.762699503399823,-0.1527081738768794,Q2,Q5,Q5
exit_closed,2025-01-16,,,,,,,,,,,,,,,PAGP,sell,Unknown,32.0,20.164891347923405,,,,,,,2097.853954896067,,,,,,,2025-01-10,2025-01-13,0.9974619289340102,ml_p_side,3.0,1.0,ml_first,ML-ranked candidate,0.0,ACCEPTED,OK,0.16008,640.32,32.0,32.0,20.18,transitioned,2025-01-13,2025-01-14,18.23,21.56,0.0686,20.18,multiple_r,2025-01-16,21.355971,trailing_stop,trailing_stop,True,,,,,2025-01-13,21.355971,trailing_stop,explicit_replay,-683.7551284354003,-38.69523384890329,-5.5773,3.0,False,0.0,,,,-0.059067000735377295,0.39860247202188404,2025-01-10,0.3076283021048977,0.0025380710659898475,0.2184714489697307,0.08915685313516702,Q5,Q2,Q1
exit_closed,2025-01-22,,,,,,,,,,,,,,,CSTM,buy,Unknown,37.0,10.304935675547098,,,,,,,2248.2975087738982,,,,,,,2025-01-02,2025-01-03,0.9923857868020304,ml_p_side,5.0,4.0,ml_first,ML-ranked candidate,0.0,ACCEPTED,OK,0.0951824999999999,380.73,37.0,37.0,10.29,transitioned,2025-01-03,2025-01-06,11.63,8.94,0.07,10.29,multiple_r,2025-01-22,10.332299999999998,trailing_stop,trailing_stop,True,,,,,2025-01-03,10.332299999999998,trailing_stop,explicit_replay,381.6260928136442,0.2290880324030695,0.2655,19.0,False,0.0,,,,0.0026554580556803487,0.3899816215848852,2025-01-02,0.5790763062817627,0.9923857868020305,0.645568887992914,-0.06649258171115136,Q4,Q4,Q4
exit_closed,2025-01-23,,,,,,,,,,,,,,,RVLV,buy,Unknown,7.0,29.159470338563874,,,,,,,2158.1013661658703,,,,,,,2025-01-10,2025-01-13,0.9949238578680204,ml_p_side,4.0,3.0,ml_first,ML-ranked candidate,0.0,ACCEPTED,OK,0.051275,205.1,7.0,7.0,29.13,transitioned,2025-01-13,2025-01-14,33.11,23.04,0.07,29.13,multiple_r,2025-01-23,33.11,take_profit,take_profit,True,,,,,2025-01-13,33.11,take_profit,explicit_replay,231.6425265,27.46499924234189,13.548,10.0,False,0.0,,,,0.135480158437977,1.7484200967325358,2025-01-10,0.6291642264683789,0.9593908629441624,0.6959575079209752,-0.06679328145259633,Q4,Q5,Q5
exit_closed,2025-01-23,,,,,,,,,,,,,,,ALKS,buy,Unknown,20.0,27.81350171902577,,,,,,,2775.424198107297,,,,,,,2025-01-10,2025-01-13,0.9923857868020304,ml_p_side,5.0,4.0,ml_first,ML-ranked candidate,0.0,ACCEPTED,OK,0.1403999999999999,561.5999999999999,20.0,20.0,27.78,transitioned,2025-01-13,2025-01-14,30.89,25.62,0.07,27.78,multiple_r,2025-01-23,30.89,take_profit,take_profit,True,,,,,2025-01-13,30.89,take_profit,explicit_replay,617.3228319414264,60.8859165505969,11.0612,10.0,False,0.0,,,,0.11061168464342486,0.6267147768645052,2025-01-10,0.3191373744912049,0.9543147208121827,0.29231608545088766,0.02682128904031722,Q5,Q2,Q1
exit_closed,2025-01-24,,,,,,,,,,,,,,,FIGS,buy,Unknown,45.0,6.013362694300518,,,,,,,3203.8921248645065,,,,,,,2025-01-13,2025-01-14,0.9974619289340102,ml_p_side,2.0,2.0,ml_first,ML-ranked candidate,0.0,ACCEPTED,OK,0.06705,268.2,45.0,45.0,6.0,transitioned,2025-01-14,2025-01-15,6.73,4.87,0.07,6.0,multiple_r,2025-01-24,5.82645,trailing_stop,trailing_stop,True,,,,,2025-01-14,5.82645,trailing_stop,explicit_replay,261.6610942136598,-9.021407426236578,-3.1083,10.0,False,0.0,,,,-0.031082890522747708,0.32667505551443377,2025-01-13,0.6174019407718031,0.9873096446700508,0.7231347690081936,-0.10573282823639052,Q3,Q5,Q5
exit_closed,2025-01-27,,,,,,,,,,,,,,,SMCI,buy,Unknown,5.0,31.97644354521625,,,,,,,3872.927427589507,,,,,,,2025-01-13,2025-01-14,1.0,ml_p_side,1.0,1.0,ml_first,ML-ranked candidate,0.0,ACCEPTED,OK,0.0388499999999999,155.39999999999998,5.0,5.0,31.95,transitioned,2025-01-14,2025-01-15,35.12,21.7,0.07,31.95,multiple_r,2025-01-27,32.5314,trailing_stop,trailing_stop,True,,,,,2025-01-14,32.5314,trailing_stop,explicit_replay,162.56753864999996,2.6373562586008745,1.7355,13.0,False,0.0,,,,0.017355165029500963,2.9361267272046425,2025-01-13,0.6099913295229435,0.9974619289340102,0.7753794796654864,-0.16538815014254282,Q2,Q5,Q5
exit_closed,2025-01-27,,,,,,,,,,,,,,,NVCR,buy,Unknown,8.999999999,25.679245,,,,,,,4102.601093870535,,,,,,,2025-01-16,2025-01-17,0.9974619289340102,ml_p_side,2.0,2.0,ml_first,ML-ranked candidate,0.0,ACCEPTED,OK,0.058545,234.18,9.0,8.999999999,25.660000000000004,transitioned,2025-01-17,2025-01-21,29.4,20.82,0.07,25.66,multiple_r,2025-01-27,25.5471,trailing_stop,trailing_stop,True,,,,,2025-01-17,25.5471,trailing_stop,explicit_replay,229.67366628102775,-1.5088726547852789,-0.5146,10.0,False,0.0,,,,-0.005145984626884537,1.3883557142857146,2025-01-16,0.5877387286230354,0.9644670050761421,0.7084223464288564,-0.12068361780582093,Q3,Q4,Q5
exit_closed,2025-01-28,,,,,,,,,,,,,,,CXW,buy,Unknown,15.0,21.61109103480715,,,,,,,4723.756479803753,,,,,,,2025-01-23,2025-01-24,1.0,ml_p_side,1.0,1.0,ml_first,ML-ranked candidate,0.0,ACCEPTED,OK,0.0812249999999999,324.9,15.0,15.0,21.579999999999995,transitioned,2025-01-24,2025-01-27,24.48,18.41,0.07,21.58,multiple_r,2025-01-28,20.4135,trailing_stop,trailing_stop,True,,,,,2025-01-24,20.4135,trailing_stop,explicit_replay,305.9591288591044,-18.30448657265947,-5.5416,4.0,False,0.0,,,,-0.05541557494150995,0.9145974385163284,2025-01-23,0.5803796170700753,0.9974619289340102,0.7171858750535338,-0.13680625798345847,Q3,Q4,Q5
exit_closed,2025-02-03,,,,,,,,,,,,,,,ACM,buy,Unknown,7.0,106.207541734206,,,,,,,5168.01235839117,,,,,,,2025-01-02,2025-01-03,0.9873096446700508,ml_p_side,7.0,6.0,ml_first,ML-ranked candidate,0.0,ACCEPTED,OK,0.186025,744.1,7.0,7.0,106.12,transitioned,2025-01-03,2025-01-06,113.56,99.95,0.07,106.12,multiple_r,2025-02-03,104.0484,trailing_stop,trailing_stop,True,,,,,2025-01-03,104.0484,trailing_stop,explicit_replay,727.7695283734847,-15.906299603599107,-2.0329,31.0,False,0.0,,,,-0.02032945776684536,1.7878690669160002,2025-01-02,0.18032774975946647,0.9314720812182741,0.28395569183377506,-0.10362794207430859,Q4,Q1,Q1
exit_closed,2025-02-03,,,,,,,,,,,,,,,CLF,buy,Unknown,33.0,9.749762014063284,,,,,,,5497.661433988627,,,,,,,2025-01-22,2025-01-23,0.9974619289340102,ml_p_side,2.0,2.0,ml_first,ML-ranked candidate,0.0,ACCEPTED,OK,0.08019,320.76000000000005,33.0,33.0,9.739999999999998,transitioned,2025-01-23,2025-01-24,10.98,8.25,0.07,9.74,multiple_r,2025-02-03,9.9975,trailing_stop,trailing_stop,True,,,,,2025-01-23,9.9975,trailing_stop,explicit_replay,329.6490755974576,7.810406489430022,2.541,11.0,False,0.0,,,,0.025409644417922594,0.4285034325895098,2025-01-22,0.5975801928997276,0.9949238578680203,0.7015412821041691,-0.10396108920444147,Q3,Q4,Q5
exit_closed,2025-02-03,,,,,,,,,,,,,,,FIGS,buy,Unknown,49.0,5.76280591537133,,,,,,,5765.248797749041,,,,,,,2025-01-27,2025-01-28,0.9949367088607596,ml_p_side,3.0,3.0,ml_first,ML-ranked candidate,0.0,ACCEPTED,OK,0.07007,280.28,49.0,49.0,5.75,transitioned,2025-01-28,2025-01-29,6.46,4.71,0.07,5.75,multiple_r,2025-02-03,5.4777,trailing_stop,trailing_stop,True,,,,,2025-01-28,5.4777,trailing_stop,explicit_replay,267.5873637604132,-14.874839339737887,-4.9473,6.0,False,0.0,,,,-0.049473454348142765,0.3008016901060943,2025-01-27,0.6199953936834858,0.9898734177215189,0.7005145519827554,-0.08051915829926959,Q4,Q5,Q5
exit_closed,2025-02-04,,,,,,,,,,,,,,,CXW,buy,Unknown,14.0,20.24490151426481,,,,,,,5930.365764960565,,,,,,,2025-01-28,2025-01-29,0.9974683544303796,ml_p_side,1.0,2.0,ml_first,ML-ranked candidate,0.0,ACCEPTED,OK,0.07077,283.08,14.0,14.0,20.22,transitioned,2025-01-29,2025-01-30,22.85,16.77,0.07,20.22,multiple_r,2025-02-04,19.6602,trailing_stop,trailing_stop,True,,,,,2025-01-29,19.6602,trailing_stop,explicit_replay,274.94149116,-8.572158626067278,-2.8881,6.0,False,0.0,,,,-0.02888142053211884,0.9928290040756603,2025-01-28,0.5803796170700753,0.9924050632911392,0.7113533652422268,-0.13097374817215146,Q3,Q4,Q5
exit_closed,2025-02-05,,,,,,,,,,,,,,,MOS,sell,Unknown,17.0,28.895165489371127,,,,,,,5443.185545376082,,,,,,,2025-01-23,2025-01-24,0.9974619289340102,ml_p_side,2.0,1.0,ml_first,ML-ranked candidate,0.0,ACCEPTED,OK,0.1224,489.6,17.0,17.0,28.925,transitioned,2025-01-24,2025-01-27,25.54,31.66,0.0944,28.92,multiple_r,2025-02-05,28.629504,trailing_stop,trailing_stop,True,,,,,2025-01-24,28.629504,trailing_stop,explicit_replay,-487.11004561115135,3.8902283908307353,0.9279,12.0,False,0.0,,,,0.009193977084811955,0.7899527173225351,2025-01-23,0.42219478184965215,0.02284263959390863,0.5332407573120747,-0.11104597546242251,Q3,Q3,Q3
exit_closed,2025-02-07,,,,,,,,,,,,,,,ENPH,buy,Unknown,4.0,65.38238726415095,,,,,,,5252.856290074489,,,,,,,2025-02-03,2025-02-04,0.9949367088607596,ml_p_side,3.0,3.0,ml_first,ML-ranked candidate,0.0,ACCEPTED,OK,0.06391,255.64,4.0,4.0,65.33,transitioned,2025-02-04,2025-02-05,72.22,52.32,0.07,65.33,multiple_r,2025-02-07,64.542,trailing_stop,trailing_stop,True,,,,,2025-02-04,64.542,trailing_stop,explicit_replay,258.0499060231738,-3.558101898147015,-1.2853,3.0,False,0.0,,,,-0.012853419694752066,3.732110646900271,2025-02-03,0.600141891619585,0.9974683544303797,0.7159931693641273,-0.11585127774454229,Q3,Q5,Q5
exit_closed,2025-02-07,,,,,,,,,,,,,,,SMCI,buy,Unknown,6.0,31.995437986398574,,,,,,,5465.334902496004,,,,,,,2025-02-05,2025-02-06,1.0,ml_p_side,1.0,1.0,ml_first,ML-ranked candidate,0.0,ACCEPTED,OK,0.047235,188.94,6.0,6.0,31.97,transitioned,2025-02-06,2025-02-07,35.58,23.39,0.07,31.97,multiple_r,2025-02-07,35.58,take_profit,take_profit,True,,,,,2025-02-06,35.58,take_profit,explicit_replay,212.4786124215148,20.44839271474785,11.2034,1.0,False,0.0,,,,0.112033534753462,2.4586965675424497,2025-02-05,0.6154996718635745,1.0,0.7923327500012225,-0.17683307813764804,Q2,Q5,Q5
exit_closed,2025-02-10,,,,,,,,,,,,,,,FIGS,buy,Unknown,55.0,5.467671176470589,,,,,,,5360.847160353592,,,,,,,2025-02-03,2025-02-04,0.9924050632911392,ml_p_side,4.0,4.0,ml_first,ML-ranked candidate,0.0,ACCEPTED,OK,0.0748,299.20000000000005,55.0,55.0,5.46,transitioned,2025-02-04,2025-02-05,6.15,4.53,0.07,5.46,multiple_r,2025-02-10,5.2545,trailing_stop,trailing_stop,True,,,,,2025-02-04,5.2545,trailing_stop,explicit_replay,288.3571656925287,-12.454965587765455,-3.8988,6.0,False,0.0,,,,-0.038987563368467315,0.26790605042016835,2025-02-03,0.612098897915912,0.9873417721518988,0.7285529628364664,-0.11645406492055443,Q3,Q5,Q5
exit_closed,2025-02-12,,,,,,,,,,,,,,,BAX,sell,Unknown,17.999999999,33.21321175282961,,,,,,,3982.73539979716,,,,,,,2025-01-27,2025-01-28,0.9924050632911392,ml_p_side,4.0,3.0,ml_first,ML-ranked candidate,0.0,ACCEPTED,OK,0.1505699999999999,602.28,18.0,17.999999999,33.24,transitioned,2025-01-28,2025-01-29,30.43,36.11,0.0863,33.24,multiple_r,2025-02-12,30.43,take_profit,take_profit,True,,,,,2025-01-28,30.43,take_profit,explicit_replay,-548.0852734066173,49.46643001559041,9.1463,15.0,False,0.0,,,,0.08379833222821309,0.8276537849058262,2025-01-27,0.16471196112244788,0.005063291139240506,0.2680735048013261,-0.1033615436788782,Q4,Q1,Q1
exit_closed,2025-02-20,,,,,,,,,,,,,,,GTM,buy,Unknown,39.0,10.069925377128952,,,,,,,4100.056576744695,,,,,,,2025-02-07,2025-02-10,0.9974683544303796,ml_p_side,2.0,2.0,ml_first,ML-ranked candidate,0.0,ACCEPTED,OK,0.0975,390.0,39.0,39.0,10.06,transitioned,2025-02-10,2025-02-11,11.3,8.72,0.07,10.06,multiple_r,2025-02-20,9.8952,trailing_stop,trailing_stop,True,,,,,2025-02-10,9.8952,trailing_stop,explicit_replay,385.6018249460394,-7.243082888902165,-1.7351,10.0,False,0.0,,,,-0.017351208731475887,0.385692964893986,2025-02-07,0.545975710624057,0.9924050632911392,0.678312924111916,-0.13233721348785898,Q3,Q4,Q5
exit_closed,2025-02-21,,,,,,,,,,,,,,,CPRI,buy,Unknown,12.0,21.356005,,,,,,,3779.963286635834,,,,,,,2025-02-06,2025-02-07,1.0,ml_p_side,1.0,1.0,ml_first,ML-ranked candidate,0.0,ACCEPTED,OK,0.06414,256.56,12.0,12.0,21.340000000000003,transitioned,2025-02-07,2025-02-10,24.16,17.49,0.07,21.34,multiple_r,2025-02-21,21.726846,trailing_stop,trailing_stop,True,,,,,2025-02-07,21.726846,trailing_stop,explicit_replay,260.5215305882028,4.17258897020281,1.7365,14.0,False,0.0,,,,0.017364717792489603,1.1045728571428575,2025-02-06,0.5753416493158839,0.9974683544303797,0.6691923843591653,-0.09385073504328134,Q4,Q4,Q4
exit_closed,2025-02-24,,,,,,,,,,,,,,,NVCR,buy,Unknown,12.0,21.27564946028753,,,,,,,4647.436008499259,,,,,,,2025-02-10,2025-02-11,1.0,ml_p_side,1.0,1.0,ml_first,ML-ranked candidate,0.0,ACCEPTED,OK,0.06495,259.79999999999995,12.0,12.0,21.24,transitioned,2025-02-11,2025-02-12,24.46,17.55,0.07,21.24,multiple_r,2025-02-24,21.3435,trailing_stop,trailing_stop,True,,,,,2025-02-11,21.3435,trailing_stop,explicit_replay,255.8642436919708,0.479857830463402,0.3189,13.0,False,0.0,,,,0.0031891172036424553,1.064471274367865,2025-02-10,0.6083060469311992,0.9746835443037974,0.6474817333359005,-0.03917568640470137,Q5,Q5,Q4
exit_closed,2025-02-24,,,,,,,,,,,,,,,DOCU,buy,Unknown,3.0,89.40006264737406,,,,,,,4896.881895139224,,,,,,,2025-02-12,2025-02-13,1.0,ml_p_side,1.0,1.0,ml_first,ML-ranked candidate,0.0,ACCEPTED,OK,0.0662175,264.87,3.0,3.0,89.3,transitioned,2025-02-13,2025-02-14,99.77,75.24,0.07,89.3,multiple_r,2025-02-24,83.18849999999999,trailing_stop,trailing_stop,True,,,,,2025-02-13,83.18849999999999,trailing_stop,explicit_replay,249.44588663996592,-18.834761358538916,-6.9481,11.0,False,0.0,,,,-0.06948051783671227,4.0457321849640175,2025-02-12,0.5855274934637161,0.9949367088607595,0.6101418642111749,-0.024614370747458758,Q5,Q4,Q4
exit_closed,2025-02-25,,,,,,,,,,,,,,,MIDD,sell,Unknown,3.0,168.87324999999998,,,,,,,4592.576434590409,,,,,,,2025-01-24,2025-01-27,0.9974619289340102,ml_p_side,2.0,1.0,ml_first,ML-ranked candidate,0.0,ACCEPTED,OK,0.12729,509.16,3.0,3.0,169.0,transitioned,2025-01-27,2025-01-28,154.17,183.33,0.0848,169.0,multiple_r,2025-02-25,174.305664,trailing_stop,trailing_stop,True,,,,,2025-01-27,174.305664,trailing_stop,explicit_replay,-524.0165053703622,-17.72364573286222,-3.1166,29.0,False,0.0,,,,-0.03216858797944622,4.130500000000008,2025-01-24,0.2944837922347059,0.0025380710659898475,0.5116687221062861,-0.21718492987158022,Q1,Q2,Q2
exit_closed,2025-02-25,,,,,,,,,,,,,,,BAX,sell,Unknown,17.999999999,33.98844532278752,,,,,,,3945.1011696947016,,,,,,,2025-02-21,2025-02-24,0.9974683544303796,ml_p_side,2.0,1.0,ml_first,ML-ranked candidate,0.0,ACCEPTED,OK,0.15219,608.76,18.0,17.999999999,34.02,transitioned,2025-02-24,2025-02-25,30.68,36.57,0.0749,34.02,multiple_r,2025-02-25,35.944655999999995,trailing_stop,trailing_stop,True,,,,,2025-02-24,35.944655999999995,trailing_stop,explicit_replay,-647.4679816574243,-35.86678672425326,-5.4423,1.0,False,0.0,,,,-0.05755516789998438,0.7375870506321373,2025-02-21,0.17370880309911363,0.020253164556962026,0.35566441633402945,-0.18195561323491583,Q2,Q1,Q1
exit_closed,2025-02-28,,,,,,,,,,,,,,,FIGS,buy,Unknown,65.0,5.502690652173913,,,,,,,5251.347370791791,,,,,,,2025-02-24,2025-02-25,0.9974683544303796,ml_p_side,3.0,2.0,ml_first,ML-ranked candidate,0.0,ACCEPTED,OK,0.0882375,352.95,65.0,65.0,5.49,transitioned,2025-02-25,2025-02-26,6.14,4.66,0.07,5.49,multiple_r,2025-02-28,5.3103,trailing_stop,trailing_stop,True,,,,,2025-02-25,5.3103,trailing_stop,explicit_replay,344.31065483927784,-13.47154001974394,-3.4963,3.0,False,0.0,,,,-0.03496301433879567,0.24076875776397522,2025-02-24,0.5352494582019512,1.0,0.6466858887742573,-0.11143643057230601,Q3,Q4,Q4
exit_closed,2025-03-03,,,,,,,,,,,,,,,CHRD,sell,Unknown,4.0,119.38073634799868,,,,,,,4587.872520488124,,,,,,,2025-01-02,2025-01-03,0.9974619289340102,ml_p_side,2.0,1.0,ml_first,ML-ranked candidate,0.0,ACCEPTED,OK,0.11889,475.56,4.0,4.0,119.48,transitioned,2025-01-03,2025-01-06,105.98,130.19,0.0896,119.48,multiple_r,2025-03-03,105.98,take_profit,take_profit,True,,,,,2025-01-03,105.98,take_profit,explicit_replay,-424.4463849650626,52.59790052214635,12.6446,59.0,False,0.0,,,,0.11225208319150504,3.088361043428949,2025-01-02,0.2615001957555796,0.0025380710659898475,0.30552148497329157,-0.04402128921771198,Q5,Q1,Q1
exit_closed,2025-03-03,,,,,,,,,,,,,,,OSK,sell,Unknown,4.0,113.18285867088608,,,,,,,4187.45921006782,,,,,,,2025-02-03,2025-02-04,0.9974683544303796,ml_p_side,2.0,1.0,ml_first,ML-ranked candidate,0.0,ACCEPTED,OK,0.1128499999999999,451.4,4.0,4.0,113.26999999999998,transitioned,2025-02-04,2025-02-05,99.96,124.13,0.0959,113.27,multiple_r,2025-03-03,99.96,take_profit,take_profit,True,,,,,2025-02-04,99.96,take_profit,explicit_replay,-400.26778960201193,52.1823048328362,13.2281,27.0,False,0.0,,,,0.11682739618139182,3.1277546654611195,2025-02-03,0.27826618374143364,0.005063291139240506,0.45446603691178755,-0.17619985317035392,Q2,Q2,Q2
exit_closed,2025-03-04,,,,,,,,,,,,,,,KVYO,buy,Unknown,6.0,39.77024597911228,,,,,,,4647.785354999686,,,,,,,2025-02-28,2025-03-03,1.0,ml_p_side,1.0,1.0,ml_first,ML-ranked candidate,0.0,ACCEPTED,OK,0.05898,235.92,6.0,6.0,39.74,transitioned,2025-03-03,2025-03-04,44.43,31.4,0.07,39.74,multiple_r,2025-03-04,37.2,trailing_stop,trailing_stop,True,,,,,2025-03-03,37.2,trailing_stop,explicit_replay,222.9852058497814,-15.707856467654636,-6.4627,1.0,False,0.0,,,,-0.06462735936967046,2.391498851174938,2025-02-28,0.5196441167769198,0.9392405063291139,0.5660350336425245,-0.0463909168656047,Q5,Q4,Q3
exit_closed,2025-03-06,,,,,,,,,,,,,,,ASAN,buy,Unknown,11.0,18.013819277108432,,,,,,,4512.882821066437,,,,,,,2025-03-03,2025-03-04,1.0,ml_p_side,1.0,1.0,ml_first,ML-ranked candidate,0.0,ACCEPTED,OK,0.05104,204.16,11.0,11.0,18.0,transitioned,2025-03-04,2025-03-05,20.97,14.03,0.07,18.0,multiple_r,2025-03-06,17.8374,trailing_stop,trailing_stop,True,,,,,2025-03-04,17.8374,trailing_stop,explicit_replay,196.0423054564045,-2.169152195402688,-0.9794,2.0,False,0.0,,,,-0.00979355207213739,1.138234079173838,2025-03-03,0.6209001804862175,0.9493670886075949,0.7266600076762674,-0.10575982719004984,Q3,Q5,Q5
exit_closed,2025-03-07,,,,,,,,,,,,,,,CPB,sell,Unknown,14.0,41.27439261193134,,,,,,,3761.4511489509096,,,,,,,2025-02-24,2025-02-25,0.9974683544303796,ml_p_side,2.0,1.0,ml_first,ML-ranked candidate,0.0,ACCEPTED,OK,0.144655,578.62,14.0,14.0,41.3,transitioned,2025-02-25,2025-02-26,37.48,44.7,0.0822,41.3,multiple_r,2025-03-07,41.199354,trailing_stop,trailing_stop,True,,,,,2025-02-25,41.199354,trailing_stop,explicit_replay,-577.0329132241881,0.5664402395274839,0.1821,10.0,False,0.0,,,,0.0018180427907653618,0.978744968019618,2025-02-24,0.19358034685071565,0.053164556962025315,0.316184953631726,-0.12260460678101034,Q3,Q1,Q1
exit_closed,2025-03-07,,,,,,,,,,,,,,,PII,buy,Unknown,8.0,41.35569821424238,,,,,,,4131.007780950909,,,,,,,2025-03-04,2025-03-05,1.0,ml_p_side,1.0,1.0,ml_first,ML-ranked candidate,0.0,ACCEPTED,OK,0.0818,327.2,8.0,8.0,41.32,transitioned,2025-03-05,2025-03-06,46.22,34.92,0.07,41.32,multiple_r,2025-03-07,46.22,take_profit,take_profit,True,,,,,2025-03-05,46.22,take_profit,explicit_replay,369.556632,38.611792610346754,11.7621,2.0,False,0.0,,,,0.11762107752499307,1.8387709183549654,2025-03-04,0.45755779397229984,0.9974683544303797,0.5073198260231208,-0.049762032050820915,Q5,Q3,Q2
exit_closed,2025-03-10,,,,,,,,,,,,,,,HALO,buy,Unknown,10.0,58.044068849051705,,,,,,,4917.383769628329,,,,,,,2025-02-20,2025-02-21,1.0,ml_p_side,1.0,1.0,ml_first,ML-ranked candidate,0.0,ACCEPTED,OK,0.1436,574.4,10.0,10.0,58.0,transitioned,2025-02-21,2025-02-24,63.06,52.52,0.07,58.0,multiple_r,2025-03-10,63.06,take_profit,take_profit,True,,,,,2025-02-21,63.06,take_profit,explicit_replay,630.2569024993899,49.642081802325606,8.6416,17.0,False,0.0,,,,0.08641591208901356,1.5783053854433433,2025-02-20,0.4073514474265507,1.0,0.4080641771031643,-0.000712729676613566,Q5,Q3,Q2
exit_closed,2025-03-10,,,,,,,,,,,,,,,BAX,sell,Unknown,16.0,35.91693285065948,,,,,,,4328.112377814841,,,,,,,2025-02-25,2025-02-26,0.9974683544303796,ml_p_side,2.0,1.0,ml_first,ML-ranked candidate,0.0,ACCEPTED,OK,0.14376,575.04,16.0,16.0,35.94,transitioned,2025-02-26,2025-02-27,32.56,38.9,0.0823,35.94,multiple_r,2025-03-10,36.7982,trailing_stop,trailing_stop,True,,,,,2025-02-26,36.7982,trailing_stop,explicit_replay,-589.189295966972,-14.772867480619292,-2.3949,12.0,False,0.0,,,,-0.024536258510847286,0.8523048998115773,2025-02-25,0.19176232891125972,0.020253164556962026,0.40149167462242485,-0.20972934571116514,Q1,Q1,Q1
exit_closed,2025-03-10,,,,,,,,,,,,,,,ASAN,buy,Unknown,10.0,17.427768493150683,,,,,,,4499.213164404545,,,,,,,2025-03-06,2025-03-07,1.0,ml_p_side,1.0,1.0,ml_first,ML-ranked candidate,0.0,ACCEPTED,OK,0.04445,177.8,10.0,10.0,17.4,transitioned,2025-03-07,2025-03-10,20.09,13.09,0.07,17.4,multiple_r,2025-03-10,17.1306,trailing_stop,trailing_stop,True,,,,,2025-03-07,17.1306,trailing_stop,explicit_replay,171.1007865897037,-3.229181647282587,-1.7051,3.0,False,0.0,,,,-0.01705143680715482,1.239362426614481,2025-03-06,0.6125244689376195,0.9822784810126582,0.7320415287987933,-0.11951705986117378,Q3,Q5,Q5
exit_closed,2025-03-11,,,,,,,,,,,,,,,ASH,sell,Unknown,6.0,64.59221465188612,,,,,,,4696.221427258205,,,,,,,2025-02-25,2025-02-26,0.9949367088607596,ml_p_side,4.0,2.0,ml_first,ML-ranked candidate,0.0,ACCEPTED,OK,0.096705,386.82,6.0,6.0,64.64,transitioned,2025-02-26,2025-02-27,56.09,71.93,0.1128,64.64,multiple_r,2025-03-11,56.09,take_profit,take_profit,True,,,,,2025-02-26,56.09,take_profit,explicit_replay,-336.7584689832403,50.618574456669165,15.1582,13.0,False,0.0,,,,0.13162909334674522,2.0965100994611094,2025-02-25,0.2854505820013286,0.017721518987341773,0.5885151635077691,-0.3030645815064405,Q1,Q2,Q3
exit_closed,2025-03-13,,,,,,,,,,,,,,,BILL,buy,Unknown,5.0,43.43122245274528,,,,,,,4574.144927367156,,,,,,,2025-03-10,2025-03-11,1.0,ml_p_side,1.0,1.0,ml_first,ML-ranked candidate,0.0,ACCEPTED,OK,0.0544875,217.95,5.0,5.0,43.39,transitioned,2025-03-11,2025-03-12,49.26,33.64,0.07,43.39,multiple_r,2025-03-13,43.0776,trailing_stop,trailing_stop,True,,,,,2025-03-11,43.0776,trailing_stop,explicit_replay,215.27448734574344,-1.9467717516620555,-0.8142,2.0,False,0.0,,,,-0.008142125244806064,2.7974921293557946,2025-03-10,0.6314208695570789,0.9974683544303797,0.6377235810747678,-0.006302711517688908,Q5,Q5,Q4
exit_closed,2025-03-19,,,,,,,,,,,,,,,GEO,buy,Unknown,8.0,23.43191878708551,,,,,,,4565.028686577911,,,,,,,2025-03-07,2025-03-10,1.0,ml_p_side,1.0,1.0,ml_first,ML-ranked candidate,0.0,ACCEPTED,OK,0.04802,192.08,8.0,8.0,23.41,transitioned,2025-03-10,2025-03-11,27.13,17.84,0.07,23.41,multiple_r,2025-03-19,27.13,take_profit,take_profit,True,,,,,2025-03-10,27.13,take_profit,explicit_replay,216.8207949932552,29.30920809148213,15.7822,9.0,False,0.0,,,,0.15782238093760736,1.5976910820244317,2025-03-07,0.6011749822594661,0.9848101265822785,0.6119098609617932,-0.010734878702327144,Q5,Q5,Q4
exit_closed,2025-03-24,,,,,,,,,,,,,,,BILL,buy,Unknown,5.0,45.173855,,,,,,,4341.417087384088,,,,,,,2025-03-13,2025-03-14,1.0,ml_p_side,1.0,1.0,ml_first,ML-ranked candidate,0.0,ACCEPTED,OK,0.0550375,220.15,5.0,5.0,45.14,transitioned,2025-03-14,2025-03-17,49.75,34.51,0.07,45.14,multiple_r,2025-03-24,49.75,take_profit,take_profit,True,,,,,2025-03-14,49.75,take_profit,explicit_replay,248.6131875,22.676151717499977,10.1301,10.0,False,0.0,,,,0.10130074132482147,3.046815714285716,2025-03-13,0.6219959167861339,0.9873417721518988,0.6200969742008966,0.0018989425852372621,Q5,Q5,Q4
exit_closed,2025-04-03,,,,,,,,,,,,,,,LBTYA,buy,Unknown,52.0,11.04544299279928,,,,,,,4602.561032521348,,,,,,,2025-02-10,2025-02-11,0.9974683544303796,ml_p_side,2.0,2.0,ml_first,ML-ranked candidate,0.0,ACCEPTED,OK,0.14417,576.68,52.0,52.0,11.03,transitioned,2025-02-11,2025-02-12,12.19,10.13,0.07,11.03,multiple_r,2025-04-03,11.22045,trailing_stop,trailing_stop,True,,,,,2025-02-11,11.22045,trailing_stop,explicit_replay,583.0235115020155,8.488166965765231,1.5844,51.0,False,0.0,,,,0.015844272367781853,0.2615551407997942,2025-02-10,0.3370253701106584,0.9443037974683545,0.3239300311181878,0.013095338992470618,Q5,Q2,Q1
exit_closed,2025-04-03,,,,,,,,,,,,,,,AGCO,sell,Unknown,3.0,102.60716787816844,,,,,,,4334.39335734763,,,,,,,2025-03-10,2025-03-11,0.9949367088607596,ml_p_side,3.0,2.0,ml_first,ML-ranked candidate,0.0,ACCEPTED,OK,0.076965,307.86,3.0,3.0,102.69,transitioned,2025-03-11,2025-03-12,89.28,115.94,0.129,102.69,multiple_r,2025-04-03,89.28,take_profit,take_profit,True,,,,,2025-03-11,89.28,take_profit,explicit_replay,-268.08339071439013,39.56148200969631,14.9274,23.0,False,0.0,,,,0.1298853496667267,3.809380606237588,2025-03-10,0.2974876714062471,0.010126582278481013,0.48633288724286233,-0.18884521583661523,Q2,Q2,Q2
exit_closed,2025-04-03,,,,,,,,,,,,,,,MANH,buy,Unknown,2.0,168.62490614655223,,,,,,,4668.853028523554,,,,,,,2025-03-11,2025-03-12,0.9974683544303796,ml_p_side,3.0,2.0,ml_first,ML-ranked candidate,0.0,ACCEPTED,OK,0.08376,335.04,2.0,2.0,168.48,transitioned,2025-03-12,2025-03-13,189.3,147.14,0.07,168.48,multiple_r,2025-04-03,167.3628,trailing_stop,trailing_stop,True,,,,,2025-03-12,167.3628,trailing_stop,explicit_replay,334.4596711759244,-2.8913160608680077,-0.7485,22.0,False,0.0,,,,-0.007484695917074902,6.138544613300643,2025-03-11,0.37624871154177386,0.9898734177215189,0.47029147541656313,-0.09404276387478927,Q4,Q3,Q2
exit_closed,2025-04-03,,,,,,,,,,,,,,,FMC,buy,Unknown,11.0,42.91665106775452,,,,,,,5107.817446889268,,,,,,,2025-03-19,2025-03-20,1.0,ml_p_side,1.0,1.0,ml_first,ML-ranked candidate,0.0,ACCEPTED,OK,0.1188275,475.31,11.0,11.0,42.88,transitioned,2025-03-20,2025-03-21,48.33,38.73,0.07,42.88,multiple_r,2025-04-03,39.9435,trailing_stop,trailing_stop,True,,,,,2025-03-20,39.9435,trailing_stop,explicit_replay,438.9644183657138,-33.26036832810951,-6.9277,14.0,False,0.0,,,,-0.06927733161333272,1.1961860193584357,2025-03-19,0.4130078997601621,0.9949367088607595,0.6259951115752895,-0.21298721181512742,Q1,Q3,Q4
exit_closed,2025-04-03,,,,,,,,,,,,,,,SYNA,buy,Unknown,5.0,64.35660629106363,,,,,,,5413.749820635542,,,,,,,2025-03-24,2025-03-25,1.0,ml_p_side,1.0,1.0,ml_first,ML-ranked candidate,0.0,ACCEPTED,OK,0.0815625,326.25,5.0,5.0,64.29,transitioned,2025-03-25,2025-03-26,73.73,56.14,0.07,64.29,multiple_r,2025-04-03,61.26375,trailing_stop,trailing_stop,True,,,,,2025-03-25,61.26375,trailing_stop,explicit_replay,305.9323737462747,-15.94719261847996,-4.8058,9.0,False,0.0,,,,-0.04805810109183917,2.3476017974467505,2025-03-24,0.5002478275725009,0.9772151898734177,0.6427255126408946,-0.14247768506839376,Q2,Q3,Q4
exit_closed,2025-04-04,,,,,,,,,,,,,,,BJ,sell,Unknown,3.0,114.5779310725894,,,,,,,4749.20685491404,,,,,,,2025-03-07,2025-03-10,0.9974683544303796,ml_p_side,2.0,1.0,ml_first,ML-ranked candidate,0.0,ACCEPTED,OK,0.086625,346.5,3.0,3.0,114.68,transitioned,2025-03-10,2025-03-11,100.48,128.68,0.1221,114.68,multiple_r,2025-04-04,119.458766,trailing_stop,trailing_stop,True,,,,,2025-03-10,119.458766,trailing_stop,explicit_replay,-358.6234682473563,-15.095096891725436,-4.0858,25.0,False,0.0,,,,-0.04259838593453402,4.0291625506887465,2025-03-07,0.3101546106406178,0.002531645569620253,0.332911786347206,-0.022757175706588195,Q5,Q2,Q1
exit_closed,2025-04-07,,,,,,,,,,,,,,,PRGO,sell,Unknown,15.0,29.04554011095937,,,,,,,4094.368779327374,,,,,,,2025-03-03,2025-03-04,0.9974683544303796,ml_p_side,2.0,1.0,ml_first,ML-ranked candidate,0.0,ACCEPTED,OK,0.10875,435.0,15.0,15.0,29.07,transitioned,2025-03-04,2025-03-05,25.25,32.28,0.1104,29.07,multiple_r,2025-04-07,25.25,take_profit,take_profit,True,,,,,2025-03-04,25.25,take_profit,explicit_replay,-379.00890693325664,56.36714187853238,15.0318,34.0,False,0.0,,,,0.13067548740562918,0.9241313968687521,2025-03-03,0.29292118491274216,0.002531645569620253,0.39921059511920626,-0.1062894102064641,Q3,Q2,Q1
exit_closed,2025-04-07,,,,,,,,,,,,,,,ALHC,buy,Unknown,17.0,17.983851653325974,,,,,,,4392.920548853958,,,,,,,2025-04-03,2025-04-04,0.9974747474747476,ml_p_side,2.0,2.0,ml_first,ML-ranked candidate,0.0,ACCEPTED,OK,0.0786675,314.67,17.0,17.0,17.96,transitioned,2025-04-04,2025-04-07,20.92,15.7,0.07,17.96,multiple_r,2025-04-07,17.576999999999998,trailing_stop,trailing_stop,True,,,,,2025-04-04,17.576999999999998,trailing_stop,explicit_replay,298.5517695265844,-7.265426223389113,-2.2623,3.0,False,0.0,,,,-0.022623165558126268,0.6525290438074214,2025-04-03,0.5735548327194382,0.9545454545454546,0.6599649987480157,-0.08641016602857754,Q4,Q4,Q4
exit_closed,2025-04-08,,,,,,,,,,,,,,,FLYW,buy,Unknown,30.999999999,8.889359667590028,,,,,,,4960.046906065654,,,,,,,2025-04-04,2025-04-07,0.9949494949494948,ml_p_side,4.0,3.0,ml_first,ML-ranked candidate,0.0,ACCEPTED,OK,0.0705249999999999,282.1,31.0,30.999999999000003,8.879999999999999,transitioned,2025-04-07,2025-04-08,10.28,7.54,0.07,8.88,multiple_r,2025-04-08,8.751299999999999,trailing_stop,trailing_stop,True,,,,,2025-04-07,8.751299999999999,trailing_stop,explicit_replay,271.05218829120435,-4.600632440103084,-1.5531,1.0,False,0.0,,,,-0.015530890047500856,0.38553133359715097,2025-04-04,0.5532752717492382,1.0,0.5008390111237087,0.05243626062552953,Q5,Q4,Q2
exit_closed,2025-04-09,,,,,,,,,,,,,,,DV,buy,Unknown,24.0,11.73463245508982,,,,,,,4615.210905231028,,,,,,,2025-04-08,2025-04-09,0.9949494949494948,ml_p_side,5.0,4.0,ml_first,ML-ranked candidate,0.0,ACCEPTED,OK,0.07116,284.64,24.0,24.0,11.72,transitioned,2025-04-09,2025-04-10,13.4,9.81,0.07,11.72,multiple_r,2025-04-09,13.4,take_profit,take_profit,True,,,,,2025-04-09,13.4,take_profit,explicit_replay,321.2628014371258,39.54713316129352,14.1919,0.0,True,0.0,,,,0.14191902058149575,0.5498949871685197,2025-04-08,0.44840005403359406,1.0,0.5618382143802486,-0.11343816034665455,Q3,Q3,Q3
exit_closed,2025-04-09,,,,,,,,,,,,,,,CSTM,buy,Unknown,23.0,7.708202741661957,,,,,,,4815.1377604769295,,,,,,,2025-04-08,2025-04-09,0.9924242424242424,ml_p_side,7.0,5.0,ml_first,ML-ranked candidate,0.0,ACCEPTED,OK,0.044275,177.1,23.0,23.0,7.700000000000001,transitioned,2025-04-09,2025-04-10,8.7,5.58,0.07,7.7,multiple_r,2025-04-09,8.7,take_profit,take_profit,True,,,,,2025-04-09,8.7,take_profit,explicit_replay,199.92685524590163,22.585005588759174,12.8668,0.0,True,0.0,,,,0.12866777011163588,0.6080579261891305,2025-04-08,0.573471788521682,0.98989898989899,0.5685646902150864,0.004907098306595636,Q5,Q4,Q3
exit_closed,2025-04-10,,,,,,,,,,,,,,,ANIP,buy,Unknown,5.0,62.38078062523683,,,,,,,4672.49186494105,,,,,,,2025-04-08,2025-04-09,1.0,ml_p_side,1.0,1.0,ml_first,ML-ranked candidate,0.0,ACCEPTED,OK,0.0788125,315.25,5.0,5.0,62.260000000000005,transitioned,2025-04-09,2025-04-10,71.25,53.2,0.07,62.26,multiple_r,2025-04-10,62.76105,trailing_stop,trailing_stop,True,,,,,2025-04-09,62.76105,trailing_stop,explicit_replay,313.35005306333704,1.3525787662150606,0.6096,1.0,False,0.0,,,,0.006095938058994443,2.6230801786390936,2025-04-08,0.3562725395693692,1.0,0.56385007264658,-0.20757753307721083,Q1,Q3,Q3
exit_closed,2025-04-10,,,,,,,,,,,,,,,FLYW,buy,Unknown,30.0,8.719122378215655,,,,,,,4933.616878949655,,,,,,,2025-04-08,2025-04-09,1.0,ml_p_side,2.0,2.0,ml_first,ML-ranked candidate,0.0,ACCEPTED,OK,0.064875,259.5,30.0,30.0,8.710000000000003,transitioned,2025-04-09,2025-04-10,9.77,7.01,0.07,8.71,multiple_r,2025-04-10,8.7327,trailing_stop,trailing_stop,True,,,,,2025-04-09,8.7327,trailing_stop,explicit_replay,261.1250140086053,-0.5271294392682648,0.1557,1.0,False,0.0,,,,0.0015572234446745714,0.48832067949018715,2025-04-08,0.5532752717492382,0.9974747474747475,0.578276126043685,-0.02500085429444676,Q5,Q4,Q3
exit_closed,2025-04-11,,,,,,,,,,,,,,,COMP,buy,Unknown,25.0,7.844151300935204,,,,,,,5117.504630622087,,,,,,,2025-04-09,2025-04-10,0.9949494949494948,ml_p_side,4.0,3.0,ml_first,ML-ranked candidate,0.0,ACCEPTED,OK,0.0502499999999999,201.0,25.0,25.0,7.835,transitioned,2025-04-10,2025-04-11,9.09,6.1,0.07,7.83,multiple_r,2025-04-11,7.362623999999999,trailing_stop,trailing_stop,True,,,,,2025-04-10,7.362623999999999,trailing_stop,explicit_replay,183.8877516724317,-12.2748619857054,-6.1387,1.0,False,0.0,,,,-0.06138679411726744,0.4983289431243441,2025-04-09,0.5993235267133508,0.9772727272727273,0.6429173833541878,-0.043593856640837036,Q5,Q4,Q4
exit_closed,2025-04-14,,,,,,,,,,,,,,,ALHC,buy,Unknown,14.0,18.55395773704172,,,,,,,5379.189863872983,,,,,,,2025-04-09,2025-04-10,1.0,ml_p_side,1.0,1.0,ml_first,ML-ranked candidate,0.0,ACCEPTED,OK,0.06489,259.56,14.0,14.0,18.54,transitioned,2025-04-10,2025-04-11,20.95,15.06,0.07,18.54,multiple_r,2025-04-14,18.7023,trailing_stop,trailing_stop,True,,,,,2025-04-10,18.7023,trailing_stop,explicit_replay,261.6852332508962,1.8518983098165336,0.7995,4.0,False,0.0,,,,0.007995181678253305,0.9982736391547772,2025-04-09,0.5099895172247921,0.9343434343434344,0.6690588630173588,-0.1590693457925667,Q2,Q3,Q4
exit_closed,2025-04-16,,,,,,,,,,,,,,,GTM,buy,Unknown,22.0,8.023777503090235,,,,,,,5472.511624170156,,,,,,,2025-04-14,2025-04-15,0.98989898989899,ml_p_side,4.0,4.0,ml_first,ML-ranked candidate,0.0,ACCEPTED,OK,0.044,176.0,22.0,22.0,8.0,transitioned,2025-04-15,2025-04-16,9.04,5.81,0.07,8.0,multiple_r,2025-04-16,7.83525,trailing_stop,trailing_stop,True,,,,,2025-04-15,7.83525,trailing_stop,explicit_replay,171.99997614148404,-4.576085858021514,-2.3496,1.0,False,0.0,,,,-0.023496103053409212,0.6325078580257816,2025-04-14,0.5495944659606502,0.9191919191919192,0.6666786863156253,-0.11708422035497512,Q3,Q4,Q4
exit_closed,2025-04-17,,,,,,,,,,,,,,,ZD,buy,Unknown,6.0,31.756063821656053,,,,,,,5387.721128399634,,,,,,,2025-04-14,2025-04-15,0.9873737373737372,ml_p_side,5.0,5.0,ml_first,ML-ranked candidate,0.0,ACCEPTED,OK,0.047985,191.94,6.0,6.0,31.72,transitioned,2025-04-15,2025-04-16,36.15,24.03,0.07,31.72,multiple_r,2025-04-17,31.4061,trailing_stop,trailing_stop,True,,,,,2025-04-15,31.4061,trailing_stop,explicit_replay,188.31820539557447,-2.275338449240792,-1.102,2.0,False,0.0,,,,-0.01102037782835652,2.2074468061874435,2025-04-14,0.46719205443285544,0.9696969696969697,0.42465447225773945,0.042537582175115995,Q5,Q3,Q2
exit_closed,2025-04-21,,,,,,,,,,,,,,,FLYW,buy,Unknown,28.0,8.649340337013365,,,,,,,5985.0685931812295,,,,,,,2025-04-14,2025-04-15,1.0,ml_p_side,1.0,1.0,ml_first,ML-ranked candidate,0.0,ACCEPTED,OK,0.06055,242.2,28.0,28.0,8.64,transitioned,2025-04-15,2025-04-16,9.77,6.9,0.07,8.64,multiple_r,2025-04-21,8.6025,trailing_stop,trailing_stop,True,,,,,2025-04-15,8.6025,trailing_stop,explicit_replay,240.6579421340685,-1.5962417611366675,-0.5415,6.0,False,0.0,,,,-0.0054154808561435175,0.4998115248609614,2025-04-14,0.5605331226556668,1.0,0.5377779196371526,0.022755203018514192,Q5,Q4,Q3
exit_closed,2025-04-21,,,,,,,,,,,,,,,ATRO,buy,Unknown,12.0,22.752232760679835,,,,,,,6239.969643149667,,,,,,,2025-04-16,2025-04-17,1.0,ml_p_side,1.0,1.0,ml_first,ML-ranked candidate,0.0,ACCEPTED,OK,0.06837,273.48,12.0,12.0,22.72,transitioned,2025-04-17,2025-04-21,25.75,18.8,0.07,22.72,multiple_r,2025-04-21,21.2691,trailing_stop,trailing_stop,True,,,,,2025-04-17,21.2691,trailing_stop,explicit_replay,254.90104996843763,-18.207651197658837,-6.5186,4.0,False,0.0,,,,-0.06518625122554866,1.1292093601942383,2025-04-16,0.43492124041624,1.0,0.5674700890321717,-0.1325488486159317,Q3,Q3,Q3
exit_closed,2025-04-23,,,,,,,,,,,,,,,KBR,sell,Unknown,8.0,45.83979361386138,,,,,,,5953.998157161414,,,,,,,2025-04-08,2025-04-09,0.9949494949494948,ml_p_side,6.0,2.0,ml_first,ML-ranked candidate,0.0,ACCEPTED,OK,0.0935,374.0,8.0,8.0,45.89,transitioned,2025-04-09,2025-04-10,40.67,52.56,0.1454,45.89,multiple_r,2025-04-23,52.298964,trailing_stop,trailing_stop,True,,,,,2025-04-09,52.298964,trailing_stop,explicit_replay,-418.6384907575378,-52.09127707613847,-12.3505,14.0,False,0.0,,,,-0.14090749274633385,1.9200589674681774,2025-04-08,0.2499144057127286,0.06565656565656566,0.31269069343284867,-0.06277628772012006,Q4,Q1,Q1
exit_closed,2025-04-28,,,,,,,,,,,,,,,CAG,sell,Unknown,16.0,27.715740486891384,,,,,,,5891.586849730342,,,,,,,2025-03-10,2025-03-11,0.9974683544303796,ml_p_side,2.0,1.0,ml_first,ML-ranked candidate,0.0,ACCEPTED,OK,0.11048,441.92,16.0,16.0,27.74,transitioned,2025-03-11,2025-03-12,24.06,30.74,0.108,27.74,multiple_r,2025-04-28,24.06,take_profit,take_profit,True,,,,,2025-03-11,24.06,take_profit,explicit_replay,-385.1554381557632,57.909973024281726,15.1943,48.0,False,0.0,,,,0.13190123816538213,0.8640741466024612,2025-03-10,0.15693567295405716,0.012658227848101266,0.2706306913198276,-0.11369501836577042,Q3,Q1,Q1
exit_closed,2025-05-02,,,,,,,,,,,,,,,FLYW,buy,Unknown,27.0,8.759581637781627,,,,,,,6397.904293794116,,,,,,,2025-04-21,2025-04-22,1.0,ml_p_side,1.0,1.0,ml_first,ML-ranked candidate,0.0,ACCEPTED,OK,0.0581849999999999,232.74,27.0,27.0,8.729999999999999,transitioned,2025-04-22,2025-04-23,9.74,6.79,0.07,8.73,multiple_r,2025-05-02,9.74,take_profit,take_profit,True,,,,,2025-04-22,9.74,take_profit,explicit_replay,262.352087210856,25.772430379486,11.1925,10.0,False,0.0,,,,0.11192524971622553,0.5627376107947507,2025-04-21,0.5538904351180042,1.0,0.5735921493054833,-0.019701714187479125,Q5,Q4,Q3
exit_closed,2025-05-07,,,,,,,,,,,,,,,OPLN,sell,Unknown,16.0,18.51018861411497,,,,,,,6392.298739621896,,,,,,,2025-04-07,2025-04-08,0.9974747474747476,ml_p_side,3.0,1.0,ml_first,ML-ranked candidate,0.0,ACCEPTED,OK,0.0722,288.8,16.0,16.0,18.53,transitioned,2025-04-08,2025-04-09,15.7,21.13,0.1402999999999999,18.53,multiple_r,2025-05-07,19.704384,trailing_stop,trailing_stop,True,,,,,2025-04-08,19.704384,trailing_stop,explicit_replay,-315.5292710473754,-19.557348883037776,-6.0606,29.0,False,0.0,,,,-0.06451557089885052,0.7485175388242941,2025-04-07,0.3118763810262882,0.005050505050505051,0.32827269799066505,-0.016396316964376878,Q5,Q2,Q1
exit_closed,2025-05-12,,,,,,,,,,,,,,,ITT,sell,Unknown,2.0,126.83146383720012,,,,,,,5847.566150110241,,,,,,,2025-04-14,2025-04-15,0.9974747474747476,ml_p_side,2.0,1.0,ml_first,ML-ranked candidate,0.0,ACCEPTED,OK,0.063535,254.14,2.0,2.0,126.98999999999998,transitioned,2025-04-15,2025-04-16,110.55,148.41,0.1687,126.99,multiple_r,2025-05-12,145.02398300000002,trailing_stop,trailing_stop,True,,,,,2025-04-15,145.02398300000002,trailing_stop,explicit_replay,-290.7269348187204,-37.22164053508921,-12.5445,27.0,False,0.0,,,,-0.14343853340801682,6.165296046514251,2025-04-14,0.2660275201634116,0.010101010101010102,0.23106010653239117,0.034967413631020405,Q5,Q1,Q1
exit_closed,2025-05-13,,,,,,,,,,,,,,,ZWS,sell,Unknown,10.0,32.30944601186064,,,,,,,5084.31796870359,,,,,,,2025-04-23,2025-04-24,0.9949622166246852,ml_p_side,3.0,2.0,ml_first,ML-ranked candidate,0.0,ACCEPTED,OK,0.081625,326.5,10.0,10.0,32.34,transitioned,2025-04-24,2025-04-25,28.41,37.57,0.1619,32.34,multiple_r,2025-05-13,37.44803699999999,trailing_stop,trailing_stop,True,,,,,2025-04-24,37.44803699999999,trailing_stop,explicit_replay,-374.7426862255374,-51.818235334755336,-13.7219,19.0,False,0.0,,,,-0.15904299275985712,1.5030154251826733,2025-04-23,0.29782380957700816,0.027707808564231738,0.3042145346939221,-0.0063907251169139645,Q5,Q2,Q1
exit_closed,2025-05-16,,,,,,,,,,,,,,,AAP,buy,Unknown,8.0,31.730995723841374,,,,,,,5183.39260609464,,,,,,,2025-05-07,2025-05-08,1.0,ml_p_side,1.0,1.0,ml_first,ML-ranked candidate,0.0,ACCEPTED,OK,0.06272,250.88,8.0,8.0,31.7,transitioned,2025-05-08,2025-05-09,35.44,25.42,0.07,31.7,multiple_r,2025-05-16,35.44,take_profit,take_profit,True,,,,,2025-05-08,35.44,take_profit,explicit_replay,283.232574264097,29.30845408362879,11.6889,8.0,False,0.0,,,,0.11688899738408876,1.8031416353832495,2025-05-07,0.5430892352732029,1.0,0.5208332080009801,0.022256027272222756,Q5,Q4,Q2
exit_closed,2025-05-16,,,,,,,,,,,,,,,DV,buy,Unknown,27.0,14.38207109316559,,,,,,,5566.187166419134,,,,,,,2025-05-12,2025-05-13,1.0,ml_p_side,1.0,1.0,ml_first,ML-ranked candidate,0.0,ACCEPTED,OK,0.096255,385.02,27.0,27.0,14.37,transitioned,2025-05-13,2025-05-14,16.11,12.42,0.07,14.37,multiple_r,2025-05-16,14.1918,trailing_stop,trailing_stop,True,,,,,2025-05-13,14.1918,trailing_stop,explicit_replay,382.7945603244944,-5.637853966831244,-1.323,3.0,False,0.0,,,,-0.013229742220924434,0.5605917409044545,2025-05-12,0.4925191613579809,0.9949748743718593,0.6187429899826971,-0.12622382862471615,Q3,Q3,Q4
exit_closed,2025-05-16,,,,,,,,,,,,,,,ENPH,buy,Unknown,4.0,46.025676515307175,,,,,,,5772.313734419134,,,,,,,2025-05-13,2025-05-14,1.0,ml_p_side,1.0,1.0,ml_first,ML-ranked candidate,0.0,ACCEPTED,OK,0.04563,182.52,4.0,4.0,45.6,transitioned,2025-05-14,2025-05-15,51.56,34.53,0.07,45.6,multiple_r,2025-05-16,51.56,take_profit,take_profit,True,,,,,2025-05-14,51.56,take_profit,explicit_replay,206.126568,21.968631126952918,12.0244,2.0,False,0.0,,,,0.12024426154501455,3.284479004373478,2025-05-13,0.562170077541956,0.992462311557789,0.686917105572802,-0.12474702803084592,Q3,Q4,Q5
exit_closed,2025-05-20,,,,,,,,,,,,,,,HP,buy,Unknown,15.0,17.404184799405645,,,,,,,5711.378303097773,,,,,,,2025-05-16,2025-05-19,0.9974874371859296,ml_p_side,3.0,2.0,ml_first,ML-ranked candidate,0.0,ACCEPTED,OK,0.06675,267.0,15.0,15.0,17.38,transitioned,2025-05-19,2025-05-20,20.11,14.64,0.07,17.38,multiple_r,2025-05-20,16.2657,trailing_stop,trailing_stop,True,,,,,2025-05-19,16.2657,trailing_stop,explicit_replay,243.83650891663555,-17.304581906046423,-6.5414,1.0,False,0.0,,,,-0.06541442834165523,0.7897670855444697,2025-05-16,0.5837202560297425,1.0,0.6186948579006817,-0.03497460187093915,Q5,Q4,Q4
exit_closed,2025-05-23,,,,,,,,,,,,,,,DV,buy,Unknown,27.0,14.091976592920354,,,,,,,5804.760548593805,,,,,,,2025-05-16,2025-05-19,1.0,ml_p_side,1.0,1.0,ml_first,ML-ranked candidate,0.0,ACCEPTED,OK,0.09612,384.48,27.0,27.0,14.07,transitioned,2025-05-19,2025-05-20,16.09,12.43,0.07,14.07,multiple_r,2025-05-23,13.247849999999998,trailing_stop,trailing_stop,True,,,,,2025-05-19,13.247849999999998,trailing_stop,explicit_replay,357.448378815,-23.14913420425222,-5.9901,4.0,False,0.0,,,,-0.05990122019819666,0.4748504551201011,2025-05-16,0.5669784606925274,0.9974874371859297,0.6492624196679512,-0.08228395897542373,Q4,Q4,Q4
exit_closed,2025-06-02,,,,,,,,,,,,,,,FIVN,buy,Unknown,10.0,26.39869372377965,,,,,,,5687.965905481371,,,,,,,2025-05-20,2025-05-21,0.9974874371859296,ml_p_side,3.0,2.0,ml_first,ML-ranked candidate,0.0,ACCEPTED,OK,0.0668499999999999,267.4,10.0,10.0,26.37,transitioned,2025-05-21,2025-05-22,30.22,21.99,0.07,26.37,multiple_r,2025-06-02,25.6122,trailing_stop,trailing_stop,True,,,,,2025-05-21,25.6122,trailing_stop,explicit_replay,255.89883584334407,-8.16729747562377,-2.9793,12.0,False,0.0,,,,-0.0297929030886549,1.259626778222758,2025-05-20,0.5153944710840869,0.992462311557789,0.6246466396720771,-0.10925216858799025,Q3,Q4,Q4
exit_closed,2025-06-03,,,,,,,,,,,,,,,EYE,sell,Unknown,17.999999999,18.72598799765808,,,,,,,5005.485094106805,,,,,,,2025-05-16,2025-05-19,0.9974874371859296,ml_p_side,2.0,1.0,ml_first,ML-ranked candidate,0.0,ACCEPTED,OK,0.08649,345.96,18.0,17.999999999,18.75,transitioned,2025-05-19,2025-05-20,16.72,21.98,0.1722,18.75,multiple_r,2025-06-03,21.416094,trailing_stop,trailing_stop,True,,,,,2025-05-19,21.416094,trailing_stop,explicit_replay,-385.8764922451307,-48.97001931689645,-12.5611,15.0,False,0.0,,,,-0.14365629213680742,0.9297177149548342,2025-05-16,0.4489657573545296,0.02763819095477387,0.6692121555040831,-0.2202463981495535,Q1,Q3,Q4
exit_closed,2025-06-05,,,,,,,,,,,,,,,APG,sell,Unknown,11.0,28.19263630282811,,,,,,,4352.462126459154,,,,,,,2025-05-02,2025-05-05,0.9974874371859296,ml_p_side,1.0,1.0,ml_first,ML-ranked candidate,0.0,ACCEPTED,OK,0.0775866666575,310.34666663,11.0,11.0,28.21333333,transitioned,2025-05-05,2025-05-06,24.55,32.42,0.1493,28.21,multiple_r,2025-06-05,32.142166616169,trailing_stop,trailing_stop,True,,,,,2025-05-05,32.142166616169,trailing_stop,explicit_replay,-353.7437148364142,-43.8321998834289,-12.2877,31.0,False,0.0,,,,-0.1400908475148419,1.2078181991919692,2025-05-02,0.2893319892150123,0.01256281407035176,0.4797268224321356,-0.1903948332171233,Q2,Q2,Q2
exit_closed,2025-06-05,,,,,,,,,,,,,,,DV,buy,Unknown,28.0,13.306489444444445,,,,,,,4767.442917748812,,,,,,,2025-05-23,2025-05-27,1.0,ml_p_side,1.0,1.0,ml_first,ML-ranked candidate,0.0,ACCEPTED,OK,0.09191,367.64,28.0,28.0,13.29,transitioned,2025-05-27,2025-05-28,14.84,11.38,0.07,13.29,multiple_r,2025-06-05,14.84,take_profit,take_profit,True,,,,,2025-05-27,14.84,take_profit,explicit_replay,414.9807912896574,42.2873123338797,11.5245,9.0,False,0.0,,,,0.11524531409716077,0.5504255555555554,2025-05-23,0.5716109543678893,1.0,0.6111811273247707,-0.039570172956881366,Q5,Q4,Q4
exit_closed,2025-06-12,,,,,,,,,,,,,,,CPRI,buy,Unknown,17.0,17.43854069977427,,,,,,,5901.996554484595,,,,,,,2025-06-02,2025-06-03,1.0,ml_p_side,1.0,1.0,ml_first,ML-ranked candidate,0.0,ACCEPTED,OK,0.0739499999999999,295.79999999999995,17.0,17.0,17.419999999999998,transitioned,2025-06-03,2025-06-04,19.66,14.57,0.07,17.42,multiple_r,2025-06-12,17.4561,trailing_stop,trailing_stop,True,,,,,2025-06-03,17.4561,trailing_stop,explicit_replay,296.49842531857144,-0.0457031351599539,0.1007,9.0,False,0.0,,,,0.0010069248641864093,0.8195830570783623,2025-06-02,0.6168192469910851,0.9949748743718593,0.7052568631683007,-0.08843761617721557,Q4,Q5,Q5
exit_closed,2025-06-13,,,,,,,,,,,,,,,BBWI,buy,Unknown,11.0,27.18864378258458,,,,,,,6573.474125622209,,,,,,,2025-06-03,2025-06-04,0.9974874371859296,ml_p_side,2.0,2.0,ml_first,ML-ranked candidate,0.0,ACCEPTED,OK,0.0746624999999999,298.65,11.0,11.0,27.16,transitioned,2025-06-04,2025-06-05,30.68,22.67,0.07,27.16,multiple_r,2025-06-13,25.5192,trailing_stop,trailing_stop,True,,,,,2025-06-04,25.5192,trailing_stop,explicit_replay,280.45992978620114,-18.70487434671179,-6.1402,9.0,False,0.0,,,,-0.06140224558217666,1.2910410807384511,2025-06-03,0.561507662180775,0.9396984924623115,0.6279963007503891,-0.06648863856961418,Q4,Q4,Q4
exit_closed,2025-06-23,,,,,,,,,,,,,,,CPRI,buy,Unknown,17.0,16.913001162022407,,,,,,,6564.031406190577,,,,,,,2025-06-13,2025-06-16,1.0,ml_p_side,1.0,1.0,ml_first,ML-ranked candidate,0.0,ACCEPTED,OK,0.070295,281.18,17.0,17.0,16.89,transitioned,2025-06-16,2025-06-17,18.69,13.75,0.07,16.89,multiple_r,2025-06-23,16.377299999999998,trailing_stop,trailing_stop,True,,,,,2025-06-16,16.377299999999998,trailing_stop,explicit_replay,278.16455662867617,-9.442719431631076,-3.1674,7.0,False,0.0,,,,-0.031673926873800995,0.9037146177206878,2025-06-13,0.6209001804862175,1.0,0.7114538061967743,-0.0905536257105568,Q4,Q5,Q5
exit_closed,2025-06-24,,,,,,,,,,,,,,,HAS,sell,Unknown,4.0,61.00964210586135,,,,,,,5956.514027624499,,,,,,,2025-04-28,2025-04-29,0.9974874371859296,ml_p_side,2.0,1.0,ml_first,ML-ranked candidate,0.0,ACCEPTED,OK,0.06134,245.36,4.0,4.0,61.06,transitioned,2025-04-29,2025-04-30,53.37,73.11,0.1973,61.06,multiple_r,2025-06-24,71.885892,trailing_stop,trailing_stop,True,,,,,2025-04-29,71.885892,trailing_stop,explicit_replay,-287.68926136347613,-43.88659688950675,-15.1299,56.0,False,0.0,,,,-0.17827099977519345,3.4572451126110417,2025-04-28,0.3240158831045928,0.02763819095477387,0.5528850536815496,-0.22886917057695683,Q1,Q2,Q3
exit_closed,2025-06-27,,,,,,,,,,,,,,,OSK,sell,Unknown,4.0,111.85305894017016,,,,,,,5861.441082426902,,,,,,,2025-06-05,2025-06-06,0.9974874371859296,ml_p_side,3.0,1.0,ml_first,ML-ranked candidate,0.0,ACCEPTED,OK,0.10961,438.44,4.0,4.0,111.95,transitioned,2025-06-06,2025-06-09,98.04,119.73,0.0695,111.95,multiple_r,2025-06-27,113.762715,trailing_stop,trailing_stop,True,,,,,2025-06-06,113.762715,trailing_stop,explicit_replay,-455.3075577194843,-8.141398688472037,-1.6786,21.0,False,0.0,,,,-0.017072899730451896,2.2505545885228133,2025-06-05,0.2660028549723759,0.005025125628140704,0.4110745122962125,-0.1450716573238366,Q2,Q1,Q2
exit_closed,2025-06-30,,,,,,,,,,,,,,,AVT,sell,Unknown,6.0,46.20698627906977,,,,,,,6023.469513403813,,,,,,,2025-04-14,2025-04-15,0.9949494949494948,ml_p_side,3.0,2.0,ml_first,ML-ranked candidate,0.0,ACCEPTED,OK,0.069375,277.5,6.0,6.0,46.26,transitioned,2025-04-15,2025-04-16,40.24,53.7,0.1609,46.26,multiple_r,2025-06-30,52.983476,trailing_stop,trailing_stop,True,,,,,2025-04-15,52.983476,trailing_stop,explicit_replay,-318.17583126018985,-41.26792408658857,-12.7898,76.0,False,0.0,,,,-0.14665508977372466,2.1408610631229243,2025-04-14,0.216038069430855,0.015151515151515152,0.24043229044309972,-0.024394221012244727,Q5,Q1,Q1
exit_closed,2025-07-01,,,,,,,,,,,,,,,STWD,sell,Unknown,20.0,18.47093034537725,,,,,,,5340.51499178756,,,,,,,2025-04-21,2025-04-22,0.9949622166246852,ml_p_side,3.0,2.0,ml_first,ML-ranked candidate,0.0,ACCEPTED,OK,0.09105,364.2000000000001,20.0,20.0,18.49,transitioned,2025-04-22,2025-04-23,15.84,20.65,0.1166,18.49,multiple_r,2025-07-01,20.511942,trailing_stop,trailing_stop,True,,,,,2025-04-22,20.511942,trailing_stop,explicit_replay,-410.46253437459023,-41.46260188820703,-9.9504,70.0,False,0.0,,,,-0.11049858434085635,0.6225913298922136,2025-04-21,0.305130585452636,0.010075566750629723,0.37917028908127126,-0.07403970362863527,Q4,Q2,Q1
exit_closed,2025-07-01,,,,,,,,,,,,,,,ADNT,sell,Unknown,21.0,18.62547532599837,,,,,,,4903.095309799212,,,,,,,2025-06-12,2025-06-13,0.9974937343358397,ml_p_side,2.0,1.0,ml_first,ML-ranked candidate,0.0,ACCEPTED,OK,0.0995925,398.37,21.0,21.0,18.65,transitioned,2025-06-13,2025-06-16,16.5,21.26,0.1397,18.65,multiple_r,2025-07-01,20.799525,trailing_stop,trailing_stop,True,,,,,2025-06-13,20.799525,trailing_stop,explicit_replay,-437.3358673493803,-46.40204063693533,-10.4524,18.0,False,0.0,,,,-0.11672452036523229,0.7527213354290377,2025-06-12,0.5194239985280357,0.02506265664160401,0.6716126106628929,-0.15218861213485724,Q2,Q4,Q4
exit_closed,2025-07-08,,,,,,,,,,,,,,,SM,buy,Unknown,11.0,24.73659160457077,,,,,,,5473.186316699934,,,,,,,2025-06-30,2025-07-01,1.0,ml_p_side,1.0,1.0,ml_first,ML-ranked candidate,0.0,ACCEPTED,OK,0.0679525,271.81,11.0,11.0,24.71,transitioned,2025-07-01,2025-07-02,27.92,20.44,0.07,24.71,multiple_r,2025-07-08,27.92,take_profit,take_profit,True,,,,,2025-07-01,27.92,take_profit,explicit_replay,306.91742890471056,34.73329050213704,12.8692,7.0,False,0.0,,,,0.12869228090587104,1.2275976013059338,2025-06-30,0.6250641544737547,0.9974937343358395,0.7200406237559072,-0.09497646928215242,Q4,Q5,Q5
exit_closed,2025-07-10,,,,,,,,,,,,,,,CAG,sell,Unknown,29.0,21.02450247456825,,,,,,,4759.866942143563,,,,,,,2025-07-01,2025-07-02,0.9974937343358397,ml_p_side,2.0,1.0,ml_first,ML-ranked candidate,0.0,ACCEPTED,OK,0.1526125,610.45,29.0,29.0,21.04,transitioned,2025-07-02,2025-07-03,19.09,22.77,0.0821,21.04,multiple_r,2025-07-10,19.09,take_profit,take_profit,True,,,,,2025-07-02,19.09,take_profit,explicit_replay,-553.918216504493,55.55137441295634,10.1336,8.0,False,0.0,,,,0.09201180750451876,0.4987135786947852,2025-07-01,0.2834424982583687,0.005012531328320802,0.23565665407699335,0.04778584418137535,Q5,Q2,Q1
exit_closed,2025-07-11,,,,,,,,,,,,,,,MUR,buy,Unknown,14.0,22.826396711247536,,,,,,,4898.875395931564,,,,,,,2025-06-23,2025-06-24,1.0,ml_p_side,1.0,1.0,ml_first,ML-ranked candidate,0.0,ACCEPTED,OK,0.08169,326.76,14.0,14.0,22.8,transitioned,2025-06-24,2025-06-25,26.37,19.89,0.07,22.8,multiple_r,2025-07-11,26.37,take_profit,take_profit,True,,,,,2025-06-24,26.37,take_profit,explicit_replay,368.92966944045367,49.26424461680091,15.5241,17.0,False,0.0,,,,0.15524146599127397,0.8389704889278674,2025-06-23,0.5760209503804327,0.9774436090225563,0.6777617965221912,-0.10174084614175849,Q4,Q4,Q5
exit_closed,2025-07-14,,,,,,,,,,,,,,,VFC,buy,Unknown,28.0,12.366078769045709,,,,,,,4841.0211711197,,,,,,,2025-07-01,2025-07-02,1.0,ml_p_side,1.0,1.0,ml_first,ML-ranked candidate,0.0,ACCEPTED,OK,0.08568,342.72,28.0,28.0,12.349999999999998,transitioned,2025-07-02,2025-07-03,13.83,10.47,0.07,12.35,multiple_r,2025-07-14,12.173699999999998,trailing_stop,trailing_stop,True,,,,,2025-07-02,12.173699999999998,trailing_stop,explicit_replay,340.6221561098734,-5.731924485066372,-1.5557,12.0,False,0.0,,,,-0.015556974255029443,0.5417367911559167,2025-07-01,0.6083060469311992,0.9974937343358395,0.7169604997583687,-0.10865445282716957,Q3,Q5,Q5
exit_closed,2025-07-15,,,,,,,,,,,,,,,ENPH,buy,Unknown,4.0,39.82382544695997,,,,,,,5643.0989857356735,,,,,,,2025-07-08,2025-07-09,1.0,ml_p_side,1.0,1.0,ml_first,ML-ranked candidate,0.0,ACCEPTED,OK,0.04094,163.76,4.0,4.0,39.79,transitioned,2025-07-09,2025-07-10,46.26,29.62,0.07,39.79,multiple_r,2025-07-15,40.5945,trailing_stop,trailing_stop,True,,,,,2025-07-09,40.5945,trailing_stop,explicit_replay,162.2886921,2.9456017216237456,1.9352,6.0,False,0.0,,,,0.019352097504205412,2.9153786991314203,2025-07-08,0.5940396501411371,1.0,0.739010110726894,-0.1449704605857569,Q2,Q4,Q5
exit_closed,2025-07-18,,,,,,,,,,,,,,,SMMT,buy,Unknown,8.999999999,25.53914,,,,,,,5490.063777862962,,,,,,,2025-07-10,2025-07-11,1.0,ml_p_side,1.0,1.0,ml_first,ML-ranked candidate,0.0,ACCEPTED,OK,0.05823,232.92,9.0,8.999999999,25.52,transitioned,2025-07-11,2025-07-14,29.24,20.58,0.07,25.52,multiple_r,2025-07-18,26.6166,trailing_stop,trailing_stop,True,,,,,2025-07-11,26.6166,trailing_stop,explicit_replay,239.417647803398,9.496432150944829,4.2189,7.0,False,0.0,,,,0.042188578002234856,1.4168971428571433,2025-07-10,0.6368931249241265,0.9624060150375939,0.7366397111563275,-0.099746586232201,Q4,Q5,Q5
exit_closed,2025-07-23,,,,,,,,,,,,,,,FLR,sell,Unknown,7.0,51.4935145659164,,,,,,,4898.901567909009,,,,,,,2025-06-24,2025-06-25,0.9974937343358397,ml_p_side,2.0,1.0,ml_first,ML-ranked candidate,0.0,ACCEPTED,OK,0.08967,358.68,7.0,7.0,51.54,transitioned,2025-06-25,2025-06-26,44.58,58.13,0.1278999999999999,51.54,multiple_r,2025-07-23,55.910003,trailing_stop,trailing_stop,True,,,,,2025-06-25,55.910003,trailing_stop,explicit_replay,-391.6322497754026,-31.40593572856339,-7.8993,28.0,False,0.0,,,,-0.0857678577839176,1.8961386954524582,2025-06-24,0.42706152605064096,0.03508771929824561,0.5722366192682944,-0.14517509321765343,Q2,Q3,Q3
exit_closed,2025-07-23,,,,,,,,,,,,,,,PEGA,buy,Unknown,8.0,49.79460923244744,,,,,,,5348.488450621348,,,,,,,2025-07-11,2025-07-14,1.0,ml_p_side,1.0,1.0,ml_first,ML-ranked candidate,0.0,ACCEPTED,OK,0.0996,398.4,8.0,8.0,49.75,transitioned,2025-07-14,2025-07-15,56.27,44.04,0.07,49.75,multiple_r,2025-07-23,56.27,take_profit,take_profit,True,,,,,2025-07-14,56.27,take_profit,explicit_replay,449.58688271233945,51.11050179060203,13.0042,9.0,False,0.0,,,,0.1300420038909158,1.6441740664135551,2025-07-11,0.5676813139414381,0.9899749373433584,0.6618258280575886,-0.09414451411615055,Q4,Q4,Q4
exit_closed,2025-07-23,,,,,,,,,,,,,,,ENPH,buy,Unknown,5.0,39.870000728693896,,,,,,,5549.457888570238,,,,,,,2025-07-18,2025-07-21,1.0,ml_p_side,1.0,1.0,ml_first,ML-ranked candidate,0.0,ACCEPTED,OK,0.0494749999999999,197.9,5.0,5.0,39.83,transitioned,2025-07-21,2025-07-22,44.73,30.71,0.07,39.83,multiple_r,2025-07-23,40.2225,trailing_stop,trailing_stop,True,,,,,2025-07-21,40.2225,trailing_stop,explicit_replay,200.96943794888932,1.5596293043268474,0.8841,2.0,False,0.0,,,,0.008841215572198635,2.617143065341113,2025-07-18,0.618035164683187,1.0,0.7260328145067718,-0.10799764982358484,Q3,Q5,Q5
exit_closed,2025-07-28,,,,,,,,,,,,,,,ENPH,buy,Unknown,5.0,36.6774875,,,,,,,5658.138904827721,,,,,,,2025-07-23,2025-07-24,1.0,ml_p_side,1.0,1.0,ml_first,ML-ranked candidate,0.0,ACCEPTED,OK,0.0455999999999999,182.4,5.0,5.0,36.65,transitioned,2025-07-24,2025-07-25,41.22,26.86,0.07,36.65,multiple_r,2025-07-28,34.6611,trailing_stop,trailing_stop,True,,,,,2025-07-24,34.6611,trailing_stop,explicit_replay,173.20395001428366,-10.238503716966337,-5.4976,4.0,False,0.0,,,,-0.05497616214851142,2.804996428571428,2025-07-23,0.5754268349651536,1.0,0.7223491616287984,-0.1469223266636448,Q2,Q4,Q5
exit_closed,2025-07-29,,,,,,,,,,,,,,,FLS,sell,Unknown,8.999999999,53.39992,,,,,,,4970.8547669282,,,,,,,2025-06-27,2025-06-30,0.9974937343358397,ml_p_side,2.0,1.0,ml_first,ML-ranked candidate,0.0,ACCEPTED,OK,0.1206899999999999,482.76,9.0,8.999999999,53.44,transitioned,2025-06-30,2025-07-01,47.32,59.17,0.1073,53.44,multiple_r,2025-07-29,56.937366,trailing_stop,trailing_stop,True,,,,,2025-06-30,56.937366,trailing_stop,explicit_replay,-512.726783916899,-32.43760493426451,-6.2129,29.0,False,0.0,,,,-0.06624440635866113,1.6485942857142857,2025-06-27,0.30279344204732755,0.005012531328320802,0.44840262571011663,-0.14560918366278908,Q2,Q2,Q2
exit_closed,2025-07-30,,,,,,,,,,,,,,,ASAN,buy,Unknown,28.0,14.011969826056088,,,,,,,6013.051328709626,,,,,,,2025-07-15,2025-07-16,1.0,ml_p_side,1.0,1.0,ml_first,ML-ranked candidate,0.0,ACCEPTED,OK,0.0958999999999999,383.6,28.0,28.0,14.0,transitioned,2025-07-16,2025-07-17,15.48,11.96,0.07,14.0,multiple_r,2025-07-30,15.48,take_profit,take_profit,True,,,,,2025-07-16,15.48,take_profit,explicit_replay,432.7459601925829,40.29310451647359,10.477,14.0,False,0.0,,,,0.104769721328833,0.5862770931588821,2025-07-15,0.57990688239277,0.9724310776942355,0.658734030120269,-0.07882714772749899,Q4,Q4,Q4
exit_closed,2025-07-31,,,,,,,,,,,,,,,ENPH,buy,Unknown,5.0,34.86782621266428,,,,,,,6649.626432645115,,,,,,,2025-07-28,2025-07-29,1.0,ml_p_side,1.0,1.0,ml_first,ML-ranked candidate,0.0,ACCEPTED,OK,0.0436875,174.75,5.0,5.0,34.84,transitioned,2025-07-29,2025-07-30,39.49,26.45,0.07,34.84,multiple_r,2025-07-31,32.4756,trailing_stop,trailing_stop,True,,,,,2025-07-29,32.4756,trailing_stop,explicit_replay,161.90177754006504,-12.489655262575354,-6.8608,2.0,False,0.0,,,,-0.06860841275489116,2.405093203618367,2025-07-28,0.6154996718635745,1.0,0.6815445100594781,-0.06604483819590368,Q4,Q5,Q5
exit_closed,2025-08-01,,,,,,,,,,,,,,,ARLO,sell,Unknown,24.0,16.287269486148347,,,,,,,6038.558551554675,,,,,,,2025-06-05,2025-06-06,0.9949748743718592,ml_p_side,4.0,2.0,ml_first,ML-ranked candidate,0.0,ACCEPTED,OK,0.09726,389.04,24.0,24.0,16.31,transitioned,2025-06-06,2025-06-09,14.1,18.29,0.1214,16.31,multiple_r,2025-08-01,17.303202,trailing_stop,trailing_stop,True,,,,,2025-06-06,17.303202,trailing_stop,explicit_replay,-415.7965565044476,-25.279953488965862,-5.8714,56.0,False,0.0,,,,-0.0623758644575545,0.5722087182433293,2025-06-05,0.4302110989839511,0.010050251256281407,0.6379726781171782,-0.20776157913322707,Q1,Q3,Q4
exit_closed,2025-08-01,,,,,,,,,,,,,,,APLE,sell,Unknown,51.0,12.548649350020186,,,,,,,5454.561099696781,,,,,,,2025-07-14,2025-07-15,0.9974937343358397,ml_p_side,2.0,1.0,ml_first,ML-ranked candidate,0.0,ACCEPTED,OK,0.16014,640.5600000000001,51.0,51.0,12.56,transitioned,2025-07-15,2025-07-16,11.44,13.54,0.078,12.56,multiple_r,2025-08-01,11.44,take_profit,take_profit,True,,,,,2025-07-15,11.44,take_profit,explicit_replay,-583.8679318699609,55.79167065807918,9.691,17.0,False,0.0,,,,0.08834810178343244,0.2832430428513751,2025-07-14,0.23469611700733967,0.002506265664160401,0.33932835897436586,-0.1046322419670262,Q3,Q1,Q1
exit_closed,2025-08-01,,,,,,,,,,,,,,,TDC,sell,Unknown,26.0,22.06361827239065,,,,,,,4932.531885120474,,,,,,,2025-07-23,2025-07-24,0.9974937343358397,ml_p_side,2.0,1.0,ml_first,ML-ranked candidate,0.0,ACCEPTED,OK,0.1442999999999999,577.1999999999999,26.0,26.0,22.09,transitioned,2025-07-24,2025-07-25,20.05,24.08,0.0901,22.09,multiple_r,2025-08-01,20.05,take_profit,take_profit,True,,,,,2025-07-24,20.05,take_profit,explicit_replay,-521.9745808548709,51.452764283325,10.043,8.0,False,0.0,,,,0.09126419101033822,0.5761090650312427,2025-07-23,0.3532686150686267,0.007518796992481203,0.4494980941874929,-0.0962294791188662,Q4,Q3,Q2
exit_closed,2025-08-01,,,,,,,,,,,,,,,GME,buy,Unknown,19.0,23.917164791887878,,,,,,,5355.319024230474,,,,,,,2025-07-23,2025-07-24,0.9974937343358397,ml_p_side,3.0,2.0,ml_first,ML-ranked candidate,0.0,ACCEPTED,OK,0.11381,455.24,19.0,19.0,23.89,transitioned,2025-07-24,2025-07-25,26.91,21.38,0.07,23.89,multiple_r,2025-08-01,22.2642,trailing_stop,trailing_stop,True,,,,,2025-07-24,22.2642,trailing_stop,explicit_replay,422.78713911,-31.77531977518339,-6.9112,8.0,False,0.0,,,,-0.06911207102810635,0.7249042262536796,2025-07-23,0.574473931296901,0.9974937343358395,0.699080736869578,-0.12460680557267689,Q3,Q4,Q5
exit_closed,2025-08-06,,,,,,,,,,,,,,,ENPH,buy,Unknown,6.0,32.492040433572,,,,,,,5691.504696049628,,,,,,,2025-07-31,2025-08-01,1.0,ml_p_side,1.0,1.0,ml_first,ML-ranked candidate,0.0,ACCEPTED,OK,0.04854,194.16,6.0,6.0,32.45,transitioned,2025-08-01,2025-08-04,36.57,24.61,0.07,32.45,multiple_r,2025-08-06,30.6249,trailing_stop,trailing_stop,True,,,,,2025-08-01,30.6249,trailing_stop,explicit_replay,183.60275132145773,-11.407976952754694,-5.7465,5.0,False,0.0,,,,-0.05746454850655669,2.2520115524491433,2025-07-31,0.6203597662791123,1.0,0.6785234025290132,-0.05816363624990095,Q5,Q5,Q5
exit_closed,2025-08-14,,,,,,,,,,,,,,,QXO,buy,Unknown,20.0,19.639804905756492,,,,,,,5864.344037823627,,,,,,,2025-08-01,2025-08-04,0.9924812030075189,ml_p_side,5.0,4.0,ml_first,ML-ranked candidate,0.0,ACCEPTED,OK,0.0966499999999999,386.6,20.0,20.0,19.62,transitioned,2025-08-04,2025-08-05,21.84,16.92,0.07,19.62,multiple_r,2025-08-14,19.8927,trailing_stop,trailing_stop,True,,,,,2025-08-04,19.8927,trailing_stop,explicit_replay,397.6351802999999,4.721243355435433,1.2877,10.0,False,0.0,,,,0.012876660203960943,0.7770871159304258,2025-08-01,0.563275781876777,0.9899749373433584,0.6501386746228932,-0.08686289274611625,Q4,Q4,Q4
exit_closed,2025-08-14,,,,,,,,,,,,,,,ENPH,buy,Unknown,7.0,32.10406,,,,,,,6090.572243838627,,,,,,,2025-08-07,2025-08-08,1.0,ml_p_side,1.0,1.0,ml_first,ML-ranked candidate,0.0,ACCEPTED,OK,0.0556325,222.53,7.0,7.0,32.08,transitioned,2025-08-08,2025-08-11,35.92,24.89,0.07,32.08,multiple_r,2025-08-14,32.3361,trailing_stop,trailing_stop,True,,,,,2025-08-08,32.3361,trailing_stop,explicit_replay,226.228206015,1.4323674890000575,0.7228,6.0,False,0.0,,,,0.007227746272590041,2.0611599999999988,2025-08-07,0.6203597662791123,1.0,0.6621245231324835,-0.04176475685337122,Q5,Q5,Q4
exit_closed,2025-08-15,,,,,,,,,,,,,,,ENPH,buy,Unknown,7.0,32.23997467130759,,,,,,,6634.852806843338,,,,,,,2025-08-14,2025-08-15,1.0,ml_p_side,1.0,1.0,ml_first,ML-ranked candidate,0.0,ACCEPTED,OK,0.056385,225.54,7.0,7.0,32.21,transitioned,2025-08-15,2025-08-18,36.41,25.35,0.07,32.21,multiple_r,2025-08-15,36.41,take_profit,take_profit,True,,,,,2025-08-15,36.41,take_profit,explicit_replay,254.68379161949187,28.93626497352895,12.9343,0.0,True,0.0,,,,0.12934331900711982,1.968564191802169,2025-08-14,0.6116923604216866,1.0,0.6998070461718287,-0.08811468575014203,Q4,Q5,Q5
exit_closed,2025-08-20,,,,,,,,,,,,,,,AMBA,buy,Unknown,5.0,64.84770557113836,,,,,,,6747.467411506881,,,,,,,2025-08-01,2025-08-04,0.9974937343358397,ml_p_side,3.0,2.0,ml_first,ML-ranked candidate,0.0,ACCEPTED,OK,0.079675,318.7,5.0,5.0,64.79,transitioned,2025-08-04,2025-08-05,72.03,54.66,0.07,64.79,multiple_r,2025-08-20,65.4906,trailing_stop,trailing_stop,True,,,,,2025-08-04,65.4906,trailing_stop,explicit_replay,327.2798149125429,2.944015498494423,0.9914,16.0,False,0.0,,,,0.009913911729018343,2.9107730203252475,2025-08-01,0.6033724902027323,0.9774436090225563,0.6754741784577861,-0.07210168825505381,Q4,Q5,Q4
exit_closed,2025-08-21,,,,,,,,,,,,,,,ENPH,buy,Unknown,6.0,35.766805000000005,,,,,,,7583.445377923523,,,,,,,2025-08-18,2025-08-19,1.0,ml_p_side,1.0,1.0,ml_first,ML-ranked candidate,0.0,ACCEPTED,OK,0.053655,214.62,6.0,6.0,35.74,transitioned,2025-08-19,2025-08-20,40.42,28.12,0.07,35.74,multiple_r,2025-08-21,34.3728,trailing_stop,trailing_stop,True,,,,,2025-08-19,34.3728,trailing_stop,explicit_replay,206.12336976,-8.541840489000037,-3.8975,2.0,False,0.0,,,,-0.0389748259594338,2.1848014285714297,2025-08-18,0.608576426596349,1.0,0.7740094178077074,-0.16543299121135835,Q2,Q5,Q5
exit_closed,2025-08-22,,,,,,,,,,,,,,,CGNX,sell,Unknown,10.0,40.8698055548854,,,,,,,6892.688144525708,,,,,,,2025-08-01,2025-08-04,0.9949874686716792,ml_p_side,4.0,2.0,ml_first,ML-ranked candidate,0.0,ACCEPTED,OK,0.101175,404.7,10.0,10.0,40.91,transitioned,2025-08-04,2025-08-05,35.21,45.21,0.1052,40.91,multiple_r,2025-08-22,44.46219599999999,trailing_stop,trailing_stop,True,,,,,2025-08-04,44.46219599999999,trailing_stop,explicit_replay,-444.8546590651052,-36.36679108767634,-8.0797,18.0,False,0.0,,,,-0.0878983982512529,1.240055555747028,2025-08-01,0.4117649951988565,0.045112781954887216,0.6037270981361419,-0.19196210293728538,Q2,Q3,Q4
exit_closed,2025-08-26,,,,,,,,,,,,,,,FLO,sell,Unknown,37.0,16.476580855036083,,,,,,,6130.280517085262,,,,,,,2025-07-29,2025-07-30,0.9949874686716792,ml_p_side,3.0,2.0,ml_first,ML-ranked candidate,0.0,ACCEPTED,OK,0.152255,609.02,37.0,37.0,16.49,transitioned,2025-07-30,2025-07-31,14.92,17.81,0.0801,16.49,multiple_r,2025-08-26,14.92,take_profit,take_profit,True,,,,,2025-07-30,14.92,take_profit,explicit_replay,-552.3915466581341,56.86310130839841,10.4328,27.0,False,0.0,,,,0.09447232218450907,0.38097689856111877,2025-07-29,0.27992994566498314,0.047619047619047616,0.35820956794019176,-0.07827962227520863,Q4,Q2,Q1
exit_closed,2025-08-26,,,,,,,,,,,,,,,ENPH,buy,Unknown,7.0,35.105896256544504,,,,,,,6403.686364763786,,,,,,,2025-08-21,2025-08-22,1.0,ml_p_side,1.0,1.0,ml_first,ML-ranked candidate,0.0,ACCEPTED,OK,0.060515,242.06,7.0,7.0,35.07,transitioned,2025-08-22,2025-08-25,39.08,28.25,0.07,35.07,multiple_r,2025-08-26,39.08,take_profit,take_profit,True,,,,,2025-08-22,39.08,take_profit,explicit_replay,273.4058476785244,27.59085150057413,11.3203,4.0,False,0.0,,,,0.11320331246961501,1.9588275018698584,2025-08-21,0.618035164683187,1.0,0.7569487219002067,-0.1389135572170197,Q3,Q5,Q5
exit_closed,2025-08-26,,,,,,,,,,,,,,,SMMT,buy,Unknown,8.0,26.21965,,,,,,,6640.436080763786,,,,,,,2025-08-22,2025-08-25,1.0,ml_p_side,1.0,1.0,ml_first,ML-ranked candidate,0.0,ACCEPTED,OK,0.0523999999999999,209.6,8.0,8.0,26.2,transitioned,2025-08-25,2025-08-26,29.61,20.47,0.07,26.2,multiple_r,2025-08-26,29.61,take_profit,take_profit,True,,,,,2025-08-25,29.61,take_profit,explicit_replay,236.749716,26.92958883999998,12.9306,1.0,False,0.0,,,,0.12930569248636026,1.6427571428571437,2025-08-22,0.6368931249241265,0.9949874686716792,0.7399801515289995,-0.10308702660487301,Q4,Q5,Q5
exit_closed,2025-09-02,,,,,,,,,,,,,,,CLF,buy,Unknown,30.0,10.53012811661268,,,,,,,6800.536395977726,,,,,,,2025-08-26,2025-08-27,0.9974937343358397,ml_p_side,3.0,2.0,ml_first,ML-ranked candidate,0.0,ACCEPTED,OK,0.07905,316.2,30.0,30.0,10.52,transitioned,2025-08-27,2025-08-28,11.91,8.89,0.07,10.52,multiple_r,2025-09-02,10.31835,trailing_stop,trailing_stop,True,,,,,2025-08-27,10.31835,trailing_stop,explicit_replay,309.3094536628291,-6.689160988600747,-2.0112,6.0,False,0.0,,,,-0.020111637224866308,0.4686080333179084,2025-08-26,0.5903998575988981,0.9949874686716792,0.7474817468434234,-0.15708188924452526,Q2,Q4,Q5
exit_closed,2025-09-08,,,,,,,,,,,,,,,NVCR,buy,Unknown,26.0,11.80084670096598,,,,,,,7578.540325509639,,,,,,,2025-08-26,2025-08-27,1.0,ml_p_side,1.0,1.0,ml_first,ML-ranked candidate,0.0,ACCEPTED,OK,0.0768949999999999,307.58,26.0,26.0,11.79,transitioned,2025-08-27,2025-08-28,13.37,9.91,0.07,11.79,multiple_r,2025-09-08,13.37,take_profit,take_profit,True,,,,,2025-08-27,13.37,take_profit,explicit_replay,347.428809,40.514748170617,13.297,12.0,False,0.0,,,,0.13296955199880478,0.5402419145617087,2025-08-26,0.6182575995864554,1.0,0.6787783633789732,-0.06052076379251781,Q4,Q5,Q5
exit_closed,2025-09-16,,,,,,,,,,,,,,,VTRS,sell,Unknown,48.0,10.73956141073952,,,,,,,6778.793795682223,,,,,,,2025-08-14,2025-08-15,0.9974937343358397,ml_p_side,2.0,1.0,ml_first,ML-ranked candidate,0.0,ACCEPTED,OK,0.12828,513.12,48.0,48.0,10.75,transitioned,2025-08-15,2025-08-18,9.5,11.73,0.0909,10.75,multiple_r,2025-09-16,9.5,take_profit,take_profit,True,,,,,2025-08-15,9.5,take_profit,explicit_replay,-456.3754185243328,58.77249895533881,13.048,32.0,False,0.0,,,,0.11542011478233771,0.28298245407442274,2025-08-14,0.2741125331325611,0.010025062656641603,0.492526834805325,-0.21841430167276388,Q1,Q2,Q2
exit_closed,2025-09-19,,,,,,,,,,,,,,,FLO,sell,Unknown,32.0,14.807677835598277,,,,,,,6044.202639591592,,,,,,,2025-08-26,2025-08-27,0.9974937343358397,ml_p_side,2.0,1.0,ml_first,ML-ranked candidate,0.0,ACCEPTED,OK,0.1187199999999999,474.88,32.0,32.0,14.82,transitioned,2025-08-27,2025-08-28,13.11,16.36,0.1036999999999999,14.82,multiple_r,2025-09-19,13.11,take_profit,take_profit,True,,,,,2025-08-27,13.11,take_profit,explicit_replay,-419.8060392760596,53.7677542929231,12.9495,23.0,False,0.0,,,,0.11464848536324779,0.4435206184004922,2025-08-26,0.33215832047037835,0.045112781954887216,0.42404053599660524,-0.09188221552622688,Q4,Q2,Q2
exit_closed,2025-09-23,,,,,,,,,,,,,,,ENPH,buy,Unknown,7.0,38.78851552852556,,,,,,,6037.668420121208,,,,,,,2025-09-19,2025-09-22,0.9974937343358397,ml_p_side,3.0,2.0,ml_first,ML-ranked candidate,0.0,ACCEPTED,OK,0.067235,268.94,7.0,7.0,38.75,transitioned,2025-09-22,2025-09-23,43.41,31.79,0.07,38.75,multiple_r,2025-09-23,37.8882,trailing_stop,trailing_stop,True,,,,,2025-09-22,37.8882,trailing_stop,explicit_replay,265.0668451119058,-6.534219470382993,-2.3211,1.0,False,0.0,,,,-0.02321087869071603,1.9995758652930167,2025-09-19,0.6308695813075232,1.0,0.7454887632450737,-0.1146191819375505,Q3,Q5,Q5
exit_closed,2025-09-25,,,,,,,,,,,,,,,NVCR,buy,Unknown,27.0,12.706363304030027,,,,,,,6820.9532735266985,,,,,,,2025-09-08,2025-09-09,1.0,ml_p_side,1.0,1.0,ml_first,ML-ranked candidate,0.0,ACCEPTED,OK,0.08505,340.2,27.0,27.0,12.695,transitioned,2025-09-09,2025-09-10,14.24,10.79,0.07,12.7,multiple_r,2025-09-25,12.5271,trailing_stop,trailing_stop,True,,,,,2025-09-09,12.5271,trailing_stop,explicit_replay,334.25173333697506,-8.922997414598285,-1.4108,16.0,False,0.0,,,,-0.014108151934642876,0.5475323725800081,2025-09-08,0.6250641544737547,0.9974937343358395,0.721579941058098,-0.09651578658434323,Q4,Q5,Q5
exit_closed,2025-09-30,,,,,,,,,,,,,,,TTD,buy,Unknown,7.0,44.937286435730805,,,,,,,6865.676066930301,,,,,,,2025-09-16,2025-09-17,1.0,ml_p_side,1.0,1.0,ml_first,ML-ranked candidate,0.0,ACCEPTED,OK,0.07856625,314.26500000000004,7.0,7.0,44.9,transitioned,2025-09-17,2025-09-18,50.73,38.11,0.07,44.9,multiple_r,2025-09-30,50.73,take_profit,take_profit,True,,,,,2025-09-17,50.73,take_profit,explicit_replay,354.93098077832207,40.27560742669141,12.8907,13.0,False,0.0,,,,0.12890661683708737,1.9506532673516586,2025-09-16,0.6203597662791123,0.9974937343358395,0.6805981062525749,-0.06023833997346262,Q4,Q5,Q5
exit_closed,2025-10-01,,,,,,,,,,,,,,,ZBH,sell,Unknown,6.0,105.00726828992724,,,,,,,5994.695176721543,,,,,,,2025-08-20,2025-08-21,0.9974937343358397,ml_p_side,2.0,1.0,ml_first,ML-ranked candidate,0.0,ACCEPTED,OK,0.158565,634.26,6.0,6.0,105.09,transitioned,2025-08-21,2025-08-22,96.19,114.04,0.0851,105.09,multiple_r,2025-10-01,96.19,take_profit,take_profit,True,,,,,2025-08-21,96.19,take_profit,explicit_replay,-577.4298656323186,52.11720973861669,9.1665,41.0,False,0.0,,,,0.0839681712848922,2.580780488592219,2025-08-20,0.16799419389030235,0.03759398496240601,0.29026152533332517,-0.12226733144302282,Q3,Q1,Q1
exit_closed,2025-10-03,,,,,,,,,,,,,,,NVCR,buy,Unknown,24.0,12.92146470120295,,,,,,,6701.437448703749,,,,,,,2025-09-25,2025-09-26,1.0,ml_p_side,1.0,1.0,ml_first,ML-ranked candidate,0.0,ACCEPTED,OK,0.07668,306.72,24.0,24.0,12.910000000000002,transitioned,2025-09-26,2025-09-29,14.44,10.77,0.07,12.91,multiple_r,2025-10-03,14.44,take_profit,take_profit,True,,,,,2025-09-26,14.44,take_profit,explicit_replay,346.3379536354344,36.12976626071497,11.752,7.0,False,0.0,,,,0.11752036892966777,0.6147042003437002,2025-09-25,0.627418272443505,0.995,0.7272524614215884,-0.09983418897808338,Q4,Q5,Q5
exit_closed,2025-10-07,,,,,,,,,,,,,,,TTD,buy,Unknown,6.0,48.85925943729089,,,,,,,6681.397096277688,,,,,,,2025-09-30,2025-10-01,1.0,ml_p_side,1.0,1.0,ml_first,ML-ranked candidate,0.0,ACCEPTED,OK,0.073515,294.06,6.0,6.0,48.82,transitioned,2025-10-01,2025-10-02,55.38,41.71,0.07,48.82,multiple_r,2025-10-07,55.38,take_profit,take_profit,True,,,,,2025-10-01,55.38,take_profit,explicit_replay,330.4406301361257,37.19712684539331,13.346,6.0,False,0.0,,,,0.13345966839874546,2.042645553511682,2025-09-30,0.6055649983662504,0.9875,0.6289738035680769,-0.02340880520182642,Q5,Q5,Q4
exit_closed,2025-10-07,,,,,,,,,,,,,,,RSI,buy,Unknown,17.999999999,19.46532610115066,,,,,,,7006.62056225052,,,,,,,2025-10-03,2025-10-06,0.9975,ml_p_side,3.0,2.0,ml_first,ML-ranked candidate,0.0,ACCEPTED,OK,0.08667,346.68,18.0,17.999999999,19.440000000000005,transitioned,2025-10-06,2025-10-07,21.76,16.5,0.07,19.44,multiple_r,2025-10-07,18.0885,trailing_stop,trailing_stop,True,,,,,2025-10-06,18.0885,trailing_stop,explicit_replay,325.223465972831,-25.25751658935593,-7.0732,1.0,False,0.0,,,,-0.07073223916188442,0.8472360289001882,2025-10-03,0.5573166393839424,0.99,0.630046394587515,-0.07272975520357261,Q4,Q4,Q4
exit_closed,2025-10-08,,,,,,,,,,,,,,,CXT,sell,Unknown,7.0,64.16683863280626,,,,,,,5898.208081038041,,,,,,,2025-09-23,2025-09-24,0.9974937343358397,ml_p_side,2.0,1.0,ml_first,ML-ranked candidate,0.0,ACCEPTED,OK,0.1133474999999999,453.39,7.0,7.0,64.24,transitioned,2025-09-24,2025-09-25,57.05,71.53,0.1134,64.24,multiple_r,2025-10-08,68.184616,trailing_stop,trailing_stop,True,,,,,2025-09-24,68.184616,trailing_stop,explicit_replay,-477.712753432781,-28.75449467600434,-5.8925,14.0,False,0.0,,,,-0.06261454440954162,2.1037603906267828,2025-09-23,0.2852739577296679,0.005012531328320802,0.5686142141461823,-0.2833402564165144,Q1,Q2,Q3
exit_closed,2025-10-10,,,,,,,,,,,,,,,OBDC,sell,Unknown,26.0,13.722944677538916,,,,,,,6366.794536587945,,,,,,,2025-04-17,2025-04-21,0.9974811083123426,ml_p_side,2.0,1.0,ml_first,ML-ranked candidate,0.0,ACCEPTED,OK,0.090025,360.1,26.0,26.0,13.74,transitioned,2025-04-21,2025-04-22,12.05,15.72,0.1438,13.74,multiple_r,2025-10-10,12.05,take_profit,take_profit,True,,,,,2025-04-21,12.05,take_profit,explicit_replay,-313.5230794107952,42.43585980104189,13.8834,172.0,False,0.0,,,,0.12190857843193914,0.5705872349888814,2025-04-17,0.22181621197987816,0.005037783375314861,0.2902579299351768,-0.06844171795529863,Q4,Q1,Q1
exit_closed,2025-10-13,,,,,,,,,,,,,,,TTD,buy,Unknown,6.0,53.80631176541381,,,,,,,6390.478853566838,,,,,,,2025-10-07,2025-10-08,0.9975,ml_p_side,3.0,2.0,ml_first,ML-ranked candidate,0.0,ACCEPTED,OK,0.080235,320.94,6.0,6.0,53.69,transitioned,2025-10-08,2025-10-09,60.44,45.6,0.07,53.69,multiple_r,2025-10-13,51.1407,trailing_stop,trailing_stop,True,,,,,2025-10-08,51.1407,trailing_stop,explicit_replay,306.7222194796859,-16.212502473974666,-4.9541,5.0,False,0.0,,,,-0.049540875000602336,2.344660504403945,2025-10-07,0.6084642933052079,0.9925,0.6886730249674182,-0.08020873166221032,Q4,Q5,Q5
exit_closed,2025-10-13,,,,,,,,,,,,,,,SMMT,buy,Unknown,13.0,21.765616661216484,,,,,,,6704.006359821688,,,,,,,2025-10-10,2025-10-13,0.9975,ml_p_side,3.0,2.0,ml_first,ML-ranked candidate,0.0,ACCEPTED,OK,0.0693875,277.55,13.0,13.0,21.75,transitioned,2025-10-13,2025-10-14,24.13,17.54,0.07,21.75,multiple_r,2025-10-13,24.13,take_profit,take_profit,True,,,,,2025-10-13,24.13,take_profit,explicit_replay,313.52750625485066,30.48960375405767,10.8629,0.0,True,0.0,,,,0.108629283313463,1.2073190460618528,2025-10-10,0.6336953865985564,0.985,0.7331767426520291,-0.09948135605347275,Q4,Q5,Q5
exit_closed,2025-10-15,,,,,,,,,,,,,,,RSI,buy,Unknown,17.0,18.093992067926592,,,,,,,7341.453997255634,,,,,,,2025-10-07,2025-10-08,1.0,ml_p_side,1.0,1.0,ml_first,ML-ranked candidate,0.0,ACCEPTED,OK,0.0763725,305.49,17.0,17.0,18.08,transitioned,2025-10-08,2025-10-09,20.31,15.09,0.07,18.08,multiple_r,2025-10-15,20.31,take_profit,take_profit,True,,,,,2025-10-08,20.31,take_profit,explicit_replay,344.99766533431085,37.30752082001232,12.2472,7.0,False,0.0,,,,0.12247202959713355,0.8582834479790264,2025-10-07,0.5640317849088933,0.9825,0.6566896100638782,-0.09265782515498489,Q4,Q4,Q4
exit_closed,2025-10-16,,,,,,,,,,,,,,,RLI,sell,Unknown,12.0,65.25625340905518,,,,,,,6428.0343143879245,,,,,,,2025-10-08,2025-10-09,0.9975,ml_p_side,2.0,1.0,ml_first,ML-ranked candidate,0.0,ACCEPTED,OK,0.1960499999999999,784.1999999999999,12.0,12.0,65.33,transitioned,2025-10-09,2025-10-10,60.92,69.22,0.0596,65.33,multiple_r,2025-10-16,60.92,take_profit,take_profit,True,,,,,2025-10-09,60.92,take_profit,explicit_replay,-731.6299592874767,51.14490285550382,7.1179,7.0,False,0.0,,,,0.06644962256526765,1.132499025984235,2025-10-08,0.24629455390041272,0.015,0.24560851810348527,0.0006860357969274422,Q5,Q1,Q1
exit_closed,2025-10-21,,,,,,,,,,,,,,,TECH,sell,Unknown,6.0,60.08541201473312,,,,,,,5593.399897613257,,,,,,,2025-10-01,2025-10-02,0.9975,ml_p_side,3.0,1.0,ml_first,ML-ranked candidate,0.0,ACCEPTED,OK,0.08988,359.52,6.0,6.0,60.13,transitioned,2025-10-02,2025-10-03,52.13,67.18,0.1172,60.13,multiple_r,2025-10-21,64.63002,trailing_stop,trailing_stop,True,,,,,2025-10-02,64.63002,trailing_stop,explicit_replay,-387.95754101142535,-27.634767152387383,-7.0317,19.0,False,0.0,,,,-0.07563579632527984,2.027025138647681,2025-10-01,0.3277112065797448,0.0275,0.6549301651798451,-0.32721895860010036,Q1,Q2,Q4
exit_closed,2025-10-29,,,,,,,,,,,,,,,GDDY,sell,Unknown,3.0,143.5681106104874,,,,,,,4917.643021842306,,,,,,,2025-09-02,2025-09-03,0.9974937343358397,ml_p_side,2.0,1.0,ml_first,ML-ranked candidate,0.0,ACCEPTED,OK,0.1082924999999999,433.17,3.0,3.0,143.67,transitioned,2025-09-03,2025-09-04,126.14,160.36,0.1162,143.67,multiple_r,2025-10-29,126.14,take_profit,take_profit,True,,,,,2025-09-03,126.14,take_profit,explicit_replay,-378.6830164005689,51.60496791012292,13.8165,56.0,False,0.0,,,,0.12139263055269534,4.797682682717891,2025-09-02,0.3247197168396116,0.047619047619047616,0.4442020956662747,-0.11948237882666313,Q3,Q2,Q2
exit_closed,2025-10-29,,,,,,,,,,,,,,,TTD,buy,Unknown,6.0,50.38966899358658,,,,,,,5224.987689252305,,,,,,,2025-10-13,2025-10-14,1.0,ml_p_side,1.0,1.0,ml_first,ML-ranked candidate,0.0,ACCEPTED,OK,0.0769125,307.65,6.0,6.0,50.29999999999999,transitioned,2025-10-14,2025-10-15,57.94,43.58,0.07,50.3,multiple_r,2025-10-29,51.2523,trailing_stop,trailing_stop,True,,,,,2025-10-14,51.2523,trailing_stop,explicit_replay,307.34466741,4.915952044292055,1.7119,15.0,False,0.0,,,,0.017119203670959093,1.9456197124533097,2025-10-13,0.6145752823235996,1.0,0.7063985349845778,-0.09182325266097824,Q4,Q5,Q5
exit_closed,2025-10-29,,,,,,,,,,,,,,,AVPT,buy,Unknown,32.0,13.951918526801562,,,,,,,5672.851147898507,,,,,,,2025-10-16,2025-10-17,0.995,ml_p_side,4.0,3.0,ml_first,ML-ranked candidate,0.0,ACCEPTED,OK,0.112,448.0,32.0,32.0,13.94,transitioned,2025-10-17,2025-10-20,15.74,12.47,0.07,13.94,multiple_r,2025-10-29,14.0151,trailing_stop,trailing_stop,True,,,,,2025-10-17,14.0151,trailing_stop,explicit_replay,447.8634586462026,1.2681273706953675,0.4529,12.0,False,0.0,,,,0.00452851506243146,0.42340529337187455,2025-10-16,0.4605858415356981,0.99,0.5558503219949888,-0.09526448045929076,Q4,Q3,Q3
exit_closed,2025-10-30,,,,,,,,,,,,,,,MNDY,buy,Unknown,1.0,181.66996633692324,,,,,,,6165.016955924366,,,,,,,2025-10-15,2025-10-16,0.9975,ml_p_side,3.0,2.0,ml_first,ML-ranked candidate,0.0,ACCEPTED,OK,0.0452275,180.91,1.0,1.0,181.36,transitioned,2025-10-16,2025-10-17,204.43,147.64,0.07,181.36,multiple_r,2025-10-30,204.43,take_profit,take_profit,True,,,,,2025-10-16,204.43,take_profit,explicit_replay,204.33785860048232,22.61339127365801,12.5282,14.0,False,0.0,,,,0.12528231342800078,9.722847524835215,2025-10-15,0.627418272443505,1.0,0.744723787569754,-0.11730551512624898,Q3,Q5,Q5
exit_closed,2025-10-30,,,,,,,,,,,,,,,PSKY,buy,Unknown,17.999999999,16.483206325083007,,,,,,,6448.15681637231,,,,,,,2025-10-21,2025-10-22,1.0,ml_p_side,1.0,1.0,ml_first,ML-ranked candidate,0.0,ACCEPTED,OK,0.074295,297.18,18.0,17.999999999,16.47,transitioned,2025-10-22,2025-10-23,18.66,13.82,0.07,16.47,multiple_r,2025-10-30,15.7449,trailing_stop,trailing_stop,True,,,,,2025-10-22,15.7449,trailing_stop,explicit_replay,283.139860447944,-13.646862701217517,-4.4791,8.0,False,0.0,,,,-0.0447914265296494,0.760916092880859,2025-10-21,0.5806226468181812,0.99,0.7072822301078959,-0.12665958328971472,Q3,Q4,Q5
exit_closed,2025-10-31,,,,,,,,,,,,,,,ACI,sell,Unknown,30.999999999,19.195393698255664,,,,,,,5794.37563522206,,,,,,,2025-10-14,2025-10-15,0.9975,ml_p_side,2.0,1.0,ml_first,ML-ranked candidate,0.0,ACCEPTED,OK,0.149265,597.0600000000001,31.0,30.999999999000003,19.21,transitioned,2025-10-15,2025-10-16,17.42,20.87,0.0863,19.21,multiple_r,2025-10-31,17.42,take_profit,take_profit,True,,,,,2025-10-15,17.42,take_profit,explicit_replay,-540.3346833928047,54.43065984308481,10.1917,16.0,False,0.0,,,,0.09249061135000303,0.4784589433555248,2025-10-14,0.25199714008446467,0.0075,0.2661585290709777,-0.014161388986513035,Q5,Q1,Q1
exit_closed,2025-11-04,,,,,,,,,,,,,,,TTD,buy,Unknown,6.0,49.60002055555555,,,,,,,5669.962223708163,,,,,,,2025-10-29,2025-10-30,1.0,ml_p_side,1.0,1.0,ml_first,ML-ranked candidate,0.0,ACCEPTED,OK,0.0749399999999999,299.76,6.0,6.0,49.55500000000001,transitioned,2025-10-30,2025-10-31,56.45,41.74,0.07,49.56,multiple_r,2025-11-04,47.2347,trailing_stop,trailing_stop,True,,,,,2025-10-30,47.2347,trailing_stop,explicit_replay,283.25232549,-14.437077880333334,-4.7688,5.0,False,0.0,,,,-0.04768789466339496,2.2457201587301574,2025-10-29,0.6217399863800659,1.0,0.6444264680036634,-0.022686481623597543,Q5,Q5,Q4
exit_closed,2025-11-04,,,,,,,,,,,,,,,MNDY,buy,Unknown,1.0,198.24836650998537,,,,,,,5865.610258073163,,,,,,,2025-10-30,2025-10-31,0.9975,ml_p_side,2.0,2.0,ml_first,ML-ranked candidate,0.0,ACCEPTED,OK,0.049725,198.9,1.0,1.0,198.13,transitioned,2025-10-31,2025-11-03,224.76,171.05,0.07,198.13,multiple_r,2025-11-04,195.7557,trailing_stop,trailing_stop,True,,,,,2025-10-31,195.7557,trailing_stop,explicit_replay,195.648034365,-2.659806654938393,-1.2573,4.0,False,0.0,,,,-0.012573452956344155,7.7709618599958175,2025-10-30,0.5509132669136864,0.9975,0.7127363041382793,-0.1618230372245929,Q2,Q4,Q5
exit_closed,2025-11-12,,,,,,,,,,,,,,,PSKY,buy,Unknown,22.0,15.392688375040624,,,,,,,6383.547542891417,,,,,,,2025-10-30,2025-10-31,0.995,ml_p_side,4.0,3.0,ml_first,ML-ranked candidate,0.0,ACCEPTED,OK,0.08503,340.12,22.0,22.0,15.38,transitioned,2025-10-31,2025-11-03,17.47,13.23,0.07,15.38,multiple_r,2025-11-12,15.958799999999998,trailing_stop,trailing_stop,True,,,,,2025-10-31,15.958799999999998,trailing_stop,explicit_replay,350.87570584112854,12.134969846959564,3.6778,12.0,False,0.0,,,,0.03677795659641414,0.6179109642973211,2025-10-30,0.526508291150282,0.985,0.6767762245985649,-0.15026793344828293,Q2,Q4,Q4
exit_closed,2025-11-17,,,,,,,,,,,,,,,PTCT,buy,Unknown,6.0,67.9239123269514,,,,,,,6621.317217374417,,,,,,,2025-10-31,2025-11-03,0.9925,ml_p_side,5.0,4.0,ml_first,ML-ranked candidate,0.0,ACCEPTED,OK,0.102465,409.86,6.0,6.0,67.86,transitioned,2025-11-03,2025-11-04,77.13,60.59,0.07,67.86,multiple_r,2025-11-17,77.13,take_profit,take_profit,True,,,,,2025-11-03,77.13,take_profit,explicit_replay,462.5254709999999,54.859733996103046,13.5535,14.0,False,0.0,,,,0.1355352976244235,2.095403521986112,2025-10-31,0.4714089130254145,0.98,0.6083253119710743,-0.13691639894565982,Q3,Q3,Q4
exit_closed,2025-11-17,,,,,,,,,,,,,,,SMMT,buy,Unknown,12.0,18.7240325,,,,,,,6831.9912266896135,,,,,,,2025-11-12,2025-11-13,1.0,ml_p_side,1.0,1.0,ml_first,ML-ranked candidate,0.0,ACCEPTED,OK,0.0564899999999999,225.96,12.0,12.0,18.71,transitioned,2025-11-13,2025-11-14,21.28,14.68,0.07,18.71,multiple_r,2025-11-17,17.576999999999998,trailing_stop,trailing_stop,True,,,,,2025-11-13,17.576999999999998,trailing_stop,explicit_replay,210.67400931519617,-14.08178720180382,-6.126,4.0,False,0.0,,,,-0.06125990755463606,1.1554378571428572,2025-11-12,0.6182785994097518,1.0,0.7176588712101417,-0.09938027180038989,Q4,Q5,Q5
exit_closed,2025-11-20,,,,,,,,,,,,,,,SMMT,buy,Unknown,15.0,16.7225325,,,,,,,6463.359685990297,,,,,,,2025-11-17,2025-11-18,1.0,ml_p_side,1.0,1.0,ml_first,ML-ranked candidate,0.0,ACCEPTED,OK,0.0635625,254.25,15.0,15.0,16.71,transitioned,2025-11-18,2025-11-19,19.15,13.63,0.07,16.71,multiple_r,2025-11-20,15.9774,trailing_stop,trailing_stop,True,,,,,2025-11-18,15.9774,trailing_stop,explicit_replay,239.4433225029197,-11.469916393330294,-4.4559,2.0,False,0.0,,,,-0.04455859182812172,0.883580714285714,2025-11-17,0.6182785994097518,1.0,0.6428558054241669,-0.024577206014415043,Q5,Q5,Q4
exit_closed,2025-11-21,,,,,,,,,,,,,,,ITT,sell,Unknown,3.0,195.23102023797452,,,,,,,5670.036184948324,,,,,,,2025-10-29,2025-10-30,0.9925,ml_p_side,5.0,2.0,ml_first,ML-ranked candidate,0.0,ACCEPTED,OK,0.1466025,586.41,3.0,3.0,195.48,transitioned,2025-10-30,2025-10-31,176.66,211.93,0.0841,195.48,multiple_r,2025-11-21,176.66,take_profit,take_profit,True,,,,,2025-10-30,176.66,take_profit,explicit_replay,-530.4945262003578,54.86943079373616,10.5123,22.0,False,0.0,,,,0.09512330681536985,4.771137074864425,2025-10-29,0.1795832939896117,0.0025,0.2345715676355658,-0.0549882736459541,Q5,Q1,Q1
exit_closed,2025-11-24,,,,,,,,,,,,,,,CHWY,buy,Unknown,12.0,33.64697631387964,,,,,,,5792.920817374508,,,,,,,2025-11-04,2025-11-05,0.9975,ml_p_side,2.0,2.0,ml_first,ML-ranked candidate,0.0,ACCEPTED,OK,0.10137,405.48,12.0,12.0,33.62,transitioned,2025-11-05,2025-11-06,38.18,29.73,0.07,33.62,multiple_r,2025-11-24,32.5314,trailing_stop,trailing_stop,True,,,,,2025-11-05,32.5314,trailing_stop,explicit_replay,388.09626873339903,-15.788576147886602,-3.3155,19.0,False,0.0,,,,-0.033155321401628024,1.1191360896798972,2025-11-04,0.5103096404745856,0.99,0.6294119693372868,-0.11910232886270122,Q3,Q3,Q4
exit_closed,2025-11-25,,,,,,,,,,,,,,,HSIC,sell,Unknown,8.0,71.38971989827095,,,,,,,5191.6469954465465,,,,,,,2025-11-04,2025-11-05,0.9975,ml_p_side,3.0,1.0,ml_first,ML-ranked candidate,0.0,ACCEPTED,OK,0.14322,572.88,8.0,8.0,71.49,transitioned,2025-11-05,2025-11-06,64.68,77.68,0.0865,71.49,multiple_r,2025-11-25,75.10974499999999,trailing_stop,trailing_stop,True,,,,,2025-11-05,75.10974499999999,trailing_stop,explicit_replay,-601.1378415091077,-30.32739806954979,-4.9528,20.0,False,0.0,,,,-0.052108694459510385,1.7972228862083008,2025-11-04,0.1807924224374861,0.0325,0.2969663153933722,-0.1161738929558861,Q3,Q1,Q1
exit_closed,2025-12-02,,,,,,,,,,,,,,,SMMT,buy,Unknown,16.0,16.4123,,,,,,,5591.784045774242,,,,,,,2025-11-20,2025-11-21,1.0,ml_p_side,1.0,1.0,ml_first,ML-ranked candidate,0.0,ACCEPTED,OK,0.0658,263.2,16.0,16.0,16.4,transitioned,2025-11-21,2025-11-24,18.59,13.36,0.07,16.4,multiple_r,2025-12-02,16.8981,trailing_stop,trailing_stop,True,,,,,2025-11-21,16.8981,trailing_stop,explicit_replay,270.22089672,7.545317680000039,2.96,11.0,False,0.0,,,,0.02959975140595783,0.872085714285714,2025-11-20,0.6214233108520287,1.0,0.6690489885286003,-0.047625677676571554,Q5,Q5,Q4
exit_closed,2025-12-02,,,,,,,,,,,,,,,LYFT,buy,Unknown,11.0,19.794796970974947,,,,,,,5835.636012484514,,,,,,,2025-11-25,2025-11-26,0.995,ml_p_side,4.0,3.0,ml_first,ML-ranked candidate,0.0,ACCEPTED,OK,0.0539824999999999,215.93,11.0,11.0,19.78,transitioned,2025-11-26,2025-11-28,22.18,15.42,0.07,19.78,multiple_r,2025-12-02,22.18,take_profit,take_profit,True,,,,,2025-11-26,22.18,take_profit,explicit_replay,243.851966710272,26.043877199543346,12.0496,6.0,False,0.0,,,,0.12049646341523323,1.2499419917071275,2025-11-25,0.5665479268558465,0.95,0.6269040223823059,-0.060356095526459375,Q4,Q4,Q4
exit_closed,2025-12-03,,,,,,,,,,,,,,,NOV,sell,Unknown,28.0,15.1372348663926,,,,,,,5472.268933457755,,,,,,,2025-10-30,2025-10-31,0.995,ml_p_side,3.0,1.0,ml_first,ML-ranked candidate,0.0,ACCEPTED,OK,0.1058399999999999,423.36,28.0,28.0,15.150000000000002,transitioned,2025-10-31,2025-11-03,13.15,16.85,0.1121,15.15,multiple_r,2025-12-03,15.903030000000005,trailing_stop,trailing_stop,True,,,,,2025-10-31,15.903030000000005,trailing_stop,explicit_replay,-445.554806719994,-22.005892817409208,-4.8154,33.0,False,0.0,,,,-0.05059015998408056,0.4893614667449719,2025-10-30,0.32116473949527674,0.02,0.5145567315475352,-0.1933919920522585,Q2,Q2,Q2
exit_closed,2025-12-04,,,,,,,,,,,,,,,KLIC,sell,Unknown,8.0,43.47857396199155,,,,,,,4701.57319569125,,,,,,,2025-11-25,2025-11-26,0.9975,ml_p_side,3.0,1.0,ml_first,ML-ranked candidate,0.0,ACCEPTED,OK,0.08712,348.48,8.0,8.0,43.51,transitioned,2025-11-26,2025-11-28,37.9,49.49,0.1373,43.51,multiple_r,2025-12-04,49.13136,trailing_stop,trailing_stop,True,,,,,2025-11-26,49.13136,trailing_stop,explicit_replay,-393.49950698465625,-45.80839039877506,-11.5055,8.0,False,0.0,,,,-0.13001314263319785,1.7175502965738434,2025-11-25,0.30948655590324653,0.0025,0.624147572365949,-0.31466101646270245,Q1,Q2,Q4
exit_closed,2025-12-08,,,,,,,,,,,,,,,CNM,buy,Unknown,8.0,44.631813494200046,,,,,,,4857.13785149361,,,,,,,2025-11-17,2025-11-18,0.9975,ml_p_side,2.0,2.0,ml_first,ML-ranked candidate,0.0,ACCEPTED,OK,0.0899,359.6,8.0,8.0,44.59,transitioned,2025-11-18,2025-11-19,50.79,39.36,0.07,44.59,multiple_r,2025-12-08,50.79,take_profit,take_profit,True,,,,,2025-11-18,50.79,take_profit,explicit_replay,406.0774746086096,48.91585030262314,13.7978,20.0,False,0.0,,,,0.13797751029319527,1.5062324269142988,2025-11-17,0.45491186385207383,0.995,0.3791559081487599,0.07575595570331395,Q5,Q3,Q1
exit_closed,2025-12-08,,,,,,,,,,,,,,,POWI,buy,Unknown,8.0,33.14151208477639,,,,,,,5155.767671918959,,,,,,,2025-11-21,2025-11-24,0.9975,ml_p_side,2.0,2.0,ml_first,ML-ranked candidate,0.0,ACCEPTED,OK,0.06612,264.48,8.0,8.0,33.11,transitioned,2025-11-24,2025-11-25,37.36,26.88,0.07,33.11,multiple_r,2025-12-08,37.36,take_profit,take_profit,True,,,,,2025-11-24,37.36,take_profit,explicit_replay,298.62982042534907,33.41818411813449,12.7287,14.0,False,0.0,,,,0.12728712873548642,1.789003452793254,2025-11-21,0.5704708861326049,0.9975,0.7022818589989802,-0.13181097286637533,Q3,Q4,Q5
exit_closed,2025-12-08,,,,,,,,,,,,,,,FMC,buy,Unknown,23.0,13.790335,,,,,,,5454.849186563959,,,,,,,2025-12-02,2025-12-03,1.0,ml_p_side,1.0,1.0,ml_first,ML-ranked candidate,0.0,ACCEPTED,OK,0.078775,315.1,23.0,23.0,13.78,transitioned,2025-12-03,2025-12-04,15.48,11.54,0.07,13.78,multiple_r,2025-12-08,13.0107,trailing_stop,trailing_stop,True,,,,,2025-12-03,13.0107,trailing_stop,explicit_replay,299.081514645,-18.191343666500018,-5.6535,5.0,False,0.0,,,,-0.056534884758057014,0.6429528571428575,2025-12-02,0.6349971297139084,1.0,0.6277321905133817,0.007264939200526732,Q5,Q5,Q4
exit_closed,2025-12-09,,,,,,,,,,,,,,,CPB,sell,Unknown,15.0,31.65438474178404,,,,,,,5005.217341502656,,,,,,,2025-07-30,2025-07-31,0.9949874686716792,ml_p_side,3.0,2.0,ml_first,ML-ranked candidate,0.0,ACCEPTED,OK,0.1203375,481.35,15.0,15.0,31.7,transitioned,2025-07-31,2025-08-01,28.52,35.22,0.1109,31.7,multiple_r,2025-12-09,28.52,take_profit,take_profit,True,,,,,2025-07-31,28.52,take_profit,explicit_replay,-428.07855067415727,45.85428922105572,10.9901,131.0,False,0.0,,,,0.09901897532845194,1.0187472166331315,2025-07-30,0.32933891526564096,0.045112781954887216,0.4040508976081902,-0.07471198234254922,Q4,Q2,Q1
exit_closed,2025-12-15,,,,,,,,,,,,,,,FMC,buy,Unknown,25.0,12.88966,,,,,,,4955.284546732653,,,,,,,2025-12-08,2025-12-09,1.0,ml_p_side,1.0,1.0,ml_first,ML-ranked candidate,0.0,ACCEPTED,OK,0.081875,327.5,25.0,25.0,12.88,transitioned,2025-12-09,2025-12-10,14.8,11.12,0.07,12.88,multiple_r,2025-12-15,13.289699999999998,trailing_stop,trailing_stop,True,,,,,2025-12-09,13.289699999999998,trailing_stop,explicit_replay,332.05976662499995,9.72159417499995,3.1036,6.0,False,0.0,,,,0.031035729414119473,0.5056171428571429,2025-12-08,0.6715271795478606,1.0,0.5834623352067441,0.0880648443411165,Q5,Q5,Q3
exit_closed,2025-12-18,,,,,,,,,,,,,,,MD,buy,Unknown,17.999999999,21.21544433426769,,,,,,,5052.952624381945,,,,,,,2025-12-09,2025-12-10,0.995,ml_p_side,4.0,3.0,ml_first,ML-ranked candidate,0.0,ACCEPTED,OK,0.0954899999999999,381.96,18.0,17.999999999,21.19,transitioned,2025-12-10,2025-12-11,23.98,18.46,0.07,21.19,multiple_r,2025-12-18,21.4458,trailing_stop,trailing_stop,True,,,,,2025-12-10,21.4458,trailing_stop,explicit_replay,385.7302903952911,3.737729000289392,1.0858,8.0,False,0.0,,,,0.01085792322342427,0.7872698097907685,2025-12-09,0.5088882812755421,0.98,0.6281957693498099,-0.11930748807426783,Q3,Q3,Q4
exit_closed,2025-12-22,,,,,,,,,,,,,,,FMC,buy,Unknown,22.0,13.08981,,,,,,,5033.836204208526,,,,,,,2025-12-15,2025-12-16,1.0,ml_p_side,1.0,1.0,ml_first,ML-ranked candidate,0.0,ACCEPTED,OK,0.07216,288.64,22.0,22.0,13.08,transitioned,2025-12-16,2025-12-17,14.83,10.91,0.07,13.08,multiple_r,2025-12-22,13.1595,trailing_stop,trailing_stop,True,,,,,2025-12-16,13.1595,trailing_stop,explicit_replay,289.34977005,1.2875573040000177,0.5324,6.0,False,0.0,,,,0.0053239886598812625,0.6228028571428571,2025-12-15,0.6489303541502845,1.0,0.5472010356526348,0.10172931849764977,Q5,Q5,Q3
exit_closed,2025-12-30,,,,,,,,,,,,,,,ARQT,buy,Unknown,11.0,28.0339707381802,,,,,,,5040.600403567762,,,,,,,2025-12-18,2025-12-19,0.9975,ml_p_side,2.0,2.0,ml_first,ML-ranked candidate,0.0,ACCEPTED,OK,0.076395,305.58000000000004,11.0,11.0,27.995,transitioned,2025-12-19,2025-12-22,31.39,23.55,0.07,28.0,multiple_r,2025-12-30,28.1418,trailing_stop,trailing_stop,True,,,,,2025-12-19,28.1418,trailing_stop,explicit_replay,309.301598358736,0.8354081353177776,0.3846,11.0,False,0.0,,,,0.0038463784822655445,1.2811344966229146,2025-12-18,0.6068829412557251,0.98,0.6685560050684868,-0.06167306381276172,Q4,Q5,Q4
exit_closed,2026-01-02,,,,,,,,,,,,,,,VRNS,buy,Unknown,12.0,31.42083243771098,,,,,,,5998.014961453996,,,,,,,2025-12-03,2025-12-04,0.9975,ml_p_side,3.0,2.0,ml_first,ML-ranked candidate,0.0,ACCEPTED,OK,0.09456,378.24,12.0,12.0,31.39,transitioned,2025-12-04,2025-12-05,35.62,27.64,0.07,31.39,multiple_r,2026-01-02,32.317499999999995,trailing_stop,trailing_stop,True,,,,,2025-12-04,32.317499999999995,trailing_stop,explicit_replay,387.51206967363817,10.348965424330627,2.8537,29.0,False,0.0,,,,0.0285373585841997,1.0802378393459944,2025-12-03,0.5717846812526257,0.99,0.5738559266481891,-0.002071245395563359,Q5,Q4,Q3
exit_closed,2026-01-05,,,,,,,,,,,,,,,QFIN,buy,Unknown,13.0,19.2644375,,,,,,,6948.515991076697,,,,,,,2025-12-04,2025-12-05,0.9975,ml_p_side,3.0,2.0,ml_first,ML-ranked candidate,0.0,ACCEPTED,OK,0.0609049999999999,243.62,13.0,13.0,19.25,transitioned,2025-12-05,2025-12-08,21.18,15.08,0.07,19.25,multiple_r,2026-01-05,18.87435,trailing_stop,trailing_stop,True,,,,,2025-12-05,18.87435,trailing_stop,explicit_replay,245.10405123592375,-5.4087675703262335,-2.0249,31.0,False,0.0,,,,-0.020249098890118167,1.1955535714285712,2025-12-04,0.5752732494730652,0.995,0.7304246915806615,-0.15515144210759624,Q2,Q4,Q5
exit_closed,2026-01-06,,,,,,,,,,,,,,,FMC,buy,Unknown,23.0,13.149855,,,,,,,7290.797632576697,,,,,,,2025-12-22,2025-12-23,1.0,ml_p_side,1.0,1.0,ml_first,ML-ranked candidate,0.0,ACCEPTED,OK,0.0757849999999999,303.14,23.0,23.0,13.14,transitioned,2025-12-23,2025-12-24,14.89,11.07,0.07,13.14,multiple_r,2026-01-06,14.89,take_profit,take_profit,True,,,,,2025-12-23,14.89,take_profit,explicit_replay,342.28164150000003,39.74424250050004,13.2332,14.0,False,0.0,,,,0.13233187742374342,0.5942442857142858,2025-12-22,0.6489303541502845,1.0,0.5128931821306799,0.13603717201960464,Q5,Q5,Q2
exit_closed,2026-01-07,,,,,,,,,,,,,,,CAG,sell,Unknown,25.0,18.455825176517784,,,,,,,6091.146325006466,,,,,,,2025-08-01,2025-08-04,0.9974937343358397,ml_p_side,2.0,1.0,ml_first,ML-ranked candidate,0.0,ACCEPTED,OK,0.1156875,462.75000000000006,25.0,25.0,18.47,transitioned,2025-08-04,2025-08-05,16.27,20.47,0.1083,18.47,multiple_r,2026-01-07,16.27,take_profit,take_profit,True,,,,,2025-08-04,16.27,take_profit,explicit_replay,-406.9737125,53.426620626639526,13.4347,156.0,False,0.0,,,,0.11843551592041046,0.5754785209949185,2025-08-01,0.24852319303012077,0.020050125313283207,0.38486060605746825,-0.13633741302734748,Q3,Q1,Q1
exit_closed,2026-01-08,,,,,,,,,,,,,,,TREX,buy,Unknown,10.0,34.167082595307924,,,,,,,7120.2259309838855,,,,,,,2025-12-08,2025-12-09,0.9975,ml_p_side,2.0,2.0,ml_first,ML-ranked candidate,0.0,ACCEPTED,OK,0.08585,343.40000000000003,10.0,10.0,34.13000000000001,transitioned,2025-12-09,2025-12-10,38.8,29.69,0.07,34.13,multiple_r,2026-01-08,38.8,take_profit,take_profit,True,,,,,2025-12-09,38.8,take_profit,explicit_replay,387.7866,46.01327279913477,13.5596,30.0,False,0.0,,,,0.13559593189640085,1.2791664558022637,2025-12-08,0.5804238907296351,0.9975,0.6253003978153777,-0.044876507085742645,Q5,Q4,Q4
exit_closed,2026-01-12,,,,,,,,,,,,,,,ASH,sell,Unknown,7.0,57.10671709916788,,,,,,,7109.710568074116,,,,,,,2025-12-02,2025-12-03,0.9975,ml_p_side,2.0,1.0,ml_first,ML-ranked candidate,0.0,ACCEPTED,OK,0.1006075,402.43,7.0,7.0,57.14999999999999,transitioned,2025-12-03,2025-12-04,50.02,64.36,0.1261999999999999,57.15,multiple_r,2026-01-12,64.36232999999999,trailing_stop,trailing_stop,True,,,,,2025-12-03,64.36232999999999,trailing_stop,explicit_replay,-450.8464908254061,-51.40975096080306,-11.2731,40.0,False,0.0,,,,-0.1270535808989417,2.072366543094891,2025-12-02,0.29586514307123274,0.0075,0.36075206885719224,-0.0648869257859595,Q4,Q2,Q1
exit_closed,2026-01-13,,,,,,,,,,,,,,,GDDY,sell,Unknown,6.0,117.60144349751202,,,,,,,6999.14859556612,,,,,,,2026-01-02,2026-01-05,0.9975,ml_p_side,2.0,1.0,ml_first,ML-ranked candidate,0.0,ACCEPTED,OK,0.17778,711.12,6.0,6.0,117.7,transitioned,2026-01-05,2026-01-06,109.12,126.74,0.0768,117.7,multiple_r,2026-01-13,109.12,take_profit,take_profit,True,,,,,2026-01-05,109.12,take_profit,explicit_replay,-655.1562401758242,50.173537386096655,7.7726,8.0,False,0.0,,,,0.07212023292631997,2.611016143567992,2026-01-02,0.16767633295526257,0.0025,0.4057109426780464,-0.23803460972278384,Q1,Q1,Q1
exit_closed,2026-01-14,,,,,,,,,,,,,,,HRL,sell,Unknown,27.0,23.833027380952384,,,,,,,6871.779472822502,,,,,,,2025-12-08,2025-12-09,0.995,ml_p_side,3.0,1.0,ml_first,ML-ranked candidate,0.0,ACCEPTED,OK,0.1609875,643.95,27.0,27.0,23.85,transitioned,2025-12-09,2025-12-10,21.78,25.66,0.0761,23.85,multiple_r,2026-01-14,23.932464,trailing_stop,trailing_stop,True,,,,,2025-12-09,23.932464,trailing_stop,explicit_replay,-646.5022268118992,-3.4793172219500823,-0.4155,36.0,False,0.0,,,,-0.0041722193936253316,0.5219921768707475,2025-12-08,0.2006882390019677,0.0025,0.3210495541311242,-0.12036131512915649,Q3,Q1,Q1
exit_closed,2026-01-15,,,,,,,,,,,,,,,VRNS,buy,Unknown,13.0,33.4550725,,,,,,,7706.5080596007165,,,,,,,2026-01-06,2026-01-07,0.9975,ml_p_side,3.0,2.0,ml_first,ML-ranked candidate,0.0,ACCEPTED,OK,0.1082249999999999,432.9,13.0,13.0,33.43,transitioned,2026-01-07,2026-01-08,37.63,29.48,0.07,33.43,multiple_r,2026-01-15,33.9636,trailing_stop,trailing_stop,True,,,,,2026-01-07,33.9636,trailing_stop,explicit_replay,441.0694510107726,6.023033728022654,1.52,8.0,False,0.0,,,,0.015200310804886152,1.135735,2026-01-06,0.3438905955969361,0.995,0.45664369875407895,-0.11275310315714288,Q3,Q3,Q2
exit_closed,2026-01-15,,,,,,,,,,,,,,,CAG,sell,Unknown,40.0,16.03713629032258,,,,,,,7017.854902135577,,,,,,,2026-01-07,2026-01-08,0.9975,ml_p_side,2.0,1.0,ml_first,ML-ranked candidate,0.0,ACCEPTED,OK,0.1607999999999999,643.1999999999999,40.0,40.0,16.05,transitioned,2026-01-08,2026-01-09,14.68,17.3,0.078,16.05,multiple_r,2026-01-15,17.204880000000003,trailing_stop,trailing_stop,True,,,,,2026-01-08,17.204880000000003,trailing_stop,explicit_replay,-688.5997003441727,-47.36015148772113,-6.7873,7.0,False,0.0,,,,-0.07281497697204742,0.3608182027649777,2026-01-07,0.18667556825340553,0.0775,0.38873019717505464,-0.2020546289216491,Q2,Q1,Q1
exit_closed,2026-01-20,,,,,,,,,,,,,,,KD,sell,Unknown,20.0,27.241245798373683,,,,,,,6685.211656500469,,,,,,,2026-01-12,2026-01-13,0.9975,ml_p_side,2.0,1.0,ml_first,ML-ranked candidate,0.0,ACCEPTED,OK,0.1367,546.8,20.0,20.0,27.27,transitioned,2026-01-13,2026-01-14,24.53,29.8,0.0928,27.27,multiple_r,2026-01-20,24.53,take_profit,take_profit,True,,,,,2026-01-13,24.53,take_profit,explicit_replay,-490.86983,53.74623641635275,11.0528,7.0,False,0.0,,,,0.09952723228742877,0.7310726290360908,2026-01-12,0.23756290042527378,0.01,0.5053484104260078,-0.267785510000734,Q1,Q1,Q2
exit_closed,2026-01-23,,,,,,,,,,,,,,,NOV,sell,Unknown,25.0,17.62614718972896,,,,,,,5850.089792821412,,,,,,,2026-01-08,2026-01-09,0.9975,ml_p_side,2.0,1.0,ml_first,ML-ranked candidate,0.0,ACCEPTED,OK,0.1097499999999999,439.0,25.0,25.0,17.64,transitioned,2026-01-09,2026-01-12,15.32,19.52,0.1066,17.64,multiple_r,2026-01-23,19.011388,trailing_stop,trailing_stop,True,,,,,2026-01-09,19.011388,trailing_stop,explicit_replay,-475.556473966673,-35.10843260732919,-7.2864,14.0,False,0.0,,,,-0.07859010794362598,0.5411008029345824,2026-01-08,0.25449525025816006,0.005,0.5152853905889946,-0.26079014033083453,Q1,Q1,Q2
exit_closed,2026-01-26,,,,,,,,,,,,,,,TREX,buy,Unknown,8.999999999,42.661972500000005,,,,,,,5942.009584633906,,,,,,,2026-01-15,2026-01-16,1.0,ml_p_side,1.0,1.0,ml_first,ML-ranked candidate,0.0,ACCEPTED,OK,0.0969299999999999,387.72,9.0,8.999999999,42.63,transitioned,2026-01-16,2026-01-20,48.68,38.06,0.07,42.63,multiple_r,2026-01-26,41.97555,trailing_stop,trailing_stop,True,,,,,2026-01-16,41.97555,trailing_stop,explicit_replay,377.5721709855475,-6.500768797527769,-1.609,10.0,False,0.0,,,,-0.01608979753573292,1.3148492857142864,2026-01-15,0.3445978572022592,0.9925,0.5527400686705632,-0.20814221146830403,Q1,Q3,Q3
exit_closed,2026-01-28,,,,,,,,,,,,,,,VRNS,buy,Unknown,11.0,32.671284744797205,,,,,,,5980.795857533607,,,,,,,2026-01-20,2026-01-21,1.0,ml_p_side,1.0,1.0,ml_first,ML-ranked candidate,0.0,ACCEPTED,OK,0.089595,358.38,11.0,11.0,32.65,transitioned,2026-01-21,2026-01-22,36.82,28.21,0.07,32.65,multiple_r,2026-01-28,33.7962,trailing_stop,trailing_stop,True,,,,,2026-01-21,33.7962,trailing_stop,explicit_replay,371.5353676897006,12.04342025727351,3.4431,7.0,False,0.0,,,,0.03443131373589248,1.2746527842277726,2026-01-20,0.35505677380985434,0.9975,0.473264326839392,-0.11820755302953767,Q3,Q3,Q2
exit_closed,2026-01-29,,,,,,,,,,,,,,,TENB,sell,Unknown,24.0,23.75306292773645,,,,,,,5137.025793458265,,,,,,,2025-12-30,2025-12-31,0.9975,ml_p_side,2.0,1.0,ml_first,ML-ranked candidate,0.0,ACCEPTED,OK,0.14292,571.6800000000001,24.0,24.0,23.77,transitioned,2025-12-31,2026-01-02,21.45,25.89,0.0894,23.77,multiple_r,2026-01-29,21.45,take_profit,take_profit,True,,,,,2025-12-31,21.45,take_profit,explicit_replay,-522.0859732237615,47.61970389600384,10.7369,29.0,False,0.0,,,,0.09695856634333944,0.610553449218157,2025-12-30,0.30243436921114797,0.05,0.6472588290111336,-0.34482445979998566,Q1,Q2,Q4
exit_closed,2026-01-29,,,,,,,,,,,,,,,FMC,buy,Unknown,24.0,14.8611375,,,,,,,5509.260077049348,,,,,,,2026-01-06,2026-01-07,1.0,ml_p_side,1.0,1.0,ml_first,ML-ranked candidate,0.0,ACCEPTED,OK,0.0891,356.4,24.0,24.0,14.85,transitioned,2026-01-07,2026-01-08,16.78,12.83,0.07,14.85,multiple_r,2026-01-29,15.568199999999996,trailing_stop,trailing_stop,True,,,,,2026-01-07,15.568199999999996,trailing_stop,explicit_replay,372.2342835910831,15.459983401083091,4.7578,22.0,False,0.0,,,,0.04757795289896194,0.580325,2026-01-06,0.3586320906932089,1.0,0.5226888885359066,-0.16405679784269767,Q2,Q3,Q3
exit_closed,2026-01-29,,,,,,,,,,,,,,,VIRT,sell,Unknown,15.0,36.1671785685238,,,,,,,4926.234287262827,,,,,,,2026-01-15,2026-01-16,0.9975,ml_p_side,2.0,1.0,ml_first,ML-ranked candidate,0.0,ACCEPTED,OK,0.13455,538.2,15.0,15.0,36.2,transitioned,2026-01-16,2026-01-20,32.23,39.07,0.0794,36.2,multiple_r,2026-01-29,38.836812,trailing_stop,trailing_stop,True,,,,,2026-01-16,38.836812,trailing_stop,explicit_replay,-582.9418302648446,-40.680863562223,-6.874,13.0,False,0.0,,,,-0.07381370450056535,0.8293775518503423,2026-01-15,0.2150004280736857,0.015,0.3561083347261341,-0.14110790665244843,Q3,Q1,Q1
exit_closed,2026-01-30,,,,,,,,,,,,,,,ARQT,buy,Unknown,11.0,25.960609923664123,,,,,,,5704.443919713883,,,,,,,2026-01-23,2026-01-26,0.9975,ml_p_side,2.0,2.0,ml_first,ML-ranked candidate,0.0,ACCEPTED,OK,0.07205,288.2,11.0,11.0,25.8,transitioned,2026-01-26,2026-01-27,29.61,21.75,0.07,25.8,multiple_r,2026-01-30,25.0821,trailing_stop,trailing_stop,True,,,,,2026-01-26,25.0821,trailing_stop,explicit_replay,275.71166302037415,-9.940716152679272,-3.384,4.0,False,0.0,,,,-0.03384011108549978,1.203031406761178,2026-01-23,0.3545713244751364,0.975,0.5528365416187666,-0.1982652171436302,Q2,Q3,Q3
exit_closed,2026-02-02,,,,,,,,,,,,,,,DVA,sell,Unknown,5.0,103.9129511337923,,,,,,,5715.359272329752,,,,,,,2026-01-13,2026-01-14,0.9975,ml_p_side,2.0,1.0,ml_first,ML-ranked candidate,0.0,ACCEPTED,OK,0.1305875,522.35,5.0,5.0,104.0,transitioned,2026-01-14,2026-01-15,93.52,114.05,0.0967,104.0,multiple_r,2026-02-02,110.7667,trailing_stop,trailing_stop,True,,,,,2026-01-14,110.7667,trailing_stop,explicit_replay,-554.1989244945443,-34.9075588517799,-6.1876,19.0,False,0.0,,,,-0.06595663766091309,2.8962996760593405,2026-01-13,0.20667610490748714,0.035,0.46087844811098333,-0.2542023432034962,Q1,Q1,Q2
exit_closed,2026-02-03,,,,,,,,,,,,,,,NTNX,buy,Unknown,7.0,39.6797375,,,,,,,5693.980347058248,,,,,,,2026-01-29,2026-01-30,0.995,ml_p_side,5.0,3.0,ml_first,ML-ranked candidate,0.0,ACCEPTED,OK,0.069055,276.22,7.0,7.0,39.65,transitioned,2026-01-30,2026-02-02,44.59,33.05,0.07,39.65,multiple_r,2026-02-03,37.8231,trailing_stop,trailing_stop,True,,,,,2026-01-30,37.8231,trailing_stop,explicit_replay,264.61608106499995,-13.225408883750047,-4.6791,4.0,False,0.0,,,,-0.046790569116038294,1.8942107142857156,2026-01-29,0.2982901632436865,0.9725,0.5357812303847777,-0.23749106714109114,Q1,Q2,Q3
exit_closed,2026-02-09,,,,,,,,,,,,,,,MNDY,buy,Unknown,2.0,96.0820075,,,,,,,5685.109584363749,,,,,,,2026-02-05,2026-02-06,1.0,ml_p_side,1.0,1.0,ml_first,ML-ranked candidate,0.0,ACCEPTED,OK,0.047295,189.18,2.0,2.0,96.01,transitioned,2026-02-06,2026-02-09,106.89,69.92,0.07,96.01,multiple_r,2026-02-09,91.7259,trailing_stop,trailing_stop,True,,,,,2026-02-06,91.7259,trailing_stop,explicit_replay,183.35090151,-8.87076269450003,-4.5337,3.0,False,0.0,,,,-0.04533739056191144,7.474859285714286,2026-02-05,0.3257990592339256,1.0,0.5312153659282809,-0.2054163066943553,Q1,Q2,Q3
exit_closed,2026-02-11,,,,,,,,,,,,,,,APA,sell,Unknown,15.0,26.25181792987512,,,,,,,5052.051534148289,,,,,,,2026-01-14,2026-01-15,0.9975,ml_p_side,2.0,1.0,ml_first,ML-ranked candidate,0.0,ACCEPTED,OK,0.1000875,400.35,15.0,15.0,26.27,transitioned,2026-01-15,2026-01-16,23.22,30.0,0.1418,26.27,multiple_r,2026-02-11,28.522164,trailing_stop,trailing_stop,True,,,,,2026-01-15,28.522164,trailing_stop,explicit_replay,-428.0365188974409,-34.50395439501756,-7.9599,27.0,False,0.0,,,,-0.0864833847388975,1.070909162892823,2026-01-14,0.2803885900181859,0.0025,0.512704138097978,-0.2323155480797921,Q1,Q2,Q2
exit_closed,2026-02-11,,,,,,,,,,,,,,,RHI,buy,Unknown,7.0,29.26193,,,,,,,5247.764632708288,,,,,,,2026-02-09,2026-02-10,1.0,ml_p_side,1.0,1.0,ml_first,ML-ranked candidate,0.0,ACCEPTED,OK,0.05096,203.84,7.0,7.0,29.24,transitioned,2026-02-10,2026-02-11,32.91,22.84,0.07,29.24,multiple_r,2026-02-11,27.9744,trailing_stop,trailing_stop,True,,,,,2026-02-10,27.9744,trailing_stop,explicit_replay,195.71309856,-9.181861493000014,-4.4,1.0,False,0.0,,,,-0.04400017360440678,1.8348371428571428,2026-02-09,0.30996977739635473,0.965,0.5134958465122357,-0.20352606911588095,Q2,Q2,Q2
exit_closed,2026-02-13,,,,,,,,,,,,,,,RHI,buy,Unknown,7.0,27.120325,,,,,,,5606.619036463918,,,,,,,2026-02-11,2026-02-12,1.0,ml_p_side,1.0,1.0,ml_first,ML-ranked candidate,0.0,ACCEPTED,OK,0.047495,189.98,7.0,7.0,27.1,transitioned,2026-02-12,2026-02-13,30.67,20.57,0.07,27.1,multiple_r,2026-02-13,25.3518,trailing_stop,trailing_stop,True,,,,,2026-02-12,25.3518,trailing_stop,explicit_replay,177.36499557,-12.534232112500009,-6.521,1.0,False,0.0,,,,-0.06521031735423521,1.8715214285714288,2026-02-11,0.30996977739635473,0.9775,0.5096783436867892,-0.19970856629043449,Q2,Q2,Q2
exit_closed,2026-02-17,,,,,,,,,,,,,,,TREX,buy,Unknown,8.0,41.5811625,,,,,,,5786.091062627734,,,,,,,2026-01-26,2026-01-27,1.0,ml_p_side,1.0,1.0,ml_first,ML-ranked candidate,0.0,ACCEPTED,OK,0.08414,336.56,8.0,8.0,41.55,transitioned,2026-01-27,2026-01-28,47.54,36.33,0.07,41.55,multiple_r,2026-02-17,42.1662,trailing_stop,trailing_stop,True,,,,,2026-01-27,42.1662,trailing_stop,explicit_replay,337.14406872,4.394973930000049,1.407,21.0,False,0.0,,,,0.014069772580312279,1.5003321428571428,2026-01-26,0.34812470409339685,0.9975,0.5527561163791966,-0.20463141228579979,Q1,Q3,Q3
exit_closed,2026-02-17,,,,,,,,,,,,,,,BBWI,buy,Unknown,15.0,21.4260575,,,,,,,6152.35840597254,,,,,,,2026-01-28,2026-01-29,0.9975,ml_p_side,2.0,2.0,ml_first,ML-ranked candidate,0.0,ACCEPTED,OK,0.0811125,324.45,15.0,15.0,21.41,transitioned,2026-01-29,2026-01-30,24.44,18.42,0.07,21.41,multiple_r,2026-02-17,24.44,take_profit,take_profit,True,,,,,2026-01-29,24.44,take_profit,explicit_replay,366.26734334480665,44.7800635860566,14.0667,19.0,False,0.0,,,,0.1406671526014529,0.8588735714285706,2026-01-28,0.3445978572022592,0.9925,0.5412176007255737,-0.19661974352331446,Q2,Q3,Q3
exit_closed,2026-02-20,,,,,,,,,,,,,,,VIRT,sell,Unknown,12.0,40.95482201757554,,,,,,,5735.872151003122,,,,,,,2026-01-29,2026-01-30,0.9975,ml_p_side,3.0,1.0,ml_first,ML-ranked candidate,0.0,ACCEPTED,OK,0.1219799999999999,487.92,12.0,12.0,41.0,transitioned,2026-01-30,2026-02-02,36.09,44.66,0.0892,41.0,multiple_r,2026-02-20,40.3004,trailing_stop,trailing_stop,True,,,,,2026-01-30,40.3004,trailing_stop,explicit_replay,-483.93203014056496,7.255532245025483,1.6239,21.0,False,0.0,,,,0.01597912004829838,1.0586222806927026,2026-01-29,0.18105663294272667,0.01,0.38987159620548384,-0.20881496326275717,Q1,Q1,Q1
exit_closed,2026-02-20,,,,,,,,,,,,,,,BKD,sell,Unknown,22.0,16.88636754063171,,,,,,,5414.545197705874,,,,,,,2026-02-11,2026-02-12,0.9975,ml_p_side,2.0,1.0,ml_first,ML-ranked candidate,0.0,ACCEPTED,OK,0.092235,368.94,22.0,22.0,16.9,transitioned,2026-02-12,2026-02-13,14.59,18.99,0.1235999999999999,16.9,multiple_r,2026-02-20,14.59,take_profit,take_profit,True,,,,,2026-02-12,14.59,take_profit,explicit_replay,-321.2915723366868,50.06168257088137,15.7393,8.0,False,0.0,,,,0.13598943260628593,0.6010378455337967,2026-02-11,0.23989426103493933,0.005,0.43592552708989923,-0.1960312660549599,Q2,Q1,Q2
exit_closed,2026-02-20,,,,,,,,,,,,,,,FIVN,buy,Unknown,13.0,16.307881999402273,,,,,,,5654.261217880428,,,,,,,2026-02-17,2026-02-18,0.995,ml_p_side,4.0,3.0,ml_first,ML-ranked candidate,0.0,ACCEPTED,OK,0.0530724999999999,212.29,13.0,13.0,16.29,transitioned,2026-02-18,2026-02-19,18.45,12.57,0.07,16.29,multiple_r,2026-02-20,18.45,take_profit,take_profit,True,,,,,2026-02-18,18.45,take_profit,explicit_replay,239.71602017455388,27.64995344252668,13.1355,2.0,False,0.0,,,,0.13135476456576267,1.0679662855435066,2026-02-17,0.3086695784620254,0.97,0.5351874250860046,-0.22651784662397917,Q1,Q2,Q3
exit_closed,2026-02-23,,,,,,,,,,,,,,,HRL,sell,Unknown,23.0,24.5826703537109,,,,,,,5296.758131570745,,,,,,,2026-01-30,2026-02-02,0.9975,ml_p_side,2.0,1.0,ml_first,ML-ranked candidate,0.0,ACCEPTED,OK,0.1415074999999999,566.03,23.0,23.0,24.6,transitioned,2026-02-02,2026-02-03,22.15,26.76,0.0878999999999999,24.6,multiple_r,2026-02-23,25.119611000000003,trailing_stop,trailing_stop,True,,,,,2026-02-02,25.119611000000003,trailing_stop,explicit_replay,-578.039170895475,-12.948723540098708,-2.1375,21.0,False,0.0,,,,-0.021842242464438,0.6220941846540293,2026-01-30,0.14610208906818592,0.0575,0.35097098387435804,-0.20486889480617212,Q1,Q1,Q1
exit_closed,2026-02-23,,,,,,,,,,,,,,,GENI,buy,Unknown,27.0,5.83795389369058,,,,,,,5458.38688431308,,,,,,,2026-02-13,2026-02-17,1.0,ml_p_side,1.0,1.0,ml_first,ML-ranked candidate,0.0,ACCEPTED,OK,0.0390825,156.33,27.0,27.0,5.83,transitioned,2026-02-17,2026-02-18,6.54,3.97,0.07,5.83,multiple_r,2026-02-23,5.9985,trailing_stop,trailing_stop,True,,,,,2026-02-17,5.9985,trailing_stop,explicit_replay,161.62875274233448,3.956710186149934,2.75,6.0,False,0.0,,,,0.02750040668922238,0.5337011124830228,2026-02-13,0.3459053436687915,1.0,0.5854552974063427,-0.23954995373755122,Q1,Q3,Q3
exit_closed,2026-02-24,,,,,,,,,,,,,,,XPEV,buy,Unknown,17.0,16.818190209790213,,,,,,,6448.459918896264,,,,,,,2026-02-02,2026-02-03,1.0,ml_p_side,1.0,1.0,ml_first,ML-ranked candidate,0.0,ACCEPTED,OK,0.0700824999999999,280.33,17.0,17.0,16.799999999999997,transitioned,2026-02-03,2026-02-04,18.63,13.7,0.07,16.8,multiple_r,2026-02-24,18.63,take_profit,take_profit,True,,,,,2026-02-03,18.63,take_profit,explicit_replay,316.44607499999995,30.45106866349636,10.7729,21.0,False,0.0,,,,0.10772917701662665,0.8909114885114897,2026-02-02,0.3445978572022592,0.9675,0.5253423995642685,-0.18074454236200932,Q2,Q3,Q3
exit_closed,2026-03-02,,,,,,,,,,,,,,,MBLY,buy,Unknown,33.0,8.92456850737798,,,,,,,6428.288733603491,,,,,,,2026-02-24,2026-02-25,0.9875,ml_p_side,3.0,6.0,ml_first,ML-ranked candidate,0.0,ACCEPTED,OK,0.072765,291.06,33.0,33.0,8.909999999999998,transitioned,2026-02-25,2026-02-26,9.97,7.31,0.07,8.91,multiple_r,2026-03-02,8.3235,trailing_stop,trailing_stop,True,,,,,2026-02-25,8.3235,trailing_stop,explicit_replay,274.42792867892365,-20.171185292772748,-6.735,5.0,False,0.0,,,,-0.06734986760212269,0.4613052878222802,2026-02-24,0.300819505609254,0.98,0.4964347476980268,-0.1956152420887728,Q2,Q2,Q2
exit_closed,2026-03-09,,,,,,,,,,,,,,,TEX,sell,Unknown,4.0,69.92965548895327,,,,,,,6345.727083452807,,,,,,,2026-02-17,2026-02-18,0.9975,ml_p_side,2.0,1.0,ml_first,ML-ranked candidate,0.0,ACCEPTED,OK,0.06951,278.04,4.0,4.0,69.99,transitioned,2026-02-18,2026-02-19,60.47,81.28,0.1613,69.99,multiple_r,2026-03-09,60.47,take_profit,take_profit,True,,,,,2026-02-18,60.47,take_profit,explicit_replay,-242.070535061616,37.50090161931087,15.6436,19.0,False,0.0,,,,0.13527387519373102,3.2429555745847796,2026-02-17,0.2849157936105818,0.0575,0.45412853358980865,-0.16921273997922687,Q2,Q2,Q2
exit_closed,2026-03-10,,,,,,,,,,,,,,,LW,buy,Unknown,10.0,47.695745,,,,,,,6618.942118787807,,,,,,,2026-02-20,2026-02-23,0.9875,ml_p_side,3.0,6.0,ml_first,ML-ranked candidate,0.0,ACCEPTED,OK,0.120675,482.7000000000001,10.0,10.0,47.66,transitioned,2026-02-23,2026-02-24,53.95,43.3,0.07,47.66,multiple_r,2026-03-10,44.88459,trailing_stop,trailing_stop,True,,,,,2026-02-23,44.88459,trailing_stop,explicit_replay,448.59903475499993,-28.50150248,-5.8939,15.0,False,0.0,,,,-0.058939324671414606,1.2559271428571444,2026-02-20,0.24771869357899068,0.925,0.38581231890087475,-0.13809362532188407,Q3,Q1,Q1
exit_closed,2026-03-12,,,,,,,,,,,,,,,NVST,sell,Unknown,12.0,28.97825,,,,,,,6100.818646604457,,,,,,,2026-02-20,2026-02-23,0.9975,ml_p_side,1.0,1.0,ml_first,ML-ranked candidate,0.0,ACCEPTED,OK,0.08736,349.44,12.0,12.0,29.0,transitioned,2026-02-23,2026-02-24,25.33,33.07,0.1402999999999999,29.0,multiple_r,2026-03-12,25.33,take_profit,take_profit,True,,,,,2026-02-23,25.33,take_profit,explicit_replay,-304.2303744806445,43.33392806935545,14.4029,17.0,False,0.0,,,,0.1258961462476168,1.169071428571429,2026-02-20,0.20880338790145123,0.015,0.4281828532776368,-0.21937946537618555,Q1,Q1,Q2
exit_closed,2026-03-12,,,,,,,,,,,,,,,BILL,buy,Unknown,5.0,42.75171887487876,,,,,,,6302.517218581765,,,,,,,2026-03-10,2026-03-11,1.0,ml_p_side,1.0,1.0,ml_first,ML-ranked candidate,0.0,ACCEPTED,OK,0.0528375,211.35,5.0,5.0,42.72,transitioned,2026-03-11,2026-03-12,47.77,33.22,0.07,42.72,multiple_r,2026-03-12,40.362,trailing_stop,trailing_stop,True,,,,,2026-03-11,40.362,trailing_stop,explicit_replay,201.69857197730707,-12.124149975399035,-5.5898,1.0,False,0.0,,,,-0.05589760921362574,2.723348249965361,2026-03-10,0.3445978572022592,0.9725,0.568279445720843,-0.22368158851858377,Q1,Q3,Q3
exit_closed,2026-03-18,,,,,,,,,,,,,,,WHR,buy,Unknown,3.0,58.4438,,,,,,,6030.033243191889,,,,,,,2026-03-09,2026-03-10,1.0,ml_p_side,1.0,1.0,ml_first,ML-ranked candidate,0.0,ACCEPTED,OK,0.044055,176.22,3.0,3.0,58.4,transitioned,2026-03-10,2026-03-11,66.38,45.42,0.07,58.4,multiple_r,2026-03-18,55.20945,trailing_stop,trailing_stop,True,,,,,2026-03-10,55.20945,trailing_stop,explicit_replay,165.5177014839584,-9.866297936041605,-5.5341,8.0,False,0.0,,,,-0.05534119957976735,3.7210857142857146,2026-03-09,0.28249483613616216,0.9275,0.4926419156578214,-0.21014707952165923,Q1,Q2,Q2
exit_closed,2026-03-23,,,,,,,,,,,,,,,LBTYA,sell,Unknown,28.0,12.50887029949436,,,,,,,6008.35747310576,,,,,,,2026-02-20,2026-02-23,0.9925,ml_p_side,2.0,2.0,ml_first,ML-ranked candidate,0.0,ACCEPTED,OK,0.08778,351.12,28.0,28.0,12.52,transitioned,2026-02-23,2026-02-24,10.91,14.32,0.1434,12.52,multiple_r,,,,,,,,,,2026-02-23,12.08,time_stop,intrabar_resolution,-338.426032,11.600512419197686,3.5503,28.0,False,0.0,,,,0.034285294293258106,0.5174656287158973,2026-02-20,0.1699348893139632,0.03,0.30155345779968734,-0.13161856848572415,Q3,Q1,Q1
exit_closed,2026-03-24,,,,,,,,,,,,,,,BILL,buy,Unknown,5.0,39.5746776285032,,,,,,,6433.333980112568,,,,,,,2026-03-12,2026-03-13,1.0,ml_p_side,1.0,1.0,ml_first,ML-ranked candidate,0.0,ACCEPTED,OK,0.0495625,198.25,5.0,5.0,39.54,transitioned,2026-03-13,2026-03-16,44.8,30.88,0.07,39.54,multiple_r,2026-03-24,39.06,trailing_stop,trailing_stop,True,,,,,2026-03-13,39.06,trailing_stop,explicit_replay,195.1398235240572,-2.792926634901562,-1.3005,11.0,False,0.0,,,,-0.013005226052239749,2.4841936081437725,2026-03-12,0.34812470409339685,0.9925,0.5508254575912651,-0.20270075349786826,Q2,Q3,Q3
exit_closed,2026-03-27,,,,,,,,,,,,,,,BILL,buy,Unknown,6.0,37.84882090146751,,,,,,,6425.784411311181,,,,,,,2026-03-25,2026-03-26,1.0,ml_p_side,1.0,1.0,ml_first,ML-ranked candidate,0.0,ACCEPTED,OK,0.057255,229.02,6.0,6.0,37.82,transitioned,2026-03-26,2026-03-27,43.13,30.74,0.07,37.82,multiple_r,2026-03-27,36.6327,trailing_stop,trailing_stop,True,,,,,2026-03-26,36.6327,trailing_stop,explicit_replay,219.61148448504187,-7.549568801385789,-3.2131,1.0,False,0.0,,,,-0.03213101154811293,2.0310916861335753,2026-03-25,0.3445978572022592,0.9875,0.5529708121040443,-0.2083729549017851,Q1,Q3,Q3
exit_closed,2026-03-30,,,,,,,,,,,,,,,BKD,sell,Unknown,19.0,15.287367909475742,,,,,,,5908.245270788463,,,,,,,2026-02-23,2026-02-24,0.9975,ml_p_side,1.0,1.0,ml_first,ML-ranked candidate,0.0,ACCEPTED,OK,0.07334,293.36,19.0,19.0,15.300000000000002,transitioned,2026-02-24,2026-02-25,13.43,18.02,0.1779,15.3,multiple_r,2026-03-30,13.43,take_profit,take_profit,True,,,,,2026-02-24,13.43,take_profit,explicit_replay,-255.34165722437567,34.91362791965654,13.83,34.0,False,0.0,,,,0.12149690649653755,0.7807520258640734,2026-02-23,0.2527965957579663,0.01,0.4570860603979558,-0.20428946463998948,Q1,Q1,Q2
exit_closed,2026-04-07,,,,,,,,,,,,,,,LSTR,sell,Unknown,1.0,159.6200406114151,,,,,,,6002.608045459958,,,,,,,2026-03-02,2026-03-03,0.995,ml_p_side,1.0,1.0,ml_first,ML-ranked candidate,0.0,ACCEPTED,OK,0.040915,163.66,1.0,1.0,159.92,transitioned,2026-03-03,2026-03-04,142.38,189.57,0.1853999999999999,159.92,multiple_r,2026-04-07,169.855966,trailing_stop,trailing_stop,True,,,,,2026-03-03,169.855966,trailing_stop,explicit_replay,-170.16128957726855,-10.655643328291625,-6.0262,35.0,False,0.0,,,,-0.06412681859606595,8.557131253881396,2026-03-02,0.19862858654790705,0.01,0.29621118310256705,-0.09758259655466,Q4,Q1,Q1
exit_closed,2026-04-08,,,,,,,,,,,,,,,BFH,sell,Unknown,4.0,72.27894181449116,,,,,,,5686.743201849854,,,,,,,2026-01-29,2026-01-30,0.995,ml_p_side,4.0,2.0,ml_first,ML-ranked candidate,0.0,ACCEPTED,OK,0.07303,292.12,4.0,4.0,72.34,transitioned,2026-01-30,2026-02-02,63.54,83.25,0.1508,72.34,multiple_r,2026-04-08,78.86432400000001,trailing_stop,trailing_stop,True,,,,,2026-01-30,78.86432400000001,trailing_stop,explicit_replay,-315.6307975128001,-26.8358110823169,-8.3503,68.0,False,0.0,,,,-0.09111066128237844,3.134588053002525,2026-01-29,0.2737951215121508,0.005,0.4367194906210778,-0.162924369108927,Q2,Q1,Q2
exit_closed,2026-04-09,,,,,,,,,,,,,,,BILL,buy,Unknown,7.0,37.428759394955726,,,,,,,6027.203218018508,,,,,,,2026-03-27,2026-03-30,1.0,ml_p_side,1.0,1.0,ml_first,ML-ranked candidate,0.0,ACCEPTED,OK,0.06475,259.0,7.0,7.0,37.39,transitioned,2026-03-30,2026-03-31,41.81,29.88,0.07,37.39,multiple_r,2026-04-09,37.8789,trailing_stop,trailing_stop,True,,,,,2026-03-30,37.8789,trailing_stop,explicit_replay,265.00646623499995,2.926550075580508,1.2027,10.0,False,0.0,,,,0.012026596989077376,2.156788398558779,2026-03-27,0.3445978572022592,0.99,0.538770539481483,-0.1941726822792238,Q2,Q3,Q3
exit_closed,2026-04-10,,,,,,,,,,,,,,,KD,buy,Unknown,19.0,12.631417244030755,,,,,,,6013.346767362957,,,,,,,2026-03-12,2026-03-13,0.9975,ml_p_side,2.0,2.0,ml_first,ML-ranked candidate,0.0,ACCEPTED,OK,0.05966,238.64,19.0,19.0,12.62,transitioned,2026-03-13,2026-03-16,14.19,10.02,0.07,12.62,multiple_r,2026-04-10,12.6015,trailing_stop,trailing_stop,True,,,,,2026-03-13,12.6015,trailing_stop,explicit_replay,239.2587456831288,-0.8101810317465095,-0.2368,28.0,False,0.0,,,,-0.0023684788058833117,0.746119212580216,2026-03-12,0.28721411186368584,1.0,0.4854893575115826,-0.19827524564789678,Q2,Q2,Q2
exit_closed,2026-04-10,,,,,,,,,,,,,,,ESI,sell,Unknown,8.0,33.08374669888694,,,,,,,5709.112735615568,,,,,,,2026-03-30,2026-03-31,0.9975,ml_p_side,2.0,1.0,ml_first,ML-ranked candidate,0.0,ACCEPTED,OK,0.06472,258.88,8.0,8.0,33.11,transitioned,2026-03-31,2026-04-01,28.15,38.12,0.1513,33.11,multiple_r,2026-04-10,38.004413,trailing_stop,trailing_stop,True,,,,,2026-03-31,38.004413,trailing_stop,explicit_replay,-304.2025234172,-39.64345914837117,-12.9476,10.0,False,0.0,,,,-0.1487336469444862,1.4389295146037304,2026-03-30,0.2601574251613817,0.0075,0.4925012210260159,-0.23234379586463422,Q1,Q1,Q2
exit_closed,2026-04-15,,,,,,,,,,,,,,,NVCR,buy,Unknown,23.0,10.690196753069577,,,,,,,6066.28854599079,,,,,,,2026-04-08,2026-04-09,0.9975,ml_p_side,3.0,2.0,ml_first,ML-ranked candidate,0.0,ACCEPTED,OK,0.0620424999999999,248.17,23.0,23.0,10.68,transitioned,2026-04-09,2026-04-10,12.19,8.7,0.07,10.68,multiple_r,2026-04-15,12.19,take_profit,take_profit,True,,,,,2026-04-09,12.19,take_profit,explicit_replay,280.0553215657895,34.10703388759305,14.0297,6.0,False,0.0,,,,0.14029706670270303,0.568627643734165,2026-04-08,0.351866571045621,0.9725,0.5837904892747712,-0.23192391822915015,Q1,Q3,Q3
exit_closed,2026-04-15,,,,,,,,,,,,,,,KD,buy,Unknown,25.0,12.260172812858784,,,,,,,6411.55985075011,,,,,,,2026-04-10,2026-04-13,1.0,ml_p_side,1.0,1.0,ml_first,ML-ranked candidate,0.0,ACCEPTED,OK,0.0764375,305.75,25.0,25.0,12.24,transitioned,2026-04-13,2026-04-14,13.82,10.31,0.07,12.24,multiple_r,2026-04-15,13.82,take_profit,take_profit,True,,,,,2026-04-13,13.82,take_profit,explicit_replay,345.2713047593196,38.675033141753545,12.7227,2.0,False,0.0,,,,0.12722717786695714,0.5571922322453666,2026-04-10,0.31733613585062387,1.0,0.48507326857423544,-0.16773713272361157,Q2,Q2,Q2
exit_closed,2026-04-20,,,,,,,,,,,,,,,FIVE,sell,Unknown,1.0,229.9056551793044,,,,,,,6277.083062067499,,,,,,,2026-03-23,2026-03-24,0.9975,ml_p_side,3.0,1.0,ml_first,ML-ranked candidate,0.0,ACCEPTED,OK,0.057625,230.5,1.0,1.0,230.15,transitioned,2026-03-24,2026-03-25,200.53,262.68,0.1413,230.15,multiple_r,2026-04-20,243.302334,trailing_stop,trailing_stop,True,,,,,2026-03-24,243.302334,trailing_stop,explicit_replay,-243.69985893714423,-13.93707370070126,-5.5062,27.0,False,0.0,,,,-0.05827033184654584,9.364098520198743,2026-03-23,0.2271938041338783,0.005,0.454734521228656,-0.2275407170947777,Q1,Q1,Q2
exit_closed,2026-04-21,,,,,,,,,,,,,,,APG,sell,Unknown,10.0,44.786385,,,,,,,5526.597118451878,,,,,,,2026-04-15,2026-04-16,0.9925,ml_p_side,4.0,2.0,ml_first,ML-ranked candidate,0.0,ACCEPTED,OK,0.1122,448.8,10.0,10.0,44.82000000000001,transitioned,2026-04-16,2026-04-17,39.19,49.86,0.1124,44.82,multiple_r,2026-04-21,49.212576000000006,trailing_stop,trailing_stop,True,,,,,2026-04-16,49.212576000000006,trailing_stop,explicit_replay,-492.3964291680001,-44.69359688550013,-8.994,5.0,False,0.0,,,,-0.09882894098284556,1.4496042857142848,2026-04-15,0.17221096346058745,0.01,0.22449697684211414,-0.05228601338152669,Q5,Q1,Q1
exit_closed,2026-04-22,,,,,,,,,,,,,,,GENI,buy,Unknown,53.0,4.867650193340494,,,,,,,6012.783977073634,,,,,,,2026-04-20,2026-04-21,0.9975,ml_p_side,3.0,2.0,ml_first,ML-ranked candidate,0.0,ACCEPTED,OK,0.064395,257.58000000000004,53.0,53.0,4.860000000000001,transitioned,2026-04-21,2026-04-22,5.49,3.93,0.07,4.86,multiple_r,2026-04-22,4.659299999999999,trailing_stop,trailing_stop,True,,,,,2026-04-21,4.659299999999999,trailing_stop,explicit_replay,246.5941309231034,-11.468724962016864,-4.2803,1.0,False,0.0,,,,-0.0428030333045587,0.2679000552401411,2026-04-20,0.35679926031140974,1.0,0.557451672621885,-0.20065241231047526,Q2,Q3,Q3
exit_closed,2026-04-23,,,,,,,,,,,,,,,BILL,buy,Unknown,7.0,36.14846922190202,,,,,,,6046.459439189704,,,,,,,2026-04-09,2026-04-10,0.9975,ml_p_side,2.0,2.0,ml_first,ML-ranked candidate,0.0,ACCEPTED,OK,0.063315,253.26,7.0,7.0,36.12,transitioned,2026-04-10,2026-04-13,40.88,29.58,0.07,36.12,multiple_r,2026-04-23,37.9533,trailing_stop,trailing_stop,True,,,,,2026-04-10,37.9533,trailing_stop,explicit_replay,265.526979795,12.41178345631988,4.9928,13.0,False,0.0,,,,0.04992827682463652,1.8767054919720059,2026-04-09,0.34812470409339685,0.9875,0.5406077275978214,-0.19248302350442453,Q2,Q3,Q3
exit_closed,2026-04-23,,,,,,,,,,,,,,,KD,buy,Unknown,24.0,14.097125959885387,,,,,,,6379.584296794494,,,,,,,2026-04-15,2026-04-16,0.9975,ml_p_side,3.0,2.0,ml_first,ML-ranked candidate,0.0,ACCEPTED,OK,0.08292,331.68,24.0,24.0,14.08,transitioned,2026-04-16,2026-04-17,15.62,11.77,0.07,14.08,multiple_r,2026-04-23,13.88955,trailing_stop,trailing_stop,True,,,,,2026-04-16,13.88955,trailing_stop,explicit_replay,333.12485760478927,-5.307664739371205,-1.4725,7.0,False,0.0,,,,-0.014724700657145484,0.6648931313958251,2026-04-15,0.29944569648211306,0.995,0.5204084136884071,-0.220962717206294,Q1,Q2,Q2
exit_closed,2026-04-27,,,,,,,,,,,,,,,ALSN,sell,Unknown,3.0,127.94397,,,,,,,6202.889024066844,,,,,,,2026-04-10,2026-04-13,0.995,ml_p_side,4.0,2.0,ml_first,ML-ranked candidate,0.0,ACCEPTED,OK,0.0963825,385.53,3.0,3.0,128.04,transitioned,2026-04-13,2026-04-14,114.01,141.2,0.1027999999999999,128.04,multiple_r,2026-04-27,136.989816,trailing_stop,trailing_stop,True,,,,,2026-04-13,136.989816,trailing_stop,explicit_replay,-411.1954811964,-27.542692754399955,-6.6033,14.0,False,0.0,,,,-0.07070162040461936,3.7874371428571414,2026-04-10,0.1537436646508856,0.015,0.31494905306910215,-0.16120538841821655,Q2,Q1,Q1
exit_closed,2026-04-30,,,,,,,,,,,,,,,CTRI,sell,Unknown,10.0,32.14982870979805,,,,,,,5493.145212192438,,,,,,,2026-04-08,2026-04-09,0.9975,ml_p_side,2.0,1.0,ml_first,ML-ranked candidate,0.0,ACCEPTED,OK,0.0802,320.79999999999995,10.0,10.0,32.19,transitioned,2026-04-09,2026-04-10,27.91,36.69,0.1399,32.19,multiple_r,2026-04-30,36.693381,trailing_stop,trailing_stop,True,,,,,2026-04-09,36.693381,trailing_stop,explicit_replay,-367.1356235955,-45.81416055542332,-12.3825,21.0,False,0.0,,,,-0.14132430785913486,1.2971917972005562,2026-04-08,0.27408293172643805,0.015,0.5074136692891281,-0.23333073756269007,Q1,Q2,Q2
exit_closed,2026-04-30,,,,,,,,,,,,,,,GENI,buy,Unknown,52.0,4.45734582853855,,,,,,,5710.450075446169,,,,,,,2026-04-22,2026-04-23,0.9975,ml_p_side,3.0,2.0,ml_first,ML-ranked candidate,0.0,ACCEPTED,OK,0.0585,234.0,52.0,52.0,4.45,transitioned,2026-04-23,2026-04-24,5.08,3.54,0.07,4.45,multiple_r,2026-04-30,4.185,trailing_stop,trailing_stop,True,,,,,2026-04-23,4.185,trailing_stop,explicit_replay,217.3048632537313,-14.546654425198485,-6.11,7.0,False,0.0,,,,-0.0611004483418881,0.2620988081538714,2026-04-22,0.35679926031140974,1.0,0.5590951310863722,-0.20229587077496247,Q2,Q3,Q3
exit_closed,2026-04-30,,,,,,,,,,,,,,,BILL,buy,Unknown,7.0,36.6774875,,,,,,,5962.801555753669,,,,,,,2026-04-23,2026-04-24,1.0,ml_p_side,1.0,1.0,ml_first,ML-ranked candidate,0.0,ACCEPTED,OK,0.064155,256.62,7.0,7.0,36.65,transitioned,2026-04-24,2026-04-27,41.43,29.93,0.07,36.65,multiple_r,2026-04-30,36.07005,trailing_stop,trailing_stop,True,,,,,2026-04-24,36.07005,trailing_stop,explicit_replay,252.3514803075,-4.467954916249994,-1.6562,6.0,False,0.0,,,,-0.01656158972176036,1.927853571428571,2026-04-23,0.34812470409339685,0.9825,0.5613507116452098,-0.21322600755181292,Q1,Q3,Q3
exit_closed,2026-05-06,,,,,,,,,,,,,,,ELAN,sell,Unknown,13.0,24.3817,,,,,,,6034.904754797243,,,,,,,2026-03-18,2026-03-19,0.9975,ml_p_side,3.0,1.0,ml_first,ML-ranked candidate,0.0,ACCEPTED,OK,0.0806974999999999,322.79,13.0,13.0,24.4,transitioned,2026-03-19,2026-03-20,21.6,28.42,0.1649,24.4,multiple_r,2026-05-06,25.185138,trailing_stop,trailing_stop,True,,,,,2026-03-19,25.185138,trailing_stop,explicit_replay,-327.58686773670007,-10.900977566700073,-3.1901,48.0,False,0.0,,,,-0.03295250126119176,1.1538000000000008,2026-03-18,0.2132605849182123,0.0025,0.3827512839317366,-0.1694906990135243,Q2,Q1,Q1
exit_closed,2026-05-06,,,,,,,,,,,,,,,KD,buy,Unknown,25.0,13.697003447251111,,,,,,,6378.189485104382,,,,,,,2026-04-27,2026-04-28,1.0,ml_p_side,1.0,1.0,ml_first,ML-ranked candidate,0.0,ACCEPTED,OK,0.0849375,339.75,25.0,25.0,13.68,transitioned,2026-04-28,2026-04-29,15.36,11.59,0.07,13.68,multiple_r,2026-05-06,13.74075,trailing_stop,trailing_stop,True,,,,,2026-04-28,13.74075,trailing_stop,explicit_replay,343.2847303071388,0.7569166000066048,0.3194,8.0,False,0.0,,,,0.0031938776183682016,0.602000984928889,2026-04-27,0.3066613152883176,0.9975,0.5117229108581964,-0.20506159556987885,Q1,Q2,Q2
exit_closed,2026-05-06,,,,,,,,,,,,,,,ADMA,buy,Unknown,29.0,10.29002825487399,,,,,,,6665.184667643651,,,,,,,2026-04-30,2026-05-01,0.9975,ml_p_side,2.0,2.0,ml_first,ML-ranked candidate,0.0,ACCEPTED,OK,0.0743125,297.25,29.0,29.0,10.28,transitioned,2026-05-01,2026-05-04,11.58,8.56,0.07,10.28,multiple_r,2026-05-06,9.90915,trailing_stop,trailing_stop,True,,,,,2026-05-01,9.90915,trailing_stop,explicit_replay,286.99518253926874,-11.50516009789436,-3.7014,5.0,False,0.0,,,,-0.03701430602909983,0.4942937871068541,2026-04-30,0.3419267821885842,0.995,0.5219201573347976,-0.17999337514621339,Q2,Q3,Q2
exit_closed,2026-05-06,,,,,,,,,,,,,,,SWKS,sell,Unknown,6.0,69.40790499999999,,,,,,,6295.056434106151,,,,,,,2026-04-30,2026-05-01,0.9975,ml_p_side,3.0,1.0,ml_first,ML-ranked candidate,0.0,ACCEPTED,OK,0.105255,421.02,6.0,6.0,69.46,transitioned,2026-05-01,2026-05-04,61.65,77.63,0.1176,69.46,multiple_r,2026-05-06,61.65,take_profit,take_profit,True,,,,,2026-05-01,61.65,take_profit,explicit_replay,-370.103445,46.19426223349996,12.5838,5.0,False,0.0,,,,0.11177264318812086,2.349170000000003,2026-04-30,0.18886820917268055,0.0125,0.3298025609755246,-0.14093435180284403,Q3,Q1,Q1
exit_closed,2026-05-07,,,,,,,,,,,,,,,USFD,sell,Unknown,4.0,95.84227950891008,,,,,,,6779.369738484227,,,,,,,2026-02-23,2026-02-24,0.995,ml_p_side,2.0,2.0,ml_first,ML-ranked candidate,0.0,ACCEPTED,OK,0.09613,384.52,4.0,4.0,95.93,transitioned,2026-02-24,2026-02-25,84.11,106.65,0.1117,95.93,multiple_r,2026-05-07,84.11,take_profit,take_profit,True,,,,,2026-02-24,84.11,take_profit,explicit_replay,-336.625042,46.30046319905622,13.9487,72.0,False,0.0,,,,0.1224123588151863,3.087920140311407,2026-02-23,0.17416340290337612,0.04,0.22290919230223336,-0.04874578939885724,Q5,Q1,Q1
exit_closed,2026-05-07,,,,,,,,,,,,,,,APA,sell,Unknown,7.0,40.30481070698891,,,,,,,6531.126688438244,,,,,,,2026-04-30,2026-05-01,0.995,ml_p_side,4.0,2.0,ml_first,ML-ranked candidate,0.0,ACCEPTED,OK,0.0712775,285.11,7.0,7.0,40.33,transitioned,2026-05-01,2026-05-04,35.44,47.48,0.1773,40.33,multiple_r,2026-05-07,35.44,take_profit,take_profit,True,,,,,2026-05-01,35.44,take_profit,explicit_replay,-248.22289764062933,33.80598480045486,13.7269,6.0,False,0.0,,,,0.12070049757473111,2.0500540837174532,2026-04-30,0.22196721269593836,0.0225,0.45260472453827294,-0.23063751184233458,Q1,Q1,Q2
exit_closed,2026-05-11,,,,,,,,,,,,,,,FIVE,sell,Unknown,1.0,239.66462708677943,,,,,,,5223.423215672979,,,,,,,2026-04-21,2026-04-22,0.9975,ml_p_side,2.0,1.0,ml_first,ML-ranked candidate,0.0,ACCEPTED,OK,0.059275,237.1,1.0,1.0,240.36,transitioned,2026-04-22,2026-04-23,206.28,270.01,0.1234,240.36,multiple_r,2026-05-11,206.28,take_profit,take_profit,True,,,,,2026-04-22,206.28,take_profit,explicit_replay,-206.393454,33.14506384252665,16.1841,19.0,False,0.0,,,,0.13929726506820417,8.670106546634445,2026-04-21,0.2466963871663856,0.005,0.44801282071629744,-0.20131643354991186,Q2,Q1,Q2
exit_closed,2026-05-11,,,,,,,,,,,,,,,ADMA,buy,Unknown,24.0,8.659621999387632,,,,,,,5422.331638526092,,,,,,,2026-05-07,2026-05-08,0.9975,ml_p_side,2.0,2.0,ml_first,ML-ranked candidate,0.0,ACCEPTED,OK,0.05082,203.28000000000003,24.0,24.0,8.65,transitioned,2026-05-08,2026-05-11,9.57,6.42,0.07,8.65,multiple_r,2026-05-11,8.295599999999999,trailing_stop,trailing_stop,True,,,,,2026-05-08,8.295599999999999,trailing_stop,explicit_replay,198.90842285311345,-8.984854410585285,-4.2037,3.0,False,0.0,,,,-0.04203670777008228,0.6398919998250376,2026-05-07,0.351877104908127,0.9975,0.5667165615988028,-0.21483945669067578,Q1,Q3,Q3
exit_closed,2026-05-11,,,,,,,,,,,,,,,MOS,buy,Unknown,17.999999999,23.085421651583708,,,,,,,5811.575888582816,,,,,,,2026-05-07,2026-05-08,0.9925,ml_p_side,4.0,4.0,ml_first,ML-ranked candidate,0.0,ACCEPTED,OK,0.1030949999999999,412.38,18.0,17.999999999,22.97,transitioned,2026-05-08,2026-05-11,25.89,20.17,0.07,22.97,multiple_r,2026-05-11,21.6411,trailing_stop,trailing_stop,True,,,,,2026-05-08,21.6411,trailing_stop,explicit_replay,389.244250056724,-26.418000925608965,-6.2564,3.0,False,0.0,,,,-0.0625642309411586,0.8329776147382019,2026-05-07,0.27186292958767433,0.9725,0.4074858359881411,-0.13562290640046676,Q3,Q1,Q2
exit_closed,2026-05-11,,,,,,,,,,,,,,,GENI,buy,Unknown,50.0,4.77781162116041,,,,,,,6033.276334279649,,,,,,,2026-05-07,2026-05-08,0.99,ml_p_side,5.0,5.0,ml_first,ML-ranked candidate,0.0,ACCEPTED,OK,0.05975,239.0,50.0,50.0,4.77,transitioned,2026-05-08,2026-05-11,5.4,3.79,0.07,4.77,multiple_r,2026-05-11,4.4454,trailing_stop,trailing_stop,True,,,,,2026-05-08,4.4454,trailing_stop,explicit_replay,221.7004456968326,-17.261802535505325,-6.9574,3.0,False,0.0,,,,-0.06957403253158723,0.28223189176011715,2026-05-07,0.33450417490631207,0.98,0.5518286172855456,-0.21732444237923348,Q1,Q2,Q3
exit_closed,2026-05-12,,,,,,,,,,,,,,,APG,sell,Unknown,10.0,49.1531075,,,,,,,4576.839012341384,,,,,,,2026-04-23,2026-04-24,0.9975,ml_p_side,2.0,1.0,ml_first,ML-ranked candidate,0.0,ACCEPTED,OK,0.12235,489.4,10.0,10.0,49.19,transitioned,2026-04-24,2026-04-27,43.44,53.76,0.0928,49.19,multiple_r,2026-05-12,43.44,take_profit,take_profit,True,,,,,2026-04-24,43.44,take_profit,explicit_replay,-434.63892,56.63936759000004,13.1517,18.0,False,0.0,,,,0.11623085071477934,1.3162550000000002,2026-04-23,0.15177201951788735,0.0375,0.25512117788963007,-0.10334915837174272,Q4,Q1,Q1
exit_closed,2026-05-12,,,,,,,,,,,,,,,KD,buy,Unknown,19.0,12.561391184264163,,,,,,,4799.005353611384,,,,,,,2026-05-07,2026-05-08,1.0,ml_p_side,1.0,1.0,ml_first,ML-ranked candidate,0.0,ACCEPTED,OK,0.06004,240.16000000000005,19.0,19.0,12.55,transitioned,2026-05-08,2026-05-11,14.28,10.08,0.07,12.55,multiple_r,2026-05-12,11.6994,trailing_stop,trailing_stop,True,,,,,2026-05-08,11.6994,trailing_stop,explicit_replay,222.16634127,-16.57169116076946,-6.8622,4.0,False,0.0,,,,-0.06862227054468228,0.708968909789761,2026-05-07,0.3308208309430252,0.995,0.5569937756747879,-0.2261729447317627,Q1,Q2,Q3
exit_closed,2026-05-13,,,,,,,,,,,,,,,GENI,buy,Unknown,50.0,4.397122048260382,,,,,,,5064.838191333469,,,,,,,2026-05-11,2026-05-12,0.9975,ml_p_side,2.0,2.0,ml_first,ML-ranked candidate,0.0,ACCEPTED,OK,0.055125,220.5,50.0,50.0,4.39,transitioned,2026-05-12,2026-05-13,4.98,3.41,0.07,4.39,multiple_r,2026-05-13,4.4547,trailing_stop,trailing_stop,True,,,,,2026-05-12,4.4547,trailing_stop,explicit_replay,222.40396241814943,2.481903174406483,1.3094,1.0,False,0.0,,,,0.01309446294819061,0.2820348709315376,2026-05-11,0.33450417490631207,0.99,0.562056739794396,-0.2275525648880839,Q1,Q2,Q3
exit_closed,2026-05-13,,,,,,,,,,,,,,,TTD,buy,Unknown,10.0,21.781031541873677,,,,,,,5268.1617887115935,,,,,,,2026-05-11,2026-05-12,0.9925,ml_p_side,5.0,4.0,ml_first,ML-ranked candidate,0.0,ACCEPTED,OK,0.0538,215.2,10.0,10.0,21.765,transitioned,2026-05-12,2026-05-13,24.32,16.88,0.07,21.77,multiple_r,2026-05-13,20.3484,trailing_stop,trailing_stop,True,,,,,2026-05-12,20.3484,trailing_stop,explicit_replay,203.323597378125,-14.55206113523738,-6.5774,1.0,False,0.0,,,,-0.06577427424038507,1.4002947262496224,2026-05-11,0.3387925807911745,0.995,0.5492484593678033,-0.21045587857662879,Q1,Q3,Q3
exit_closed,2026-05-15,,,,,,,,,,,,,,,MOS,buy,Unknown,17.999999999,21.87068818141197,,,,,,,5273.79499189396,,,,,,,2026-05-11,2026-05-12,0.995,ml_p_side,3.0,3.0,ml_first,ML-ranked candidate,0.0,ACCEPTED,OK,0.0980549999999999,392.22,18.0,17.999999999,21.85,transitioned,2026-05-12,2026-05-13,24.62,19.02,0.07,21.85,multiple_r,2026-05-15,21.9387,trailing_stop,trailing_stop,True,,,,,2026-05-12,21.9387,trailing_stop,explicit_replay,394.687371034846,0.8968820751281328,0.311,3.0,False,0.0,,,,0.0031097246700189096,0.8144823375462776,2026-05-11,0.27484260370308083,0.98,0.4288828805861293,-0.15404027688304844,Q2,Q2,Q2
exit_closed,2026-05-15,,,,,,,,,,,,,,,GENI,buy,Unknown,51.0,4.247222286401926,,,,,,,5478.6186170538185,,,,,,,2026-05-13,2026-05-14,0.99,ml_p_side,5.0,5.0,ml_first,ML-ranked candidate,0.0,ACCEPTED,OK,0.0536775,214.71,51.0,51.0,4.24,transitioned,2026-05-14,2026-05-15,4.76,3.23,0.07,4.24,multiple_r,2026-05-15,4.0269,trailing_stop,trailing_stop,True,,,,,2026-05-14,4.0269,trailing_stop,explicit_replay,204.82362515985776,-11.8496939476224,-5.1874,1.0,False,0.0,,,,-0.051874442057652126,0.29063493897197884,2026-05-13,0.3387925807911745,0.9875,0.5571579742632194,-0.21836539347204492,Q1,Q3,Q3
exit_closed,2026-05-18,,,,,,,,,,,,,,,ASAN,buy,Unknown,30.0,5.744305000000001,,,,,,,6040.041860232475,,,,,,,2026-05-13,2026-05-14,0.995,ml_p_side,2.0,3.0,ml_first,ML-ranked candidate,0.0,ACCEPTED,OK,0.042825,171.3,30.0,30.0,5.739999999999999,transitioned,2026-05-14,2026-05-15,6.45,4.06,0.07,5.74,multiple_r,2026-05-18,6.45,take_profit,take_profit,True,,,,,2026-05-14,6.45,take_profit,explicit_replay,193.29435274599544,20.91350400099543,12.2851,4.0,False,0.0,,,,0.12285124135992076,0.4812300000000003,2026-05-13,0.3406926920081044,0.99,0.5687764430898083,-0.22808375108170392,Q1,Q3,Q3
exit_closed,2026-05-21,,,,,,,,,,,,,,,NYT,sell,Unknown,5.0,83.8870375,,,,,,,5310.365842857079,,,,,,,2026-05-06,2026-05-07,0.9975,ml_p_side,2.0,1.0,ml_first,ML-ranked candidate,0.0,ACCEPTED,OK,0.1046,418.4,5.0,5.0,83.95,transitioned,2026-05-07,2026-05-08,73.42,92.66,0.1036999999999999,83.95,multiple_r,2026-05-21,73.42,take_profit,take_profit,True,,,,,2026-05-07,73.42,take_profit,explicit_replay,-367.301905,51.93754607916669,14.2564,14.0,False,0.0,,,,0.1247753861852614,2.506560714285712,2026-05-06,0.16684763149644005,0.0025,0.266072221102308,-0.09922458960586794,Q4,Q1,Q1
exit_closed,2026-05-26,,,,,,,,,,,,,,,TRN,sell,Unknown,11.0,36.552565,,,,,,,5203.891083819161,,,,,,,2026-05-06,2026-05-07,0.995,ml_p_side,4.0,2.0,ml_first,ML-ranked candidate,0.0,ACCEPTED,OK,0.0996875,398.75,11.0,11.0,36.58,transitioned,2026-05-07,2026-05-08,31.54,40.69,0.1124,36.58,multiple_r,2026-05-26,31.54,take_profit,take_profit,True,,,,,2026-05-07,31.54,take_profit,explicit_replay,-347.13081700000004,54.73582827258324,15.8927,19.0,False,0.0,,,,0.13713305755697314,1.1821242857142846,2026-05-06,0.19805498346459097,0.01,0.3149968346314709,-0.11694185116687991,Q3,Q1,Q1
exit_closed,2026-05-26,,,,,,,,,,,,,,,ADMA,buy,Unknown,24.0,7.918660532421177,,,,,,,5399.904588410101,,,,,,,2026-05-11,2026-05-12,1.0,ml_p_side,1.0,1.0,ml_first,ML-ranked candidate,0.0,ACCEPTED,OK,0.04728,189.12,24.0,24.0,7.91,transitioned,2026-05-12,2026-05-13,8.9,5.8,0.07,7.91,multiple_r,2026-05-26,8.174699999999998,trailing_stop,trailing_stop,True,,,,,2026-05-12,8.174699999999998,trailing_stop,explicit_replay,196.0135045909392,5.908637456997496,3.2334,14.0,False,0.0,,,,0.032333684027813,0.6053315806917651,2026-05-11,0.35679926031140974,1.0,0.5644477609157934,-0.20764850060438367,Q1,Q3,Q3
exit_closed,2026-05-27,,,,,,,,,,,,,,,KD,buy,Unknown,20.0,11.41085603799186,,,,,,,5422.449077399868,,,,,,,2026-05-12,2026-05-13,0.995,ml_p_side,2.0,3.0,ml_first,ML-ranked candidate,0.0,ACCEPTED,OK,0.0574,229.6,20.0,20.0,11.4,transitioned,2026-05-13,2026-05-14,12.97,8.99,0.07,11.4,multiple_r,2026-05-27,11.7459,trailing_stop,trailing_stop,True,,,,,2026-05-13,11.7459,trailing_stop,explicit_replay,234.747771733758,6.462185837692857,2.9362,14.0,False,0.0,,,,0.029361860397908,0.6916731537119597,2026-05-12,0.29974313409455466,0.99,0.5184551662679864,-0.21871203217343171,Q1,Q2,Q2
exit_closed,2026-05-29,,,,,,,,,,,,,,,MOS,buy,Unknown,17.0,21.30562046155644,,,,,,,5388.386991177722,,,,,,,2026-05-18,2026-05-19,0.995,ml_p_side,1.0,3.0,ml_first,ML-ranked candidate,0.0,ACCEPTED,OK,0.0909925,363.97,17.0,17.0,21.29,transitioned,2026-05-19,2026-05-20,24.19,18.47,0.07,21.29,multiple_r,2026-05-29,24.19,take_profit,take_profit,True,,,,,2026-05-19,24.19,take_profit,explicit_replay,411.0206176136791,48.71641110286572,13.5381,10.0,False,0.0,,,,0.13538115651914917,0.8101772747304119,2026-05-18,0.28722676648667644,0.9925,0.4351764296039067,-0.14794966311723023,Q2,Q2,Q2
