event_type,event_date,account_type,entry_mode,leverage_feature_enabled,leverage_active,leverage_configured_max,effective_leverage,current_equity,settled_cash,unsettled_cash,current_gross_notional,current_net_notional,gross_exposure_before_pct,net_exposure_before_pct,available_entry_budget,symbol,side,sector,quantity,entry_price,entry_cost,effective_unit_cost,target_weight_pct,vol_target_scaler,candidate_budget,settled_cash_before,settled_cash_after,quantity_override,gross_exposure_limit_pct,gross_exposure_after_pct,gross_exposure_capped,previous_close,entry_gap_pct,signal_date,execution_date,score,score_source,rank,selection_rank,selector_signal_mode,selection_explanation,selector_earnings_blackout,entry_decision,entry_reason,signal_target_weight,signal_target_notional,signal_approved_shares,signal_filled_qty,signal_fill_price,watcher_transition_state,watcher_trigger_date,watcher_transition_effective_date,replay_take_profit_price,replay_initial_stop_price,replay_trailing_stop_pct,replay_trailing_activation_price,replay_trailing_activation_mode,replay_exit_date,replay_exit_price,replay_exit_reason,replay_exit_intent_role,replay_oco_sibling_canceled,trigger_date,effective_date,transition_state,trailing_stop_pct,entry_date,exit_price,exit_reason,exit_source,proceeds,pnl,return_pct,holding_days,is_day_trade,unsettled_cash_after,rejection_reason,attempted_entry_price,max_entry_gap_pct,max_consecutive_losses,ret,date,proba_top,proba_bottom,oracle_edge,q
exit_closed,2022-01-05,,,,,,,,,,,,,,,ENPH,buy,Unknown,1.0,187.7306925,,,,,,,3771.9108768155,,,,,,,2022-01-03,2022-01-04,1.0,ml_p_side,1.0,1.0,ml_first,ML-ranked candidate,0.0,ACCEPTED,OK,0.0461124999999999,184.45,1.0,1.0,187.59,transitioned,2022-01-04,2022-01-05,208.43,147.91,0.07,187.59,multiple_r,2022-01-05,174.83999999999995,trailing_stop,trailing_stop,True,,,,,2022-01-04,174.83999999999995,trailing_stop,explicit_replay,174.74383799999995,-13.043173707750045,-6.8666,1.0,False,0.0,,,,,-0.06866587625249432,2022-01-03,0.6250183656816808,0.44232275633927476,0.18269560934240603,Q5
exit_closed,2022-01-05,,,,,,,,,,,,,,,TTD,buy,Unknown,2.0,90.04748500000001,,,,,,,3940.7989372655,,,,,,,2022-01-03,2022-01-04,0.9972067039106144,ml_p_side,3.0,2.0,ml_first,ML-ranked candidate,0.0,ACCEPTED,OK,0.045055,180.22,2.0,2.0,89.98,transitioned,2022-01-04,2022-01-05,101.82,72.17,0.07,89.98,multiple_r,2022-01-05,84.49049999999998,trailing_stop,trailing_stop,True,,,,,2022-01-04,84.49049999999998,trailing_stop,explicit_replay,168.88806044999995,-11.26093804100006,-6.1712,1.0,False,0.0,,,,,-0.06171171798968089,2022-01-03,0.6390578463154198,0.4428984309122025,0.19615941540321735,Q5
exit_closed,2022-01-05,,,,,,,,,,,,,,,RVLV,buy,Unknown,3.0,57.0527575,,,,,,,4101.5818579955,,,,,,,2022-01-03,2022-01-04,0.994413407821229,ml_p_side,5.0,3.0,ml_first,ML-ranked candidate,0.0,ACCEPTED,OK,0.04269,170.76,3.0,3.0,57.01,transitioned,2022-01-04,2022-01-05,64.32,43.53,0.07,57.01,multiple_r,2022-01-05,53.6238,trailing_stop,trailing_stop,True,,,,,2022-01-04,53.6238,trailing_stop,explicit_replay,160.78292072999997,-10.426699251750025,-6.0102,1.0,False,0.0,,,,,-0.060101520947519416,2022-01-03,0.6366905442766562,0.42673270840914174,0.20995783586751443,Q5
exit_closed,2022-01-05,,,,,,,,,,,,,,,LKNCY,buy,Unknown,16.0,10.027515,,,,,,,4251.4897632755,,,,,,,2022-01-03,2022-01-04,0.988826815642458,ml_p_side,6.0,5.0,ml_first,ML-ranked candidate,0.0,ACCEPTED,OK,0.039144,156.576,16.0,16.0,10.02,transitioned,2022-01-04,2022-01-05,11.06,6.68,0.07,10.02,multiple_r,2022-01-05,9.3744,trailing_stop,trailing_stop,True,,,,,2022-01-04,9.3744,trailing_stop,explicit_replay,149.90790528,-10.580466791999982,-6.5132,1.0,False,0.0,,,,,-0.06513228850816977,2022-01-03,0.639646491864122,0.44442943202895274,0.1952170598351693,Q5
exit_closed,2022-01-05,,,,,,,,,,,,,,,QXO,buy,Unknown,5.0,38.10856,,,,,,,4431.4387368755,,,,,,,2022-01-03,2022-01-04,0.9776536312849162,ml_p_side,8.0,9.0,ml_first,ML-ranked candidate,0.0,ACCEPTED,OK,0.0485,194.0,5.0,5.0,38.08,transitioned,2022-01-04,2022-01-05,43.84,29.5,0.07,38.08,multiple_r,2022-01-05,36.0096,trailing_stop,trailing_stop,True,,,,,2022-01-04,36.0096,trailing_stop,explicit_replay,179.9489736,-10.650989239999973,-5.5078,1.0,False,0.0,,,,,-0.05507843906985721,2022-01-03,0.6417557248641168,0.45928460356130907,0.18247112130280774,Q5
exit_closed,2022-01-10,,,,,,,,,,,,,,,HALO,sell,Unknown,8.0,41.0391975,,,,,,,4458.873025780737,,,,,,,2022-01-03,2022-01-04,0.9972067039106144,ml_p_side,2.0,1.0,ml_first,ML-ranked candidate,0.0,ACCEPTED,OK,0.08212,328.48,8.0,8.0,41.07,transitioned,2022-01-04,2022-01-05,35.72,46.66,0.1362,41.07,multiple_r,2022-01-10,35.72,take_profit,take_profit,True,,,,,2022-01-04,35.72,take_profit,explicit_replay,-285.917168,42.274466956000026,14.8914,6.0,False,0.0,,,,,0.1296126099931657,2022-01-03,0.36558858504832276,0.44515012049202024,-0.07956153544369748,Q3
exit_closed,2022-01-12,,,,,,,,,,,,,,,WFRD,buy,Unknown,6.0,27.0867476283988,,,,,,,4179.090021876119,,,,,,,2022-01-07,2022-01-10,0.9972067039106144,ml_p_side,3.0,2.0,ml_first,ML-ranked candidate,0.0,ACCEPTED,OK,0.04113,164.52,6.0,6.0,27.03,transitioned,2022-01-10,2022-01-11,30.98,20.7,0.07,27.03,multiple_r,2022-01-12,30.98,take_profit,take_profit,True,,,,,2022-01-10,30.98,take_profit,explicit_replay,185.43417304600484,22.864931129880944,14.3733,2.0,False,0.0,,,,,0.14373273694621647,2022-01-07,0.6628316372092993,0.47392554992382896,0.18890608728547031,Q5
exit_closed,2022-01-13,,,,,,,,,,,,,,,RVLV,buy,Unknown,3.0,52.8295925,,,,,,,5020.343313844618,,,,,,,2022-01-07,2022-01-10,1.0,ml_p_side,1.0,1.0,ml_first,ML-ranked candidate,0.0,ACCEPTED,OK,0.040785,163.14,3.0,3.0,52.79,transitioned,2022-01-10,2022-01-11,61.45,40.84,0.07,52.79,multiple_r,2022-01-13,53.4657,trailing_stop,trailing_stop,True,,,,,2022-01-10,53.4657,trailing_stop,explicit_replay,160.30888159499997,1.772557461749983,1.2041,3.0,False,0.0,,,,,0.012040742127624737,2022-01-07,0.6410327518214698,0.42839638990628526,0.21263636191518454,Q5
exit_closed,2022-01-13,,,,,,,,,,,,,,,OI,sell,Unknown,29.0,12.998496920860546,,,,,,,4612.700913442819,,,,,,,2022-01-07,2022-01-10,0.9972067039106144,ml_p_side,2.0,1.0,ml_first,ML-ranked candidate,0.0,ACCEPTED,OK,0.0943949999999999,377.58,29.0,29.0,13.009999999999998,transitioned,2022-01-10,2022-01-11,11.39,14.45,0.1104,13.01,multiple_r,2022-01-13,14.04656,trailing_stop,trailing_stop,True,,,,,2022-01-10,14.04656,trailing_stop,explicit_replay,-407.6289376728452,-30.799076620054613,-7.4614,3.0,False,0.0,,,,,-0.08062955936524285,2022-01-07,0.39802274126008047,0.3932845030656655,0.00473823819441499,Q4
exit_closed,2022-01-18,,,,,,,,,,,,,,,RVLV,buy,Unknown,3.0,50.858115000000005,,,,,,,3745.96541935174,,,,,,,2022-01-13,2022-01-14,1.0,ml_p_side,1.0,1.0,ml_first,ML-ranked candidate,0.0,ACCEPTED,OK,0.0388499999999999,155.39999999999998,3.0,3.0,50.81999999999999,transitioned,2022-01-14,2022-01-18,58.53,38.76,0.07,50.82,multiple_r,2022-01-18,48.2484,trailing_stop,trailing_stop,True,,,,,2022-01-14,48.2484,trailing_stop,explicit_replay,144.66559013999998,-7.954527163500046,-5.1314,4.0,False,0.0,,,,,-0.051313639917641596,2022-01-13,0.6409864222861562,0.4400048523112344,0.20098156997492184,Q5
exit_closed,2022-01-24,,,,,,,,,,,,,,,SSNC,buy,Unknown,2.0,83.60265500000001,,,,,,,4527.919160467178,,,,,,,2022-01-06,2022-01-07,0.9832402234636872,ml_p_side,1.0,6.0,ml_first,ML-ranked candidate,0.0,ACCEPTED,OK,0.041475,165.9,2.0,2.0,83.54,transitioned,2022-01-07,2022-01-10,88.53,78.07,0.07,83.54,multiple_r,2022-01-24,78.91049999999998,trailing_stop,trailing_stop,True,,,,,2022-01-07,78.91049999999998,trailing_stop,explicit_replay,157.70367542673716,-9.551796166262848,-5.6124,17.0,False,0.0,,,,,-0.05612447355888428,2022-01-06,0.294434675291701,0.2122016092508285,0.08223306604087247,Q4
exit_closed,2022-01-24,,,,,,,,,,,,,,,PSKY,sell,Unknown,8.999999999,34.88381749999999,,,,,,,4254.390240823194,,,,,,,2022-01-10,2022-01-11,0.9972067039106144,ml_p_side,2.0,1.0,ml_first,ML-ranked candidate,0.0,ACCEPTED,OK,0.0785474999999999,314.18999999999994,9.0,8.999999999,34.910000000000004,transitioned,2022-01-11,2022-01-12,30.37,39.63,0.1351,34.91,multiple_r,2022-01-24,30.37,take_profit,take_profit,True,,,,,2022-01-11,30.37,take_profit,explicit_replay,-273.48033146961336,40.33125151389365,14.8628,13.0,False,0.0,,,,,0.1293957434561166,2022-01-10,0.3848721007529076,0.37958901624762237,0.0052830845052852515,Q4
exit_closed,2022-01-24,,,,,,,,,,,,,,,RLI,buy,Unknown,14.0,55.63169250000001,,,,,,,4981.827953852684,,,,,,,2022-01-11,2022-01-12,0.9972067039106144,ml_p_side,3.0,2.0,ml_first,ML-ranked candidate,0.0,ACCEPTED,OK,0.195265,781.06,14.0,14.0,55.59,transitioned,2022-01-12,2022-01-13,59.74,52.34,0.07,55.59,multiple_r,2022-01-24,52.05675,trailing_stop,trailing_stop,True,,,,,2022-01-12,52.05675,trailing_stop,explicit_replay,727.4377130294898,-51.639635079010304,-6.4261,12.0,False,0.0,,,,,-0.0642608976888489,2022-01-11,0.19789700779271024,0.19543652578523493,0.002460482007475312,Q4
exit_closed,2022-01-26,,,,,,,,,,,,,,,NLY,sell,Unknown,5.0,31.844077570444583,,,,,,,4739.025783391604,,,,,,,2022-01-05,2022-01-06,0.9860335195530726,ml_p_side,1.0,4.0,ml_first,ML-ranked candidate,0.0,ACCEPTED,OK,0.0397,158.8,5.0,5.0,31.920000000000005,transitioned,2022-01-06,2022-01-07,29.08,34.1,0.0684999999999999,31.92,multiple_r,2022-01-26,31.15746,trailing_stop,trailing_stop,True,,,,,2022-01-06,31.15746,trailing_stop,explicit_replay,-156.33951088175863,2.795201237953348,2.2037,20.0,False,0.0,,,,,0.02156186088058809,2022-01-05,0.22348788746375414,0.13411423802181627,0.08937364944193787,Q4
exit_closed,2022-01-26,,,,,,,,,,,,,,,Z,buy,Unknown,4.0,52.027465869369365,,,,,,,4935.904608364577,,,,,,,2022-01-24,2022-01-25,0.9944289693593314,ml_p_side,3.0,3.0,ml_first,ML-ranked candidate,0.0,ACCEPTED,OK,0.05329,213.16,4.0,4.0,51.943,transitioned,2022-01-25,2022-01-26,60.22,42.77,0.07,51.94,multiple_r,2022-01-26,49.29,trailing_stop,trailing_stop,True,,,,,2022-01-25,49.29,trailing_stop,explicit_replay,196.87882497297295,-11.293471463547718,-5.2616,1.0,False,0.0,,,,,-0.05261578329112937,2022-01-24,0.6338909574309316,0.40077007644031964,0.23312088099061196,Q5
exit_closed,2022-01-27,,,,,,,,,,,,,,,PENN,buy,Unknown,5.0,41.5211175,,,,,,,5973.803679966696,,,,,,,2022-01-24,2022-01-25,0.9832869080779943,ml_p_side,4.0,7.0,ml_first,ML-ranked candidate,0.0,ACCEPTED,OK,0.053,212.0,5.0,5.0,41.49,transitioned,2022-01-25,2022-01-26,47.91,33.25,0.07,41.49,multiple_r,2022-01-27,43.3008,trailing_stop,trailing_stop,True,,,,,2022-01-25,43.3008,trailing_stop,explicit_replay,216.3849228,8.71705362374999,4.2862,2.0,False,0.0,,,,,0.04286210504811194,2022-01-24,0.6112159495240338,0.44466056291450723,0.16655538660952657,Q5
exit_closed,2022-01-31,,,,,,,,,,,,,,,GPN,sell,Unknown,3.0,143.072615,,,,,,,5998.958034869263,,,,,,,2022-01-03,2022-01-04,0.994413407821229,ml_p_side,4.0,2.0,ml_first,ML-ranked candidate,0.0,ACCEPTED,OK,0.106275,425.1,3.0,3.0,143.18,transitioned,2022-01-04,2022-01-05,123.54,157.59,0.1007,143.18,multiple_r,2022-01-31,148.37447006999997,trailing_stop,trailing_stop,True,,,,,2022-01-04,148.37447006999997,trailing_stop,explicit_replay,-445.3682280856154,-16.41711131786543,-3.5733,27.0,False,0.0,,,,,-0.03705709209271091,2022-01-03,0.3838037155072732,0.3529336348647306,0.030870080642542597,Q4
exit_closed,2022-01-31,,,,,,,,,,,,,,,IP,sell,Unknown,14.0,48.6534825,,,,,,,5322.512530140562,,,,,,,2022-01-12,2022-01-13,0.9944289693593314,ml_p_side,4.0,2.0,ml_first,ML-ranked candidate,0.0,ACCEPTED,OK,0.169715,678.86,14.0,14.0,48.69,transitioned,2022-01-13,2022-01-14,44.42,52.05,0.0691,48.69,multiple_r,2022-01-31,48.280556,trailing_stop,trailing_stop,True,,,,,2022-01-13,48.280556,trailing_stop,explicit_replay,-676.2995442812,4.498905644799935,0.7724,18.0,False,0.0,,,,,0.00766494978031651,2022-01-12,0.23304723634680505,0.2980172683071443,-0.06497003196033926,Q3
exit_closed,2022-02-02,,,,,,,,,,,,,,,MKC,buy,Unknown,8.999999999,95.39149,,,,,,,5370.690128666798,,,,,,,2022-01-13,2022-01-14,0.9972144846796658,ml_p_side,2.0,2.0,ml_first,ML-ranked candidate,0.0,ACCEPTED,OK,0.2148975,859.59,9.0,8.999999999,95.32,transitioned,2022-01-14,2022-01-18,101.83,89.98,0.07,95.32,multiple_r,2022-02-02,101.83,take_profit,take_profit,True,,,,,2022-01-14,101.83,take_profit,explicit_replay,915.965941398226,57.184974470646125,6.7496,19.0,False,0.0,,,,,0.06749564347930814,2022-01-13,0.3199661853077069,0.24441451470384687,0.07555167060386,Q4
exit_closed,2022-02-03,,,,,,,,,,,,,,,CHKP,sell,Unknown,5.0,124.88747938155473,,,,,,,4088.8677459031146,,,,,,,2022-01-18,2022-01-19,0.9972144846796658,ml_p_side,1.0,1.0,ml_first,ML-ranked candidate,0.0,ACCEPTED,OK,0.1567625,627.05,5.0,5.0,124.98999999999998,transitioned,2022-01-19,2022-01-20,114.67,134.81,0.0785,124.99,multiple_r,2022-02-03,125.23542,trailing_stop,trailing_stop,True,,,,,2022-01-19,125.23542,trailing_stop,explicit_replay,-626.8346292146394,-2.696070203957524,-0.2778,15.0,False,0.0,,,,,-0.0027860328366644538,2022-01-18,0.2006243411903199,0.1563765249062564,0.04424781628406352,Q4
exit_closed,2022-02-04,,,,,,,,,,,,,,,WFRD,buy,Unknown,7.0,30.03908544043144,,,,,,,4701.426874395656,,,,,,,2022-01-31,2022-02-01,1.0,ml_p_side,1.0,1.0,ml_first,ML-ranked candidate,0.0,ACCEPTED,OK,0.0525,210.0,7.0,7.0,29.98,transitioned,2022-02-01,2022-02-02,33.9,23.36,0.07,29.98,multiple_r,2022-02-04,33.9,take_profit,take_profit,True,,,,,2022-02-01,33.9,take_profit,explicit_replay,236.8522628721041,26.5155827096591,12.853,3.0,False,0.0,,,,,0.12852969732467012,2022-01-31,0.6543614090183086,0.4405832677970747,0.21377814122123395,Q5
exit_closed,2022-02-08,,,,,,,,,,,,,,,PII,sell,Unknown,3.0,112.50804233507355,,,,,,,4115.449726794985,,,,,,,2022-01-26,2022-01-27,0.9972144846796658,ml_p_side,1.0,1.0,ml_first,ML-ranked candidate,0.0,ACCEPTED,OK,0.08349,333.96,3.0,3.0,112.8,transitioned,2022-01-27,2022-01-28,96.85,125.33,0.1110999999999999,112.8,multiple_r,2022-02-08,118.987699,trailing_stop,trailing_stop,True,,,,,2022-01-27,118.987699,trailing_stop,explicit_replay,-357.8156238155737,-20.440971780883867,-5.4457,12.0,False,0.0,,,,,-0.057592830969617426,2022-01-26,0.3798535474756993,0.30133874761055907,0.07851479986514026,Q4
exit_closed,2022-02-10,,,,,,,,,,,,,,,KN,buy,Unknown,8.0,21.43982877394636,,,,,,,4127.666167866634,,,,,,,2022-02-08,2022-02-09,0.9665738161559888,ml_p_side,1.0,12.0,ml_first,ML-ranked candidate,0.0,ACCEPTED,OK,0.0425,170.0,8.0,8.0,21.42,transitioned,2022-02-09,2022-02-10,22.99,19.73,0.07,21.42,multiple_r,2022-02-10,22.99,take_profit,take_profit,True,,,,,2022-02-09,22.99,take_profit,explicit_replay,183.7865268522776,12.216441071649228,7.2303,1.0,False,0.0,,,,,0.07230333984464488,2022-02-08,0.2504751924668706,0.1371414078872213,0.11333378457964932,Q4
exit_closed,2022-02-15,,,,,,,,,,,,,,,WFRD,buy,Unknown,7.0,32.577841797841955,,,,,,,4163.7928496124405,,,,,,,2022-02-04,2022-02-07,1.0,ml_p_side,1.0,1.0,ml_first,ML-ranked candidate,0.0,ACCEPTED,OK,0.0572774999999999,229.11,7.0,7.0,32.51,transitioned,2022-02-07,2022-02-08,36.98,25.77,0.07,32.51,multiple_r,2022-02-15,32.49419999999999,trailing_stop,trailing_stop,True,,,,,2022-02-07,32.49419999999999,trailing_stop,explicit_replay,227.05715425048456,-1.0561518021845586,-0.2567,8.0,False,0.0,,,,,-0.0025674444108665373,2022-02-04,0.6485072069518807,0.44650049485987464,0.20200671209200605,Q5
exit_closed,2022-02-15,,,,,,,,,,,,,,,PR,buy,Unknown,24.0,7.953050439229845,,,,,,,4352.891592922334,,,,,,,2022-02-10,2022-02-11,1.0,ml_p_side,1.0,1.0,ml_first,ML-ranked candidate,0.0,ACCEPTED,OK,0.0474,189.6,24.0,24.0,7.93,transitioned,2022-02-11,2022-02-14,8.93,5.89,0.07,7.93,multiple_r,2022-02-15,7.8864,trailing_stop,trailing_stop,True,,,,,2022-02-11,7.8864,trailing_stop,explicit_replay,189.09874330989396,-1.8317291947847991,-0.838,4.0,False,0.0,,,,,-0.008380487429210715,2022-02-10,0.6522681207794746,0.446780247305996,0.20548787347347858,Q5
exit_closed,2022-02-16,,,,,,,,,,,,,,,ALKS,sell,Unknown,13.0,25.347251533121774,,,,,,,3654.771862650072,,,,,,,2022-01-24,2022-01-25,0.9972144846796658,ml_p_side,1.0,1.0,ml_first,ML-ranked candidate,0.0,ACCEPTED,OK,0.0830699999999999,332.28,13.0,13.0,25.37,transitioned,2022-01-25,2022-01-26,22.24,29.27,0.1537,25.37,multiple_r,2022-02-16,26.212064,trailing_stop,trailing_stop,True,,,,,2022-01-25,26.212064,trailing_stop,explicit_replay,-341.0067006579189,-11.677586364725304,-3.2993,22.0,False,0.0,,,,,-0.03411858937637313,2022-01-24,0.4013519904206009,0.3991351207977213,0.0022168696228795914,Q4
exit_closed,2022-02-16,,,,,,,,,,,,,,,LNT,buy,Unknown,11.0,59.75040785123967,,,,,,,4270.688122290072,,,,,,,2022-01-31,2022-02-01,0.9972144846796658,ml_p_side,2.0,2.0,ml_first,ML-ranked candidate,0.0,ACCEPTED,OK,0.164615,658.46,11.0,11.0,59.7,transitioned,2022-02-01,2022-02-02,64.97,55.39,0.07,59.7,multiple_r,2022-02-16,56.0232,trailing_stop,trailing_stop,True,,,,,2022-02-01,56.0232,trailing_stop,explicit_replay,615.9162596399999,-41.53540306954562,-6.238,15.0,False,0.0,,,,,-0.06237962191855295,2022-01-31,0.3221076278184389,0.1872226132754626,0.13488501454297627,Q5
exit_closed,2022-02-17,,,,,,,,,,,,,,,PR,buy,Unknown,24.0,8.109153969754253,,,,,,,5144.618101443516,,,,,,,2022-02-15,2022-02-16,1.0,ml_p_side,1.0,1.0,ml_first,ML-ranked candidate,0.0,ACCEPTED,OK,0.0481199999999999,192.48,24.0,24.0,8.1,transitioned,2022-02-16,2022-02-17,9.06,5.99,0.07,8.1,multiple_r,2022-02-17,7.77945,trailing_stop,trailing_stop,True,,,,,2022-02-16,7.77945,trailing_stop,explicit_replay,186.41354933229985,-8.264531850384458,-4.0658,1.0,False,0.0,,,,,-0.0406582451121279,2022-02-15,0.6627510310132272,0.4503046170869588,0.2124464139262684,Q5
exit_closed,2022-02-23,,,,,,,,,,,,,,,SMMT,buy,Unknown,80.0,2.0287494636015326,,,,,,,5714.912382490578,,,,,,,2022-02-15,2022-02-16,0.9972144846796658,ml_p_side,2.0,2.0,ml_first,ML-ranked candidate,0.0,ACCEPTED,OK,0.0404,161.6,80.0,80.0,2.0200000000000005,transitioned,2022-02-16,2022-02-17,2.28,1.4,0.07,2.02,multiple_r,2022-02-23,2.0925,trailing_stop,trailing_stop,True,,,,,2022-02-16,2.0925,trailing_stop,explicit_replay,166.70840068965515,4.359753614406117,3.1424,7.0,False,0.0,,,,,0.03142356291017534,2022-02-15,0.6449440591987025,0.5407237339968668,0.10422032520183566,Q4
exit_closed,2022-02-24,,,,,,,,,,,,,,,FLO,buy,Unknown,23.0,28.46434099644128,,,,,,,6330.217327584571,,,,,,,2022-02-02,2022-02-03,0.9972144846796658,ml_p_side,2.0,2.0,ml_first,ML-ranked candidate,0.0,ACCEPTED,OK,0.16353,654.12,23.0,23.0,28.44,transitioned,2022-02-03,2022-02-04,30.85,26.33,0.07,28.44,multiple_r,2022-02-24,26.7654,trailing_stop,trailing_stop,True,,,,,2022-02-03,26.7654,trailing_stop,explicit_replay,615.3049450939922,-39.57130177703266,-5.9687,21.0,False,0.0,,,,,-0.05968664430536752,2022-02-02,0.2904907979384241,0.23620111786458664,0.05428968007383744,Q4
exit_closed,2022-02-25,,,,,,,,,,,,,,,TAP,sell,Unknown,10.0,48.423655,,,,,,,5963.372702717451,,,,,,,2022-01-26,2022-01-27,0.9944289693593314,ml_p_side,2.0,2.0,ml_first,ML-ranked candidate,0.0,ACCEPTED,OK,0.12095,483.8,10.0,10.0,48.46,transitioned,2022-01-27,2022-01-28,42.69,53.36,0.1011,48.46,multiple_r,2022-02-25,51.982931,trailing_stop,trailing_stop,True,,,,,2022-01-27,51.982931,trailing_stop,explicit_replay,-520.1152161205,-36.19111398966672,-6.847,29.0,False,0.0,,,,,-0.07350283657852774,2022-01-26,0.1637766733011393,0.34457125720016213,-0.18079458389902284,Q2
exit_closed,2022-02-25,,,,,,,,,,,,,,,CHKP,sell,Unknown,3.0,125.27320383462953,,,,,,,5543.443722524483,,,,,,,2022-02-03,2022-02-04,0.9972144846796658,ml_p_side,2.0,1.0,ml_first,ML-ranked candidate,0.0,ACCEPTED,OK,0.09501,380.04,3.0,3.0,125.43,transitioned,2022-02-04,2022-02-07,111.08,140.33,0.1188,125.43,multiple_r,2022-02-25,139.861188,trailing_stop,trailing_stop,True,,,,,2022-02-04,139.861188,trailing_stop,explicit_replay,-419.835025290092,-44.222114572530536,-10.4303,21.0,False,0.0,,,,,-0.11644935803372403,2022-02-03,0.2060269942855838,0.17620669424815177,0.029820300037432024,Q4
exit_closed,2022-03-02,,,,,,,,,,,,,,,WFRD,buy,Unknown,7.0,29.028226903376016,,,,,,,5870.558336488728,,,,,,,2022-02-24,2022-02-25,1.0,ml_p_side,1.0,1.0,ml_first,ML-ranked candidate,0.0,ACCEPTED,OK,0.050715,202.86,7.0,7.0,28.98,transitioned,2022-02-25,2022-02-28,32.75,21.98,0.07,28.98,multiple_r,2022-03-02,27.9,trailing_stop,trailing_stop,True,,,,,2022-02-25,27.9,trailing_stop,explicit_replay,194.8348173560028,-8.423730244126432,-3.8867,5.0,False,0.0,,,,,-0.03886654555689739,2022-02-24,0.6654015643105977,0.4486218608297438,0.2167797034808539,Q5
exit_closed,2022-03-02,,,,,,,,,,,,,,,DOCU,buy,Unknown,2.0,114.63763296361554,,,,,,,6100.082582186592,,,,,,,2022-02-25,2022-02-28,0.9944289693593314,ml_p_side,3.0,3.0,ml_first,ML-ranked candidate,0.0,ACCEPTED,OK,0.0575349999999999,230.14,2.0,2.0,114.54,transitioned,2022-02-28,2022-03-01,130.03,90.73,0.07,114.54,multiple_r,2022-03-02,114.855,trailing_stop,trailing_stop,True,,,,,2022-02-28,114.855,trailing_stop,explicit_replay,229.52424569786368,0.1801971908544146,0.1896,2.0,False,0.0,,,,,0.0018961228591787282,2022-02-25,0.6540825555202208,0.37302499471113254,0.2810575608090882,Q5
exit_closed,2022-03-04,,,,,,,,,,,,,,,XPEV,buy,Unknown,5.0,34.525875,,,,,,,6418.530556509569,,,,,,,2022-03-02,2022-03-03,1.0,ml_p_side,1.0,1.0,ml_first,ML-ranked candidate,0.0,ACCEPTED,OK,0.043025,172.10000000000002,5.0,5.0,34.5,transitioned,2022-03-03,2022-03-04,38.89,25.85,0.07,34.5,multiple_r,2022-03-04,32.085,trailing_stop,trailing_stop,True,,,,,2022-03-03,32.085,trailing_stop,explicit_replay,160.33676625,-12.344397562499978,-7.0697,1.0,False,0.0,,,,,-0.07069697726704971,2022-03-02,0.6540454689393869,0.44583953249754343,0.20820593644184343,Q5
exit_closed,2022-03-07,,,,,,,,,,,,,,,CHDN,sell,Unknown,3.0,120.57745494156664,,,,,,,6617.15030748896,,,,,,,2022-02-25,2022-02-28,0.9972144846796658,ml_p_side,2.0,1.0,ml_first,ML-ranked candidate,0.0,ACCEPTED,OK,0.0915975,366.39,3.0,3.0,120.785,transitioned,2022-02-28,2022-03-01,106.25,137.15,0.1355,120.79,multiple_r,2022-03-07,106.25,take_profit,take_profit,True,,,,,2022-02-28,106.25,take_profit,explicit_replay,-319.23395863414856,42.35974211736854,13.4847,7.0,False,0.0,,,,,0.11882366358213403,2022-02-25,0.3480043650257718,0.29790504277257934,0.05009932225319247,Q4
exit_closed,2022-03-08,,,,,,,,,,,,,,,VNO,sell,Unknown,8.999999999,44.8563325,,,,,,,6663.389555442881,,,,,,,2022-02-17,2022-02-18,0.9972144846796658,ml_p_side,2.0,1.0,ml_first,ML-ranked candidate,0.0,ACCEPTED,OK,0.1014299999999999,405.72,9.0,8.999999999,44.89000000000001,transitioned,2022-02-18,2022-02-22,39.22,50.35,0.1215,44.89,multiple_r,2022-03-08,45.0843,trailing_stop,trailing_stop,True,,,,,2022-02-18,45.0843,trailing_stop,explicit_replay,-405.9818672398909,-2.482495523724171,-0.5056,18.0,False,0.0,,,,,-0.005082169836332362,2022-02-17,0.2789473595246019,0.24360563337813212,0.0353417261464698,Q4
exit_closed,2022-03-10,,,,,,,,,,,,,,,YUMC,sell,Unknown,8.0,51.78820663497678,,,,,,,6127.394889671519,,,,,,,2022-02-16,2022-02-17,0.9972144846796658,ml_p_side,3.0,1.0,ml_first,ML-ranked candidate,0.0,ACCEPTED,OK,0.1047999999999999,419.2,8.0,8.0,51.86,transitioned,2022-02-17,2022-02-18,45.59,58.42,0.1264,51.86,multiple_r,2022-03-10,45.59,take_profit,take_profit,True,,,,,2022-02-17,45.59,take_profit,explicit_replay,-365.1519629820916,48.92582198852879,13.5955,21.0,False,0.0,,,,,0.11968374727984166,2022-02-16,0.3127080317712019,0.24367350842712396,0.06903452334407792,Q4
exit_closed,2022-03-10,,,,,,,,,,,,,,,CHWY,buy,Unknown,4.0,42.671980000000005,,,,,,,6290.46435211152,,,,,,,2022-03-08,2022-03-09,0.9972222222222222,ml_p_side,1.0,2.0,ml_first,ML-ranked candidate,0.0,ACCEPTED,OK,0.04204,168.16,4.0,4.0,42.64,transitioned,2022-03-09,2022-03-10,47.51,29.64,0.07,42.64,multiple_r,2022-03-10,40.7898,trailing_stop,trailing_stop,True,,,,,2022-03-09,40.7898,trailing_stop,explicit_replay,163.06946244,-7.669663936000006,-4.4108,1.0,False,0.0,,,,,-0.04410810091305828,2022-03-08,0.6257933318718377,0.39391935022405716,0.23187398164778056,Q5
exit_closed,2022-03-14,,,,,,,,,,,,,,,TMHC,sell,Unknown,10.0,33.08916393772894,,,,,,,6158.099645788426,,,,,,,2022-03-02,2022-03-03,0.9972144846796658,ml_p_side,2.0,1.0,ml_first,ML-ranked candidate,0.0,ACCEPTED,OK,0.0825249999999999,330.1,10.0,10.0,33.13000000000001,transitioned,2022-03-03,2022-03-04,28.72,37.63,0.1359,33.13,multiple_r,2022-03-14,28.72,take_profit,take_profit,True,,,,,2022-03-03,28.72,take_profit,explicit_replay,-287.4965629304029,43.25247790705962,15.213,11.0,False,0.0,,,,,0.1320421375998302,2022-03-02,0.41715603891769554,0.28068499508347905,0.1364710438342165,Q5
exit_closed,2022-03-17,,,,,,,,,,,,,,,BALL,sell,Unknown,5.0,94.16035728057058,,,,,,,5697.696297494639,,,,,,,2022-01-27,2022-01-28,0.9972144846796658,ml_p_side,1.0,1.0,ml_first,ML-ranked candidate,0.0,ACCEPTED,OK,0.1174875,469.95,5.0,5.0,94.23999999999998,transitioned,2022-01-28,2022-01-31,83.7,103.0,0.0929,94.24,multiple_r,2022-03-17,91.967535,trailing_stop,trailing_stop,True,,,,,2022-01-28,91.967535,trailing_stop,explicit_replay,-460.1343187015567,10.257197573145216,2.3843,48.0,False,0.0,,,,,0.023288168650811403,2022-01-27,0.16993892950716602,0.2373806235759334,-0.06744169406876738,Q3
exit_closed,2022-03-21,,,,,,,,,,,,,,,POWI,sell,Unknown,3.0,91.13903118844097,,,,,,,5230.16777448905,,,,,,,2022-02-16,2022-02-17,0.9944289693593314,ml_p_side,4.0,2.0,ml_first,ML-ranked candidate,0.0,ACCEPTED,OK,0.06966,278.64,3.0,3.0,91.24,transitioned,2022-02-17,2022-02-18,80.81,106.67,0.1692,91.24,multiple_r,2022-03-21,97.148828,trailing_stop,trailing_stop,True,,,,,2022-02-17,97.148828,trailing_stop,explicit_replay,-292.01539897194243,-18.784489427475908,-6.1862,32.0,False,0.0,,,,,-0.06594097757230988,2022-02-16,0.3673199997452364,0.37738315744803214,-0.010063157702795755,Q3
exit_closed,2022-03-22,,,,,,,,,,,,,,,WFRD,buy,Unknown,6.0,31.9485069895288,,,,,,,5692.367594022974,,,,,,,2022-03-18,2022-03-21,0.9944444444444444,ml_p_side,3.0,3.0,ml_first,ML-ranked candidate,0.0,ACCEPTED,OK,0.04683,187.32,6.0,6.0,31.87,transitioned,2022-03-21,2022-03-22,35.28,23.28,0.07,31.87,multiple_r,2022-03-22,31.2573,trailing_stop,trailing_stop,True,,,,,2022-03-21,31.2573,trailing_stop,explicit_replay,187.3086966184234,-4.439852631330552,-2.1635,1.0,False,0.0,,,,,-0.021635032577745905,2022-03-18,0.6232248007922481,0.4346959084070598,0.18852889238518827,Q5
exit_closed,2022-03-25,,,,,,,,,,,,,,,BAH,sell,Unknown,6.0,86.33987762616701,,,,,,,4953.66509062672,,,,,,,2022-03-04,2022-03-07,0.9972144846796658,ml_p_side,1.0,1.0,ml_first,ML-ranked candidate,0.0,ACCEPTED,OK,0.129495,517.98,6.0,6.0,86.40000000000002,transitioned,2022-03-07,2022-03-08,77.78,93.81,0.0858,86.4,multiple_r,2022-03-25,88.70986,trailing_stop,trailing_stop,True,,,,,2022-03-07,88.70986,trailing_stop,explicit_replay,-532.551902538,-14.779056974815756,-2.6716,18.0,False,0.0,,,,,-0.027449452547228637,2022-03-04,0.28701413431024025,0.22559697405323176,0.061417160257008496,Q4
exit_closed,2022-03-29,,,,,,,,,,,,,,,PR,buy,Unknown,25.0,8.239111964177292,,,,,,,4961.464309070962,,,,,,,2022-03-22,2022-03-23,0.9972222222222222,ml_p_side,1.0,2.0,ml_first,ML-ranked candidate,0.0,ACCEPTED,OK,0.0500625,200.25,25.0,25.0,8.23,transitioned,2022-03-23,2022-03-24,9.05,6.32,0.07,8.23,multiple_r,2022-03-29,8.15145,trailing_stop,trailing_stop,True,,,,,2022-03-23,8.15145,trailing_stop,explicit_replay,203.48451642724325,-2.5550760169203954,-1.064,6.0,False,0.0,,,,,-0.010639734544018342,2022-03-22,0.6252170093339997,0.43036005437004515,0.19485695496395455,Q5
exit_closed,2022-03-31,,,,,,,,,,,,,,,PR,buy,Unknown,29.0,8.594492140309155,,,,,,,4949.80582840081,,,,,,,2022-03-29,2022-03-30,1.0,ml_p_side,1.0,1.0,ml_first,ML-ranked candidate,0.0,ACCEPTED,OK,0.0614075,245.63,29.0,29.0,8.58,transitioned,2022-03-30,2022-03-31,9.57,6.8,0.07,8.58,multiple_r,2022-03-31,8.2026,trailing_stop,trailing_stop,True,,,,,2022-03-30,8.2026,trailing_stop,explicit_replay,237.656563480434,-11.658480670152189,-4.5598,1.0,False,0.0,,,,,-0.04559805674510253,2022-03-29,0.6252170093339997,0.4285064425280472,0.1967105668059525,Q5
exit_closed,2022-04-01,,,,,,,,,,,,,,,OGE,sell,Unknown,4.0,38.8054385453943,,,,,,,4245.020085565359,,,,,,,2022-03-10,2022-03-11,0.9555555555555556,ml_p_side,1.0,13.0,ml_first,ML-ranked candidate,0.0,ACCEPTED,OK,0.0388699999999999,155.48,4.0,4.0,38.83,transitioned,2022-03-11,2022-03-14,35.47,41.84,0.0776,38.83,multiple_r,2022-04-01,41.142768,trailing_stop,trailing_stop,True,,,,,2022-03-11,41.142768,trailing_stop,explicit_replay,-164.66032000490506,-9.523937788127723,-5.681,21.0,False,0.0,,,,,-0.06023200721907851,2022-03-10,0.28228446222669734,0.2031259647099325,0.07915849751676485,Q4
exit_closed,2022-04-01,,,,,,,,,,,,,,,PENG,buy,Unknown,10.0,26.12299285714286,,,,,,,4498.266165251717,,,,,,,2022-03-18,2022-03-21,1.0,ml_p_side,1.0,1.0,ml_first,ML-ranked candidate,0.0,ACCEPTED,OK,0.065,260.0,10.0,10.0,26.1,transitioned,2022-03-21,2022-03-22,29.38,21.3,0.07,26.1,multiple_r,2022-04-01,25.3425,trailing_stop,trailing_stop,True,,,,,2022-03-21,25.3425,trailing_stop,explicit_replay,253.2460796863581,-8.062217863641933,-2.9878,11.0,False,0.0,,,,,-0.029877620126112392,2022-03-18,0.5816472310042353,0.4365680171705752,0.14507921383366013,Q5
exit_closed,2022-04-05,,,,,,,,,,,,,,,WFRD,buy,Unknown,6.0,32.604435,,,,,,,4957.380553761307,,,,,,,2022-03-25,2022-03-28,0.994459833795014,ml_p_side,2.0,3.0,ml_first,ML-ranked candidate,0.0,ACCEPTED,OK,0.049965,199.86,6.0,6.0,32.58,transitioned,2022-03-28,2022-03-29,37.64,25.8,0.07,32.58,multiple_r,2022-04-05,33.3777,trailing_stop,trailing_stop,True,,,,,2022-03-28,33.3777,trailing_stop,explicit_replay,200.15605359,4.4707556069999725,2.3717,8.0,False,0.0,,,,,0.02371655880557344,2022-03-25,0.625106420521512,0.4330262958963581,0.1920801246251539,Q5
exit_closed,2022-04-06,,,,,,,,,,,,,,,ARLO,buy,Unknown,29.0,8.8566375,,,,,,,4969.389300159308,,,,,,,2022-04-01,2022-04-04,0.9972375690607734,ml_p_side,2.0,2.0,ml_first,ML-ranked candidate,0.0,ACCEPTED,OK,0.0635825,254.33,29.0,29.0,8.85,transitioned,2022-04-04,2022-04-05,9.91,7.05,0.07,8.85,multiple_r,2022-04-06,8.63505,trailing_stop,trailing_stop,True,,,,,2022-04-04,8.63505,trailing_stop,explicit_replay,250.2787209525,-6.640819293750013,-2.5019,2.0,False,0.0,,,,,-0.02501937106492169,2022-04-01,0.6418140308715061,0.43653612111428997,0.20527790975721616,Q5
exit_closed,2022-04-21,,,,,,,,,,,,,,,RLI,sell,Unknown,3.0,54.79887,,,,,,,6035.846597038983,,,,,,,2022-04-06,2022-04-07,0.9640883977900552,ml_p_side,1.0,11.0,ml_first,ML-ranked candidate,0.0,ACCEPTED,OK,0.04127625,165.105,3.0,3.0,54.84,transitioned,2022-04-07,2022-04-08,50.29,59.19,0.0793,54.84,multiple_r,2022-04-21,57.6184305,trailing_stop,trailing_stop,True,,,,,2022-04-07,57.6184305,trailing_stop,explicit_replay,-172.950361910325,-8.630470328324996,-4.8935,14.0,False,0.0,,,,,-0.051452894922833226,2022-04-06,0.18812573050555623,0.24064924706081747,-0.052523516555261246,Q3
exit_closed,2022-04-22,,,,,,,,,,,,,,,BAX,sell,Unknown,2.0,79.94,,,,,,,5701.6657477731615,,,,,,,2022-04-08,2022-04-11,0.9751381215469612,ml_p_side,1.0,9.0,ml_first,ML-ranked candidate,0.0,ACCEPTED,OK,0.04,160.0,2.0,2.0,80.0,transitioned,2022-04-11,2022-04-12,72.94,86.17,0.0771999999999999,80.0,multiple_r,2022-04-22,72.94,take_profit,take_profit,True,,,,,2022-04-11,72.94,take_profit,explicit_replay,-145.960234,13.850865333333306,9.5969,11.0,False,0.0,,,,,0.08756567425569173,2022-04-08,0.1762325922894087,0.21167304149528962,-0.03544044920588091,Q3
exit_closed,2022-04-25,,,,,,,,,,,,,,,MWA,sell,Unknown,12.0,13.030219999999998,,,,,,,5974.74782918465,,,,,,,2022-04-07,2022-04-08,0.9696132596685084,ml_p_side,1.0,10.0,ml_first,ML-ranked candidate,0.0,ACCEPTED,OK,0.03933,157.32,12.0,12.0,13.04,transitioned,2022-04-08,2022-04-11,11.93,14.14,0.0847,13.04,multiple_r,2022-04-25,11.93,take_profit,take_profit,True,,,,,2022-04-08,11.93,take_profit,explicit_replay,-143.238738,13.045348387999976,9.2223,17.0,False,0.0,,,,,0.08443602640630765,2022-04-07,0.2441201968171612,0.34997239883320597,-0.10585220201604476,Q2
exit_closed,2022-04-25,,,,,,,,,,,,,,,JOYY,buy,Unknown,5.0,37.62864712569317,,,,,,,6157.25289615965,,,,,,,2022-04-21,2022-04-22,0.9972451790633609,ml_p_side,1.0,2.0,ml_first,ML-ranked candidate,0.0,ACCEPTED,OK,0.0463625,185.45,5.0,5.0,37.59,transitioned,2022-04-22,2022-04-25,41.91,27.58,0.07,37.59,multiple_r,2022-04-25,36.5211,trailing_stop,trailing_stop,True,,,,,2022-04-22,36.5211,trailing_stop,explicit_replay,182.505066975,-5.694611624154419,-2.9434,3.0,False,0.0,,,,,-0.029433615351452058,2022-04-21,0.6213260427545922,0.4056322090011204,0.21569383375347184,Q5
exit_closed,2022-05-02,,,,,,,,,,,,,,,COLD,sell,Unknown,17.999999999,28.6684825,,,,,,,6393.676319142203,,,,,,,2022-04-01,2022-04-04,0.9972375690607734,ml_p_side,3.0,1.0,ml_first,ML-ranked candidate,0.0,ACCEPTED,OK,0.1289249999999999,515.6999999999999,18.0,17.999999999,28.690000000000005,transitioned,2022-04-04,2022-04-05,25.53,31.38,0.0936999999999999,28.69,multiple_r,2022-05-02,25.53,take_profit,take_profit,True,,,,,2022-04-04,25.53,take_profit,explicit_replay,-459.792746974456,55.91311729639373,12.2933,28.0,False,0.0,,,,,0.10947501319611175,2022-04-01,0.25488595141535564,0.3284085526201483,-0.07352260120479265,Q3
exit_closed,2022-05-05,,,,,,,,,,,,,,,ELAN,sell,Unknown,13.0,27.44641205882353,,,,,,,5914.038847514891,,,,,,,2022-02-24,2022-02-25,0.9972144846796658,ml_p_side,2.0,1.0,ml_first,ML-ranked candidate,0.0,ACCEPTED,OK,0.0906425,362.57,13.0,13.0,27.47,transitioned,2022-02-25,2022-02-28,24.26,31.49,0.1462,27.47,multiple_r,2022-05-05,24.26,take_profit,take_profit,True,,,,,2022-02-25,24.26,take_profit,explicit_replay,-315.55345900000003,40.84976828604829,13.1344,69.0,False,0.0,,,,,0.1160957596932658,2022-02-24,0.4159867740692121,0.2693605539413844,0.14662622012782767,Q5
exit_closed,2022-05-05,,,,,,,,,,,,,,,GH,buy,Unknown,3.0,54.580600538399935,,,,,,,6071.810225504891,,,,,,,2022-05-03,2022-05-04,0.9972602739726028,ml_p_side,1.0,2.0,ml_first,ML-ranked candidate,0.0,ACCEPTED,OK,0.040995,163.98,3.0,3.0,54.5,transitioned,2022-05-04,2022-05-05,61.77,38.14,0.07,54.5,multiple_r,2022-05-05,52.61939999999999,trailing_stop,trailing_stop,True,,,,,2022-05-04,52.61939999999999,trailing_stop,explicit_replay,157.77137798999996,-6.019546165684403,-3.5932,1.0,False,0.0,,,,,-0.03593219054121888,2022-05-03,0.6331776526675843,0.41395065068869297,0.21922700197889133,Q5
exit_closed,2022-05-06,,,,,,,,,,,,,,,TSCO,sell,Unknown,10.0,45.244335684210526,,,,,,,5918.787306341591,,,,,,,2022-03-07,2022-03-08,0.9972144846796658,ml_p_side,1.0,1.0,ml_first,ML-ranked candidate,0.0,ACCEPTED,OK,0.11374,454.96,10.0,10.0,45.276,transitioned,2022-03-08,2022-03-09,40.01,50.29,0.1108,45.28,multiple_r,2022-05-06,40.01,take_profit,take_profit,True,,,,,2022-03-08,40.01,take_profit,explicit_replay,-400.320055,51.66978123917544,13.0826,59.0,False,0.0,,,,,0.11569040864572178,2022-03-07,0.23588311955750882,0.28600111909255754,-0.050117999535048724,Q3
exit_closed,2022-05-09,,,,,,,,,,,,,,,NCNO,buy,Unknown,5.0,33.75862254415866,,,,,,,6372.86399188059,,,,,,,2022-05-05,2022-05-06,1.0,ml_p_side,1.0,1.0,ml_first,ML-ranked candidate,0.0,ACCEPTED,OK,0.0427625,171.05,5.0,5.0,33.7,transitioned,2022-05-06,2022-05-09,38.66,25.23,0.07,33.7,multiple_r,2022-05-09,31.527,trailing_stop,trailing_stop,True,,,,,2022-05-06,31.527,trailing_stop,explicit_replay,157.54830074999998,-11.295449904609567,-6.6105,3.0,False,0.0,,,,,-0.06610526070012313,2022-05-05,0.6110352217559989,0.34332620793845253,0.26770901381754636,Q5
exit_closed,2022-05-10,,,,,,,,,,,,,,,AGCO,sell,Unknown,2.0,137.4868075,,,,,,,6500.348017031673,,,,,,,2022-03-21,2022-03-22,0.9972222222222222,ml_p_side,1.0,1.0,ml_first,ML-ranked candidate,0.0,ACCEPTED,OK,0.0684449999999999,273.78,2.0,2.0,137.59,transitioned,2022-03-22,2022-03-23,119.09,157.32,0.1434,137.59,multiple_r,2022-05-10,119.09,take_profit,take_profit,True,,,,,2022-03-22,119.09,take_profit,explicit_replay,-238.310999,36.4197226400833,15.4478,49.0,False,0.0,,,,,0.13380780188673735,2022-03-21,0.3008921679482082,0.2685415100895311,0.032350657858677134,Q4
exit_closed,2022-05-11,,,,,,,,,,,,,,,GEO,sell,Unknown,41.0,7.23457,,,,,,,6519.522779009944,,,,,,,2022-05-06,2022-05-09,0.9972602739726028,ml_p_side,1.0,1.0,ml_first,ML-ranked candidate,0.0,ACCEPTED,OK,0.075235,300.94,41.0,41.0,7.240000000000001,transitioned,2022-05-09,2022-05-10,6.39,8.55,0.1803,7.24,multiple_r,2022-05-11,6.39,take_profit,take_profit,True,,,,,2022-05-09,6.39,take_profit,explicit_replay,-262.1340945,34.38722797066669,13.2171,2.0,False,0.0,,,,,0.11674087057005467,2022-05-06,0.3580371283506902,0.39388077097130136,-0.03584364262061118,Q3
exit_closed,2022-05-13,,,,,,,,,,,,,,,HRB,sell,Unknown,14.0,28.25879,,,,,,,6468.85248771081,,,,,,,2022-05-11,2022-05-12,0.994535519125683,ml_p_side,2.0,2.0,ml_first,ML-ranked candidate,0.0,ACCEPTED,OK,0.099435,397.74,14.0,14.0,28.28,transitioned,2022-05-12,2022-05-13,24.72,31.85,0.1263,28.28,multiple_r,2022-05-13,31.851764000000003,trailing_stop,trailing_stop,True,,,,,2022-05-12,31.851764000000003,trailing_stop,explicit_replay,-446.1699545828001,-50.670291299133375,-11.2803,1.0,False,0.0,,,,,-0.1271453590192646,2022-05-11,0.3989375233416551,0.36138290828347164,0.03755461505818347,Q4
exit_closed,2022-05-17,,,,,,,,,,,,,,,OHI,sell,Unknown,13.0,28.158865,,,,,,,6297.405873978476,,,,,,,2022-05-09,2022-05-10,0.994535519125683,ml_p_side,2.0,2.0,ml_first,ML-ranked candidate,0.0,ACCEPTED,OK,0.091065,364.26,13.0,13.0,28.180000000000003,transitioned,2022-05-10,2022-05-11,24.38,31.62,0.1221,28.18,multiple_r,2022-05-17,30.128385000000005,trailing_stop,trailing_stop,True,,,,,2022-05-10,30.128385000000005,trailing_stop,explicit_replay,-391.8844229527501,-25.959502963333435,-6.5371,7.0,False,0.0,,,,,-0.069943159995973,2022-05-09,0.31558326803792935,0.2706183009240265,0.044964967113902854,Q4
exit_closed,2022-05-20,,,,,,,,,,,,,,,PII,sell,Unknown,2.0,110.2672375,,,,,,,5945.953488419559,,,,,,,2022-05-13,2022-05-16,0.9972677595628416,ml_p_side,1.0,1.0,ml_first,ML-ranked candidate,0.0,ACCEPTED,OK,0.05568,222.72,2.0,2.0,110.35,transitioned,2022-05-16,2022-05-17,96.88,130.93,0.1865,110.35,multiple_r,2022-05-20,96.88,take_profit,take_profit,True,,,,,2022-05-16,96.88,take_profit,explicit_replay,-193.866568,26.591245015833334,13.8184,4.0,False,0.0,,,,,0.1214072085554877,2022-05-13,0.3282713172697667,0.3065052859846826,0.021766031285084142,Q4
exit_closed,2022-05-23,,,,,,,,,,,,,,,RSI,buy,Unknown,27.0,5.834372500000001,,,,,,,6332.29260362606,,,,,,,2022-05-17,2022-05-18,1.0,ml_p_side,1.0,1.0,ml_first,ML-ranked candidate,0.0,ACCEPTED,OK,0.0401625,160.65,27.0,27.0,5.83,transitioned,2022-05-18,2022-05-19,6.72,4.13,0.07,5.83,multiple_r,2022-05-23,5.919449999999999,trailing_stop,trailing_stop,True,,,,,2022-05-18,5.919449999999999,trailing_stop,explicit_replay,159.73724616749996,2.161930250249952,1.4582,5.0,False,0.0,,,,,0.014582116585802218,2022-05-17,0.6112128402890383,0.46557565953764324,0.1456371807513951,Q5
exit_closed,2022-05-25,,,,,,,,,,,,,,,SBRA,sell,Unknown,30.999999999,13.438182232109048,,,,,,,6249.998143661369,,,,,,,2022-05-05,2022-05-06,0.9972602739726028,ml_p_side,2.0,1.0,ml_first,ML-ranked candidate,0.0,ACCEPTED,OK,0.1048575,419.43,31.0,30.999999999000003,13.449999999999998,transitioned,2022-05-06,2022-05-09,11.77,15.12,0.1239,13.45,multiple_r,2022-05-25,13.9082625,trailing_stop,trailing_stop,True,,,,,2022-05-06,13.9082625,trailing_stop,explicit_replay,-431.3932733617091,-15.028826528502991,-3.3799,19.0,False,0.0,,,,,-0.034980941601442606,2022-05-05,0.2721101746142011,0.36407488188286863,-0.09196470726866751,Q3
exit_closed,2022-05-26,,,,,,,,,,,,,,,LSTR,sell,Unknown,3.0,155.76308999999998,,,,,,,5622.969629237574,,,,,,,2022-04-25,2022-04-26,0.9945054945054944,ml_p_side,2.0,2.0,ml_first,ML-ranked candidate,0.0,ACCEPTED,OK,0.1174424999999999,469.77,3.0,3.0,155.88,transitioned,2022-04-26,2022-04-27,137.73,173.09,0.1104,155.88,multiple_r,2022-05-26,154.834176,trailing_stop,trailing_stop,True,,,,,2022-04-26,154.834176,trailing_stop,explicit_replay,-464.75800439040006,2.224189803599859,0.5999,30.0,False,0.0,,,,,0.005963633618208064,2022-04-25,0.20255871944722606,0.2104347856986842,-0.007876066251458147,Q3
exit_closed,2022-05-27,,,,,,,,,,,,,,,AN,sell,Unknown,2.0,114.653945,,,,,,,5690.153424998216,,,,,,,2022-04-25,2022-04-26,0.9972527472527472,ml_p_side,1.0,1.0,ml_first,ML-ranked candidate,0.0,ACCEPTED,OK,0.0577849999999999,231.14,2.0,2.0,114.74,transitioned,2022-04-26,2022-04-27,100.55,134.38,0.1712,114.74,multiple_r,2022-05-27,120.083136,trailing_stop,trailing_stop,True,,,,,2022-04-26,120.083136,trailing_stop,explicit_replay,-240.29836344960003,-11.143891347433366,-4.5212,31.0,False,0.0,,,,,-0.04735284948110596,2022-04-25,0.46966265420174647,0.3516869338681616,0.11797572033358489,Q5
exit_closed,2022-06-01,,,,,,,,,,,,,,,RSI,buy,Unknown,28.0,5.787678732394367,,,,,,,6090.855350777966,,,,,,,2022-05-25,2022-05-26,0.997289972899729,ml_p_side,1.0,2.0,ml_first,ML-ranked candidate,0.0,ACCEPTED,OK,0.04053,162.12,28.0,28.0,5.780000000000001,transitioned,2022-05-26,2022-05-27,6.54,4.02,0.07,5.78,multiple_r,2022-06-01,5.8404,trailing_stop,trailing_stop,True,,,,,2022-05-26,5.8404,trailing_stop,explicit_replay,163.44125783999996,1.337636831605579,0.9109,6.0,False,0.0,,,,,0.009109224966227902,2022-05-25,0.6017961186869608,0.4376343454094167,0.1641617732775441,Q5
exit_closed,2022-06-06,,,,,,,,,,,,,,,SHC,sell,Unknown,13.0,21.36393853993837,,,,,,,6122.235832177398,,,,,,,2022-03-18,2022-03-21,0.9944444444444444,ml_p_side,2.0,1.0,ml_first,ML-ranked candidate,0.0,ACCEPTED,OK,0.0696474999999999,278.59,13.0,13.0,21.4,transitioned,2022-03-21,2022-03-22,18.64,25.0,0.1684,21.4,multiple_r,2022-06-06,22.088602,trailing_stop,trailing_stop,True,,,,,2022-03-21,22.088602,trailing_stop,explicit_replay,-287.3097595043,-9.916464779674476,-3.2807,77.0,False,0.0,,,,,-0.033919937501548425,2022-03-18,0.3223704183138665,0.28784538873015686,0.03452502958370962,Q4
exit_closed,2022-06-10,,,,,,,,,,,,,,,LUV,sell,Unknown,8.999999999,46.2752675,,,,,,,6091.042391514486,,,,,,,2022-04-22,2022-04-25,0.9972451790633609,ml_p_side,1.0,1.0,ml_first,ML-ranked candidate,0.0,ACCEPTED,OK,0.1054125,421.65,9.0,8.999999999,46.31,transitioned,2022-04-25,2022-04-26,40.79,52.15,0.1261,46.31,multiple_r,2022-06-10,40.79,take_profit,take_profit,True,,,,,2022-04-25,40.79,take_profit,explicit_replay,-367.3119104591876,48.81248281107639,13.4476,46.0,False,0.0,,,,,0.11853561948615421,2022-04-22,0.3304280000430588,0.2930755815452431,0.037352418497815676,Q4
exit_closed,2022-06-10,,,,,,,,,,,,,,,MIR,sell,Unknown,29.0,8.183857499999998,,,,,,,5882.154380863986,,,,,,,2022-05-27,2022-05-31,0.997289972899729,ml_p_side,1.0,1.0,ml_first,ML-ranked candidate,0.0,ACCEPTED,OK,0.0599575,239.83,29.0,29.0,8.19,transitioned,2022-05-31,2022-06-01,7.19,9.99,0.2195,8.19,multiple_r,2022-06-10,7.19,take_profit,take_profit,True,,,,,2022-05-31,7.19,take_profit,explicit_replay,-208.85975685674933,28.37265728925064,13.8228,10.0,False,0.0,,,,,0.12144120300237371,2022-05-27,0.504076675193722,0.4159553902048454,0.08812128498887661,Q4
exit_closed,2022-06-13,,,,,,,,,,,,,,,HPQ,sell,Unknown,8.0,39.8800675,,,,,,,5601.158161745652,,,,,,,2022-06-01,2022-06-02,0.997289972899729,ml_p_side,1.0,1.0,ml_first,ML-ranked candidate,0.0,ACCEPTED,OK,0.08068,322.72,8.0,8.0,39.91,transitioned,2022-06-02,2022-06-03,35.1,46.32,0.1606,39.91,multiple_r,2022-06-13,35.1,take_profit,take_profit,True,,,,,2022-06-02,35.1,take_profit,explicit_replay,-280.95444000000003,37.948608719666616,13.6184,11.0,False,0.0,,,,,0.1198610684397663,2022-06-01,0.4040985427600137,0.3521005621482664,0.05199798061174732,Q4
exit_closed,2022-06-16,,,,,,,,,,,,,,,DXC,sell,Unknown,8.999999999,34.1843425,,,,,,,6081.991178209896,,,,,,,2022-05-26,2022-05-27,0.997289972899729,ml_p_side,1.0,1.0,ml_first,ML-ranked candidate,0.0,ACCEPTED,OK,0.0768599999999999,307.43999999999994,9.0,8.999999999,34.21,transitioned,2022-05-27,2022-05-31,29.72,39.23,0.1467999999999999,34.21,multiple_r,2022-06-16,29.72,take_profit,take_profit,True,,,,,2022-05-27,29.72,take_profit,explicit_replay,-267.6271139702637,39.86641860832034,15.0213,20.0,False,0.0,,,,,0.1305961201389203,2022-05-26,0.48770249128991516,0.3694453182396909,0.11825717305022426,Q5
exit_closed,2022-06-16,,,,,,,,,,,,,,,VVV,sell,Unknown,10.0,33.6447475,,,,,,,5784.813879256488,,,,,,,2022-06-06,2022-06-07,0.9972972972972972,ml_p_side,1.0,1.0,ml_first,ML-ranked candidate,0.0,ACCEPTED,OK,0.08535,341.4,10.0,10.0,33.67,transitioned,2022-06-07,2022-06-08,29.7,39.12,0.1619,33.67,multiple_r,2022-06-16,29.7,take_profit,take_profit,True,,,,,2022-06-07,29.7,take_profit,explicit_replay,-297.14125100965765,39.16924180409236,13.282,9.0,False,0.0,,,,,0.11724705319901718,2022-06-06,0.2752403189340813,0.2545253924394143,0.020714926494666996,Q4
exit_closed,2022-07-11,,,,,,,,,,,,,,,TTD,buy,Unknown,4.0,41.050765000000006,,,,,,,6011.716407141988,,,,,,,2022-07-01,2022-07-05,1.0,ml_p_side,1.0,1.0,ml_first,ML-ranked candidate,0.0,ACCEPTED,OK,0.0416599999999999,166.64,4.0,4.0,41.02,transitioned,2022-07-05,2022-07-06,47.08,30.11,0.07,41.02,multiple_r,2022-07-11,43.5333,trailing_stop,trailing_stop,True,,,,,2022-07-05,43.5333,trailing_stop,explicit_replay,174.03742673999997,9.785105821999965,6.0475,6.0,False,0.0,,,,,0.060474756073364055,2022-07-01,0.6364790876948759,0.35136781270644113,0.2851112749884348,Q5
exit_closed,2022-07-13,,,,,,,,,,,,,,,CGNX,buy,Unknown,8.0,42.51186,,,,,,,6190.670070958237,,,,,,,2022-07-01,2022-07-05,0.9973333333333332,ml_p_side,2.0,2.0,ml_first,ML-ranked candidate,0.0,ACCEPTED,OK,0.08694,347.76,8.0,8.0,42.48,transitioned,2022-07-05,2022-07-06,49.12,37.8,0.07,42.48,multiple_r,2022-07-13,42.4824,trailing_stop,trailing_stop,True,,,,,2022-07-05,42.4824,trailing_stop,explicit_replay,339.67227744,-0.5246310240000298,-0.0693,8.0,False,0.0,,,,,-0.0006929830875430643,2022-07-01,0.4648411387492633,0.2311070947382164,0.23373404401104692,Q5
exit_closed,2022-07-14,,,,,,,,,,,,,,,PTC,sell,Unknown,2.0,113.334935,,,,,,,5832.283597225895,,,,,,,2022-05-20,2022-05-23,0.997275204359673,ml_p_side,1.0,1.0,ml_first,ML-ranked candidate,0.0,ACCEPTED,OK,0.05671,226.84,2.0,2.0,113.42,transitioned,2022-05-23,2022-05-24,98.68,131.4,0.1586,113.42,multiple_r,2022-07-14,98.68,take_profit,take_profit,True,,,,,2022-05-23,98.68,take_profit,explicit_replay,-197.46854800000003,28.993001595666648,14.851,52.0,False,0.0,,,,,0.12930642259599823,2022-05-20,0.3326890258101244,0.3254208811612215,0.007268144648902908,Q4
exit_closed,2022-07-18,,,,,,,,,,,,,,,BNL,sell,Unknown,21.0,19.6552475,,,,,,,5706.175131991395,,,,,,,2022-06-15,2022-06-16,0.9946236559139784,ml_p_side,2.0,2.0,ml_first,ML-ranked candidate,0.0,ACCEPTED,OK,0.1052625,421.05,21.0,21.0,19.67,transitioned,2022-06-16,2022-06-17,17.76,22.05,0.121,19.67,multiple_r,2022-07-18,21.91555,trailing_stop,trailing_stop,True,,,,,2022-06-16,21.91555,trailing_stop,explicit_replay,-460.4796746025,-48.00054714174998,-10.3137,32.0,False,0.0,,,,,-0.11499740718095763,2022-06-15,0.1300294247013433,0.2106439927297554,-0.0806145680284121,Q3
exit_closed,2022-07-18,,,,,,,,,,,,,,,LYFT,buy,Unknown,13.0,12.3592625,,,,,,,5887.527430043241,,,,,,,2022-07-11,2022-07-12,0.9973333333333332,ml_p_side,1.0,2.0,ml_first,ML-ranked candidate,0.0,ACCEPTED,OK,0.04017,160.68,13.0,13.0,12.35,transitioned,2022-07-12,2022-07-13,13.97,8.74,0.07,12.35,multiple_r,2022-07-18,13.97,take_profit,take_profit,True,,,,,2022-07-12,13.97,take_profit,explicit_replay,181.35229805184636,20.63368442809633,13.0326,6.0,False,0.0,,,,,0.1303263443105931,2022-07-11,0.6746748299460212,0.43536070847592534,0.2393141214700959,Q5
exit_closed,2022-07-20,,,,,,,,,,,,,,,GENI,buy,Unknown,70.0,2.2961341067538124,,,,,,,6042.75969430594,,,,,,,2022-07-13,2022-07-14,0.9973333333333332,ml_p_side,2.0,2.0,ml_first,ML-ranked candidate,0.0,ACCEPTED,OK,0.040775,163.1,70.0,70.0,2.29,transitioned,2022-07-14,2022-07-15,2.63,1.62,0.07,2.29,multiple_r,2022-07-20,2.63,take_profit,take_profit,True,,,,,2022-07-14,2.63,take_profit,explicit_replay,181.99161014869887,21.214003859690195,14.5403,6.0,False,0.0,,,,,0.14540348155805005,2022-07-13,0.677175141854274,0.5184172866653053,0.15875785518896868,Q5
exit_closed,2022-07-21,,,,,,,,,,,,,,,AAON,sell,Unknown,8.0,35.17504236228427,,,,,,,5465.220006081036,,,,,,,2022-05-10,2022-05-11,0.9972677595628416,ml_p_side,1.0,1.0,ml_first,ML-ranked candidate,0.0,ACCEPTED,OK,0.07089333334,283.57333336,8.0,8.0,35.20666667,transitioned,2022-05-11,2022-05-12,30.84,41.29,0.1727,35.21,multiple_r,2022-07-21,38.288655,trailing_stop,trailing_stop,True,,,,,2022-05-11,38.288655,trailing_stop,explicit_replay,-306.477710082,-25.399641571845013,-8.1319,71.0,False,0.0,,,,,-0.08851766561208851,2022-05-10,0.3327935636751467,0.28168593617964965,0.05110762749549702,Q4
exit_closed,2022-07-25,,,,,,,,,,,,,,,OHI,sell,Unknown,12.0,29.1081525,,,,,,,4920.577163350989,,,,,,,2022-05-24,2022-05-25,0.997289972899729,ml_p_side,1.0,1.0,ml_first,ML-ranked candidate,0.0,ACCEPTED,OK,0.0875399999999999,350.16,12.0,12.0,29.129999999999995,transitioned,2022-05-25,2022-05-26,25.39,33.3,0.1431,29.13,multiple_r,2022-07-25,30.955148,trailing_stop,trailing_stop,True,,,,,2022-05-25,30.955148,trailing_stop,explicit_replay,-371.6660799768,-22.726696083300016,-5.9667,61.0,False,0.0,,,,,-0.06345285912597864,2022-05-24,0.3075266384044881,0.2996764698866768,0.007850168517811285,Q4
exit_closed,2022-07-25,,,,,,,,,,,,,,,CARG,buy,Unknown,13.0,22.977220000000003,,,,,,,5224.35259492099,,,,,,,2022-07-18,2022-07-19,0.9973333333333332,ml_p_side,1.0,2.0,ml_first,ML-ranked candidate,0.0,ACCEPTED,OK,0.0732225,292.89,13.0,13.0,22.96,transitioned,2022-07-19,2022-07-20,25.46,18.75,0.07,22.96,multiple_r,2022-07-25,23.3802,trailing_stop,trailing_stop,True,,,,,2022-07-19,23.3802,trailing_stop,explicit_replay,303.77543157,4.981960411999978,1.7538,6.0,False,0.0,,,,,0.017538240048186715,2022-07-18,0.5409526561741191,0.39185632311262186,0.14909633306149728,Q5
exit_closed,2022-07-25,,,,,,,,,,,,,,,ACAD,buy,Unknown,17.999999999,15.0412725,,,,,,,5479.471278299611,,,,,,,2022-07-20,2022-07-21,1.0,ml_p_side,1.0,1.0,ml_first,ML-ranked candidate,0.0,ACCEPTED,OK,0.067905,271.62,18.0,17.999999999,15.03,transitioned,2022-07-21,2022-07-22,17.05,12.4,0.07,15.03,multiple_r,2022-07-25,14.1825,trailing_stop,trailing_stop,True,,,,,2022-07-21,14.1825,trailing_stop,explicit_replay,255.11868337862109,-15.705444477833112,-5.7094,4.0,False,0.0,,,,,-0.05709440474534322,2022-07-20,0.5316298279529006,0.42369679252225473,0.10793303543064586,Q4
exit_closed,2022-07-26,,,,,,,,,,,,,,,SBRA,sell,Unknown,25.0,13.439912499999998,,,,,,,5237.276476917211,,,,,,,2022-06-15,2022-06-16,0.9973118279569892,ml_p_side,1.0,1.0,ml_first,ML-ranked candidate,0.0,ACCEPTED,OK,0.0860625,344.25,25.0,25.0,13.45,transitioned,2022-06-16,2022-06-17,11.98,15.46,0.1496,13.45,multiple_r,2022-07-26,15.237948,trailing_stop,trailing_stop,True,,,,,2022-06-16,15.237948,trailing_stop,explicit_replay,-381.3167812122652,-45.579767014348576,-11.7997,40.0,False,0.0,,,,,-0.13378327425866798,2022-06-15,0.28758449596432095,0.35373620506542036,-0.06615170910109941,Q3
exit_closed,2022-07-26,,,,,,,,,,,,,,,COMP,buy,Unknown,45.0,3.837140102319236,,,,,,,5397.911904796704,,,,,,,2022-07-21,2022-07-22,0.9973544973544972,ml_p_side,2.0,2.0,ml_first,ML-ranked candidate,0.0,ACCEPTED,OK,0.0431999999999999,172.79999999999998,45.0,45.0,3.83,transitioned,2022-07-22,2022-07-25,4.34,2.73,0.07,3.83,multiple_r,2022-07-26,3.57585,trailing_stop,trailing_stop,True,,,,,2022-07-22,3.57585,trailing_stop,explicit_replay,160.6354278794936,-12.087678116253327,-6.8095,4.0,False,0.0,,,,,-0.06809501226220738,2022-07-21,0.6556229126967025,0.5142210197007594,0.14140189299594308,Q5
exit_closed,2022-07-28,,,,,,,,,,,,,,,OLLI,sell,Unknown,4.0,68.02893999999999,,,,,,,4824.349431425283,,,,,,,2022-07-18,2022-07-19,0.9973333333333332,ml_p_side,2.0,1.0,ml_first,ML-ranked candidate,0.0,ACCEPTED,OK,0.06808,272.32,4.0,4.0,68.08,transitioned,2022-07-19,2022-07-20,59.23,78.22,0.1489,68.08,multiple_r,2022-07-28,59.23,take_profit,take_profit,True,,,,,2022-07-19,59.23,take_profit,explicit_replay,-237.050306,34.954664011999974,14.8555,9.0,False,0.0,,,,,0.12934113040714723,2022-07-18,0.4216857409046597,0.37239788206047714,0.049287858844182575,Q4
exit_closed,2022-07-29,,,,,,,,,,,,,,,OGE,sell,Unknown,14.0,39.8201125,,,,,,,4877.341895248884,,,,,,,2022-07-01,2022-07-05,0.9973333333333332,ml_p_side,3.0,1.0,ml_first,ML-ranked candidate,0.0,ACCEPTED,OK,0.14014,560.56,14.0,14.0,39.85,transitioned,2022-07-05,2022-07-06,36.1,43.49,0.0913,39.85,multiple_r,2022-07-29,41.076532,trailing_stop,trailing_stop,True,,,,,2022-07-05,41.076532,trailing_stop,explicit_replay,-575.3877372964,-18.232687218899983,-3.0587,24.0,False,0.0,,,,,-0.03155238448911968,2022-07-01,0.18404484576773247,0.277802480426008,-0.09375763465827555,Q3
exit_closed,2022-07-29,,,,,,,,,,,,,,,TTD,buy,Unknown,4.0,43.99297,,,,,,,5054.130607948884,,,,,,,2022-07-26,2022-07-27,0.9894179894179894,ml_p_side,6.0,5.0,ml_first,ML-ranked candidate,0.0,ACCEPTED,OK,0.04273,170.92,4.0,4.0,43.96,transitioned,2022-07-27,2022-07-28,48.28,31.23,0.07,43.96,multiple_r,2022-07-29,44.22149999999999,trailing_stop,trailing_stop,True,,,,,2022-07-27,44.22149999999999,trailing_stop,explicit_replay,176.78871269999996,0.7640411359999746,0.5195,2.0,False,0.0,,,,,0.005194693606728418,2022-07-26,0.6268051263890037,0.3711864687258132,0.2556186576631905,Q5
exit_closed,2022-08-01,,,,,,,,,,,,,,,ASAN,buy,Unknown,8.999999999,17.8233575,,,,,,,5462.629520322524,,,,,,,2022-07-27,2022-07-28,1.0,ml_p_side,1.0,1.0,ml_first,ML-ranked candidate,0.0,ACCEPTED,OK,0.0405899999999999,162.36,9.0,8.999999999,17.810000000000002,transitioned,2022-07-28,2022-07-29,20.39,12.54,0.07,17.81,multiple_r,2022-08-01,20.39,take_profit,take_profit,True,,,,,2022-07-28,20.39,take_profit,explicit_replay,183.4090694796212,22.95072893219992,14.4004,4.0,False,0.0,,,,,0.14400443350810876,2022-07-27,0.673792095274532,0.5184172866653053,0.1553748086092267,Q5
exit_closed,2022-08-02,,,,,,,,,,,,,,,ACAD,buy,Unknown,21.0,14.282168509700178,,,,,,,6284.876135750414,,,,,,,2022-07-25,2022-07-26,1.0,ml_p_side,1.0,1.0,ml_first,ML-ranked candidate,0.0,ACCEPTED,OK,0.0747075,298.83,21.0,21.0,14.269999999999998,transitioned,2022-07-26,2022-07-27,16.08,11.85,0.07,14.27,multiple_r,2022-08-02,13.9128,trailing_stop,trailing_stop,True,,,,,2022-07-26,13.9128,trailing_stop,explicit_replay,291.9838570523077,-8.03165931300714,-2.5862,7.0,False,0.0,,,,,-0.025862214792474192,2022-07-25,0.6340327179403674,0.42369679252225473,0.2103359254181127,Q5
exit_closed,2022-08-02,,,,,,,,,,,,,,,LYFT,buy,Unknown,16.0,13.08175256487026,,,,,,,6525.383783750413,,,,,,,2022-07-25,2022-07-26,0.9947089947089948,ml_p_side,4.0,3.0,ml_first,ML-ranked candidate,0.0,ACCEPTED,OK,0.05324,212.96,16.0,16.0,13.07,transitioned,2022-07-26,2022-07-27,15.04,10.36,0.07,13.07,multiple_r,2022-08-02,15.04,take_profit,take_profit,True,,,,,2022-07-26,15.04,take_profit,explicit_replay,240.507648,31.13681454976444,14.9693,7.0,False,0.0,,,,,0.1496930495680231,2022-07-25,0.6499292960347658,0.4336905014817299,0.2162387945530359,Q5
exit_closed,2022-08-05,,,,,,,,,,,,,,,COMP,buy,Unknown,47.0,3.761590025906736,,,,,,,7060.147005790533,,,,,,,2022-07-29,2022-08-01,0.992063492063492,ml_p_side,4.0,3.0,ml_first,ML-ranked candidate,0.0,ACCEPTED,OK,0.044885,179.54,47.0,47.0,3.75,transitioned,2022-08-01,2022-08-02,4.32,2.76,0.07,3.75,multiple_r,2022-08-05,3.7572,trailing_stop,trailing_stop,True,,,,,2022-08-01,3.7572,trailing_stop,explicit_replay,175.88699606261932,-0.96077357436252,-0.1167,4.0,False,0.0,,,,,-0.0011670665533726199,2022-07-29,0.6556229126967025,0.48412544937810204,0.17149746331860044,Q5
exit_closed,2022-08-05,,,,,,,,,,,,,,,ACAD,buy,Unknown,20.0,15.391535,,,,,,,7399.038668445831,,,,,,,2022-08-02,2022-08-03,0.9973544973544972,ml_p_side,2.0,2.0,ml_first,ML-ranked candidate,0.0,ACCEPTED,OK,0.0750499999999999,300.2,20.0,20.0,15.38,transitioned,2022-08-03,2022-08-04,16.96,12.56,0.07,15.38,multiple_r,2022-08-05,16.96,take_profit,take_profit,True,,,,,2022-08-03,16.96,take_profit,explicit_replay,338.8916626552985,30.9686134452985,10.1904,2.0,False,0.0,,,,,0.10190439095255943,2022-08-02,0.543951056149874,0.42887174073003115,0.1150793154198429,Q4
exit_closed,2022-08-10,,,,,,,,,,,,,,,UDR,sell,Unknown,13.0,48.3637,,,,,,,6872.065707301197,,,,,,,2022-07-28,2022-07-29,0.9973544973544972,ml_p_side,2.0,1.0,ml_first,ML-ranked candidate,0.0,ACCEPTED,OK,0.156845,627.38,13.0,13.0,48.400000000000006,transitioned,2022-07-29,2022-08-01,44.17,51.84,0.071,48.4,multiple_r,2022-08-10,49.14819,trailing_stop,trailing_stop,True,,,,,2022-07-29,49.14819,trailing_stop,explicit_replay,-639.2778795585,-10.828216288500082,-1.5962,12.0,False,0.0,,,,,-0.016220636551794065,2022-07-28,0.19862796916253272,0.35477339729160046,-0.15614542812906773,Q2
exit_closed,2022-08-11,,,,,,,,,,,,,,,BZ,buy,Unknown,8.999999999,19.909791534653465,,,,,,,6800.56655865793,,,,,,,2022-08-05,2022-08-08,1.0,ml_p_side,1.0,1.0,ml_first,ML-ranked candidate,0.0,ACCEPTED,OK,0.044865,179.46,9.0,8.999999999,19.890000000000004,transitioned,2022-08-08,2022-08-09,22.53,14.47,0.07,19.89,multiple_r,2022-08-11,22.53,take_profit,take_profit,True,,,,,2022-08-08,22.53,take_profit,explicit_replay,202.6584764774824,23.416596248373423,13.1604,3.0,False,0.0,,,,,0.13160401306995118,2022-08-05,0.6596504642526454,0.4138675239975858,0.2457829402550596,Q5
exit_closed,2022-08-15,,,,,,,,,,,,,,,FFIN,sell,Unknown,15.0,43.2575325,,,,,,,5899.743793104945,,,,,,,2022-07-25,2022-07-26,0.9947089947089948,ml_p_side,3.0,2.0,ml_first,ML-ranked candidate,0.0,ACCEPTED,OK,0.161925,647.7,15.0,15.0,43.29,transitioned,2022-07-26,2022-07-27,39.4,46.49,0.0739,43.29,multiple_r,2022-08-15,46.016615,trailing_stop,trailing_stop,True,,,,,2022-07-26,46.016615,trailing_stop,explicit_replay,-690.62886207375,-42.115024657500086,-5.9958,20.0,False,0.0,,,,,-0.0637827065147556,2022-07-25,0.20619482713911869,0.3457394920660943,-0.1395446649269756,Q2
exit_closed,2022-08-15,,,,,,,,,,,,,,,SPXC,sell,Unknown,8.999999999,58.935765,,,,,,,5339.640873922529,,,,,,,2022-08-01,2022-08-02,0.9973544973544972,ml_p_side,2.0,1.0,ml_first,ML-ranked candidate,0.0,ACCEPTED,OK,0.1329075,531.63,9.0,8.999999999,58.98,transitioned,2022-08-02,2022-08-03,52.94,64.43,0.0924,58.98,multiple_r,2022-08-15,62.190332000000005,trailing_stop,trailing_stop,True,,,,,2022-08-02,62.190332000000005,trailing_stop,explicit_replay,-560.0208300811755,-29.84016080683457,-5.2332,13.0,False,0.0,,,,,-0.055222274623906165,2022-08-01,0.24736186647949082,0.3589307214388668,-0.11156885495937596,Q2
exit_closed,2022-08-15,,,,,,,,,,,,,,,DKNG,buy,Unknown,11.0,19.08876539690223,,,,,,,5569.910945653298,,,,,,,2022-08-11,2022-08-12,0.9973544973544972,ml_p_side,2.0,2.0,ml_first,ML-ranked candidate,0.0,ACCEPTED,OK,0.050985,203.94,11.0,11.0,19.07,transitioned,2022-08-12,2022-08-15,20.95,14.3,0.07,19.07,multiple_r,2022-08-15,20.95,take_profit,take_profit,True,,,,,2022-08-12,20.95,take_profit,explicit_replay,230.2700717307692,20.23065943903495,9.7504,3.0,False,0.0,,,,,0.09750418973664043,2022-08-11,0.6186683619662965,0.4634449744348371,0.15522338753145937,Q5
exit_closed,2022-08-16,,,,,,,,,,,,,,,GGG,sell,Unknown,10.0,66.6999375,,,,,,,4902.469526492548,,,,,,,2022-08-02,2022-08-03,0.9973544973544972,ml_p_side,3.0,1.0,ml_first,ML-ranked candidate,0.0,ACCEPTED,OK,0.166125,664.5,10.0,10.0,66.75,transitioned,2022-08-03,2022-08-04,60.85,71.35,0.069,66.75,multiple_r,2022-08-16,70.78918,trailing_stop,trailing_stop,True,,,,,2022-08-03,70.78918,trailing_stop,explicit_replay,-708.28114049,-41.58509139624984,-5.7766,13.0,False,0.0,,,,,-0.06130804095581044,2022-08-02,0.19501929261137216,0.3210931402596399,-0.12607384764826776,Q2
exit_closed,2022-08-17,,,,,,,,,,,,,,,ASAN,buy,Unknown,7.0,27.3504975,,,,,,,4899.099880702547,,,,,,,2022-08-15,2022-08-16,0.9973544973544972,ml_p_side,2.0,2.0,ml_first,ML-ranked candidate,0.0,ACCEPTED,OK,0.0484225,193.69,7.0,7.0,27.33,transitioned,2022-08-16,2022-08-17,31.27,21.08,0.07,27.33,multiple_r,2022-08-17,25.4169,trailing_stop,trailing_stop,True,,,,,2022-08-16,25.4169,trailing_stop,explicit_replay,177.82044493499998,-13.69047360975,-7.0697,1.0,False,0.0,,,,,-0.07069697726704971,2022-08-15,0.6518570810388011,0.5131601819619787,0.13869689907682248,Q5
exit_closed,2022-08-17,,,,,,,,,,,,,,,Z,buy,Unknown,6.0,39.02424625,,,,,,,5117.994422452547,,,,,,,2022-08-15,2022-08-16,0.9947089947089948,ml_p_side,4.0,3.0,ml_first,ML-ranked candidate,0.0,ACCEPTED,OK,0.05859,234.36,6.0,6.0,38.995,transitioned,2022-08-16,2022-08-17,44.14,31.44,0.07,38.99,multiple_r,2022-08-17,36.5025,trailing_stop,trailing_stop,True,,,,,2022-08-16,36.5025,trailing_stop,explicit_replay,218.89454175,-15.321179393249992,-6.462,1.0,False,0.0,,,,,-0.06461998609390185,2022-08-15,0.6164809768509216,0.43572316780196674,0.1807578090489549,Q5
exit_closed,2022-08-19,,,,,,,,,,,,,,,SMMT,buy,Unknown,181.0,1.00075,,,,,,,5837.066643032398,,,,,,,2022-08-16,2022-08-17,0.9947089947089948,ml_p_side,3.0,3.0,ml_first,ML-ranked candidate,0.0,ACCEPTED,OK,0.0457025,182.81,181.0,181.0,1.0,transitioned,2022-08-17,2022-08-18,1.14,0.73,0.07,1.0,multiple_r,2022-08-19,1.14,take_profit,take_profit,True,,,,,2022-08-17,1.14,take_profit,explicit_replay,206.22651299999995,25.03642227499995,13.9146,2.0,False,0.0,,,,,0.1391456407694227,2022-08-16,0.6607086717487386,0.5220020395720819,0.13870663217665669,Q5
exit_closed,2022-08-19,,,,,,,,,,,,,,,COMP,buy,Unknown,40.0,4.031935925925925,,,,,,,5989.860109815778,,,,,,,2022-08-17,2022-08-18,0.992063492063492,ml_p_side,4.0,4.0,ml_first,ML-ranked candidate,0.0,ACCEPTED,OK,0.0396,158.4,40.0,40.0,4.02,transitioned,2022-08-18,2022-08-19,4.47,2.73,0.07,4.02,multiple_r,2022-08-19,3.8316,trailing_stop,trailing_stop,True,,,,,2022-08-18,3.8316,trailing_stop,explicit_replay,152.7934667833795,-8.532353484768606,-4.9687,1.0,False,0.0,,,,,-0.049687279164764675,2022-08-17,0.673557424126215,0.5142210197007594,0.1593364044254556,Q5
exit_closed,2022-08-26,,,,,,,,,,,,,,,HALO,sell,Unknown,7.0,47.804120000000005,,,,,,,6198.7027808241,,,,,,,2022-07-14,2022-07-15,0.9946666666666668,ml_p_side,2.0,2.0,ml_first,ML-ranked candidate,0.0,ACCEPTED,OK,0.08253,330.12,7.0,7.0,47.84,transitioned,2022-07-15,2022-07-18,41.03,53.75,0.1235,47.84,multiple_r,2022-08-26,41.03,take_profit,take_profit,True,,,,,2022-07-15,41.03,take_profit,explicit_replay,-287.3679655,46.99317142800001,16.5102,42.0,False,0.0,,,,,0.141705777661005,2022-07-14,0.3622576233371821,0.42950192094956346,-0.06724429761238138,Q3
exit_closed,2022-08-29,,,,,,,,,,,,,,,ACAD,buy,Unknown,17.0,16.1220825,,,,,,,6304.394021676296,,,,,,,2022-08-10,2022-08-11,1.0,ml_p_side,1.0,1.0,ml_first,ML-ranked candidate,0.0,ACCEPTED,OK,0.0686374999999999,274.54999999999995,17.0,17.0,16.109999999999996,transitioned,2022-08-11,2022-08-12,18.25,13.25,0.07,16.11,multiple_r,2022-08-29,16.4331,trailing_stop,trailing_stop,True,,,,,2022-08-11,16.4331,trailing_stop,explicit_replay,279.1091690150304,4.951543894280405,1.9291,18.0,False,0.0,,,,,0.01929139737375718,2022-08-10,0.6450904732496088,0.4253574201955284,0.21973305305408036,Q5
exit_closed,2022-08-29,,,,,,,,,,,,,,,S,buy,Unknown,8.0,25.93944,,,,,,,6523.530230436296,,,,,,,2022-08-19,2022-08-22,0.9867724867724867,ml_p_side,4.0,6.0,ml_first,ML-ranked candidate,0.0,ACCEPTED,OK,0.05276,211.04,8.0,8.0,25.92,transitioned,2022-08-22,2022-08-23,29.81,20.46,0.07,25.92,multiple_r,2022-08-29,27.4071,trailing_stop,trailing_stop,True,,,,,2022-08-22,27.4071,trailing_stop,explicit_replay,219.13620876,11.558434103999955,5.658,7.0,False,0.0,,,,,0.05658024999768685,2022-08-19,0.6568053369986129,0.4578720701764904,0.19893326682212248,Q5
exit_closed,2022-09-01,,,,,,,,,,,,,,,DOC,sell,Unknown,24.0,28.09891,,,,,,,6202.430130647893,,,,,,,2022-08-17,2022-08-18,0.9947089947089948,ml_p_side,3.0,2.0,ml_first,ML-ranked candidate,0.0,ACCEPTED,OK,0.16878,675.12,24.0,24.0,28.12,transitioned,2022-08-18,2022-08-19,25.83,30.14,0.0719,28.12,multiple_r,2022-09-01,25.83,take_profit,take_profit,True,,,,,2022-08-18,25.83,take_profit,explicit_replay,-620.260956,53.798176208000015,8.784,14.0,False,0.0,,,,,0.08074726030297974,2022-08-17,0.21576215544974423,0.28555977919749104,-0.06979762374774681,Q3
exit_closed,2022-09-01,,,,,,,,,,,,,,,DOCU,buy,Unknown,3.0,57.78863946243969,,,,,,,6370.407292367893,,,,,,,2022-08-26,2022-08-29,0.9973544973544972,ml_p_side,1.0,2.0,ml_first,ML-ranked candidate,0.0,ACCEPTED,OK,0.043515,174.06,3.0,3.0,57.72,transitioned,2022-08-29,2022-08-30,65.56,45.11,0.07,57.72,multiple_r,2022-09-01,56.0232,trailing_stop,trailing_stop,True,,,,,2022-08-29,56.0232,trailing_stop,explicit_replay,167.97716171999997,-5.440766442835297,-3.055,3.0,False,0.0,,,,,-0.030549939899297218,2022-08-26,0.6320398361610298,0.504233874120001,0.1278059620410288,Q5
exit_closed,2022-09-06,,,,,,,,,,,,,,,ACAD,buy,Unknown,16.0,16.553398682170542,,,,,,,7686.754509960892,,,,,,,2022-08-29,2022-08-30,0.9894179894179894,ml_p_side,4.0,5.0,ml_first,ML-ranked candidate,0.0,ACCEPTED,OK,0.06588,263.52,16.0,16.0,16.54,transitioned,2022-08-30,2022-08-31,18.61,13.47,0.07,16.54,multiple_r,2022-09-06,16.107599999999998,trailing_stop,trailing_stop,True,,,,,2022-08-30,16.107599999999998,trailing_stop,explicit_replay,257.57985311999994,-7.353982108403159,-2.6931,7.0,False,0.0,,,,,-0.02693094576708943,2022-08-29,0.5429372864159541,0.42369679252225473,0.11924049389369934,Q5
exit_closed,2022-09-08,,,,,,,,,,,,,,,ACI,sell,Unknown,20.0,28.21882,,,,,,,6907.988290813891,,,,,,,2022-08-29,2022-08-30,0.9947089947089948,ml_p_side,2.0,2.0,ml_first,ML-ranked candidate,0.0,ACCEPTED,OK,0.14065,562.6,20.0,20.0,28.24,transitioned,2022-08-30,2022-08-31,25.31,30.59,0.0833,28.24,multiple_r,2022-09-08,29.379096,trailing_stop,trailing_stop,True,,,,,2022-08-30,29.379096,trailing_stop,explicit_replay,-587.905090056,-23.758471875999884,-3.9493,9.0,False,0.0,,,,,-0.04111709844706479,2022-08-29,0.37999503885289115,0.36482549433891653,0.01516954451397462,Q4
exit_closed,2022-09-12,,,,,,,,,,,,,,,FNF,sell,Unknown,19.0,37.061419772475,,,,,,,5902.399512792658,,,,,,,2022-08-19,2022-08-22,0.9973544973544972,ml_p_side,2.0,1.0,ml_first,ML-ranked candidate,0.0,ACCEPTED,OK,0.179609264895,718.43705958,19.0,19.0,37.0892367,transitioned,2022-08-22,2022-08-23,34.83,40.42,0.0899,37.09,multiple_r,2022-09-12,38.958306129540006,trailing_stop,trailing_stop,True,,,,,2022-08-22,38.958306129540006,trailing_stop,explicit_replay,-740.6149307603139,-36.83524691991119,-4.869,21.0,False,0.0,,,,,-0.05118223664150601,2022-08-19,0.22931641342661474,0.29177787958066004,-0.0624614661540453,Q3
exit_closed,2022-09-12,,,,,,,,,,,,,,,VIRT,sell,Unknown,26.0,23.362465,,,,,,,5310.492903414608,,,,,,,2022-09-01,2022-09-02,0.9973614775725592,ml_p_side,1.0,1.0,ml_first,ML-ranked candidate,0.0,ACCEPTED,OK,0.151125,604.5,26.0,26.0,23.379999999999995,transitioned,2022-09-02,2022-09-06,21.08,25.15,0.0757,23.38,multiple_r,2022-09-12,22.751055,trailing_stop,trailing_stop,True,,,,,2022-09-02,22.751055,trailing_stop,explicit_replay,-591.8342969863834,15.33525339494982,2.6874,10.0,False,0.0,,,,,0.026170611705571334,2022-09-01,0.2992174397746652,0.3802190693639091,-0.0810016295892439,Q3
exit_closed,2022-09-12,,,,,,,,,,,,,,,ROKU,buy,Unknown,3.0,63.58114571995118,,,,,,,5526.404086914608,,,,,,,2022-09-06,2022-09-07,0.9973614775725592,ml_p_side,1.0,2.0,ml_first,ML-ranked candidate,0.0,ACCEPTED,OK,0.0477975,191.19,3.0,3.0,63.53,transitioned,2022-09-07,2022-09-08,72.01,47.67,0.07,63.53,multiple_r,2022-09-12,72.01,take_profit,take_profit,True,,,,,2022-09-07,72.01,take_profit,explicit_replay,215.9111835,25.110523308998523,13.2568,5.0,False,0.0,,,,,0.13256845539044648,2022-09-06,0.672905396707168,0.5059330452355391,0.16697235147162892,Q5
exit_closed,2022-09-13,,,,,,,,,,,,,,,MGNI,buy,Unknown,34.0,7.785835,,,,,,,7111.309667373358,,,,,,,2022-09-09,2022-09-12,1.0,ml_p_side,1.0,1.0,ml_first,ML-ranked candidate,0.0,ACCEPTED,OK,0.06545,261.8,34.0,34.0,7.779999999999999,transitioned,2022-09-12,2022-09-13,8.7,6.25,0.07,7.78,multiple_r,2022-09-13,7.402799999999999,trailing_stop,trailing_stop,True,,,,,2022-09-12,7.402799999999999,trailing_stop,explicit_replay,251.55676763999995,-13.241037877000023,-4.9196,1.0,False,0.0,,,,,-0.04919639319353675,2022-09-09,0.6436187738047197,0.4587113466785574,0.18490742712616226,Q5
exit_closed,2022-09-15,,,,,,,,,,,,,,,UNM,sell,Unknown,12.0,38.9008025,,,,,,,6803.808042778923,,,,,,,2022-08-15,2022-08-16,0.9973544973544972,ml_p_side,3.0,1.0,ml_first,ML-ranked candidate,0.0,ACCEPTED,OK,0.1167899999999999,467.16,12.0,12.0,38.93,transitioned,2022-08-16,2022-08-17,34.48,42.82,0.0999,38.93,multiple_r,2022-09-15,40.927279000000006,trailing_stop,trailing_stop,True,,,,,2022-08-16,40.927279000000006,trailing_stop,explicit_replay,-491.39746804140015,-24.89459865540015,-4.9514,30.0,False,0.0,,,,,-0.05209343688989465,2022-08-15,0.40889501593778294,0.26898944318763207,0.13990557275015086,Q5
exit_closed,2022-09-16,,,,,,,,,,,,,,,DOC,sell,Unknown,25.0,27.0496975,,,,,,,6717.770484593201,,,,,,,2022-09-12,2022-09-13,0.9947229551451188,ml_p_side,3.0,2.0,ml_first,ML-ranked candidate,0.0,ACCEPTED,OK,0.172125,688.5,25.0,25.0,27.07,transitioned,2022-09-13,2022-09-14,25.34,29.46,0.0883999999999999,27.07,multiple_r,2022-09-16,25.34,take_profit,take_profit,True,,,,,2022-09-13,25.34,take_profit,explicit_replay,-633.848425,42.16698825312508,6.747,3.0,False,0.0,,,,,0.06320579000929683,2022-09-12,0.18046367633279264,0.3313168674941632,-0.15085319116137058,Q2
exit_closed,2022-09-16,,,,,,,,,,,,,,,COMP,buy,Unknown,51.0,3.046343711256118,,,,,,,6873.729360008201,,,,,,,2022-09-13,2022-09-14,0.9973614775725592,ml_p_side,2.0,2.0,ml_first,ML-ranked candidate,0.0,ACCEPTED,OK,0.0387599999999999,155.04,51.0,51.0,3.03,transitioned,2022-09-14,2022-09-15,3.44,2.07,0.07,3.03,multiple_r,2022-09-16,3.0597,trailing_stop,trailing_stop,True,,,,,2022-09-14,3.0597,trailing_stop,explicit_replay,155.958875415,0.5487370821557818,0.4384,2.0,False,0.0,,,,,0.00438436696900979,2022-09-13,0.6675681047611386,0.5131601819619787,0.15440792279915994,Q5
exit_closed,2022-09-19,,,,,,,,,,,,,,,UDR,sell,Unknown,14.0,46.96475,,,,,,,6358.079675664875,,,,,,,2022-09-12,2022-09-13,0.9973614775725592,ml_p_side,2.0,1.0,ml_first,ML-ranked candidate,0.0,ACCEPTED,OK,0.1672999999999999,669.1999999999999,14.0,14.0,47.0,transitioned,2022-09-13,2022-09-14,43.94,51.17,0.0888,47.0,multiple_r,2022-09-19,43.94,take_profit,take_profit,True,,,,,2022-09-13,43.94,take_profit,explicit_replay,-615.498338,41.76394529999996,6.8838,6.0,False,0.0,,,,,0.06440468649359365,2022-09-12,0.19019132755833507,0.30791743227087714,-0.11772610471254208,Q2
exit_closed,2022-09-20,,,,,,,,,,,,,,,COMP,buy,Unknown,60.0,2.8271620093457943,,,,,,,6267.425082659852,,,,,,,2022-09-16,2022-09-19,1.0,ml_p_side,1.0,1.0,ml_first,ML-ranked candidate,0.0,ACCEPTED,OK,0.04335,173.4,60.0,60.0,2.81,transitioned,2022-09-19,2022-09-20,3.27,2.06,0.07,2.81,multiple_r,2022-09-20,2.6505,trailing_stop,trailing_stop,True,,,,,2022-09-19,2.6505,trailing_stop,explicit_replay,158.6673801089109,-11.013229368005,-6.2487,1.0,False,0.0,,,,,-0.062487402123330704,2022-09-16,0.6675681047611386,0.5201141104624459,0.14745399429869266,Q5
exit_closed,2022-09-22,,,,,,,,,,,,,,,CARG,buy,Unknown,16.0,15.577949934640522,,,,,,,6339.330931806914,,,,,,,2022-09-19,2022-09-20,0.9947229551451188,ml_p_side,3.0,3.0,ml_first,ML-ranked candidate,0.0,ACCEPTED,OK,0.06376,255.04,16.0,16.0,15.56,transitioned,2022-09-20,2022-09-21,18.01,12.92,0.07,15.56,multiple_r,2022-09-22,14.7777,trailing_stop,trailing_stop,True,,,,,2022-09-20,14.7777,trailing_stop,explicit_replay,236.2134737559167,-13.108499358017896,-5.1371,2.0,False,0.0,,,,,-0.05137068343383333,2022-09-19,0.6175510244270174,0.4249059919938713,0.19264503243314607,Q5
exit_closed,2022-09-22,,,,,,,,,,,,,,,COMP,buy,Unknown,64.0,2.5665366735112936,,,,,,,6494.193817961086,,,,,,,2022-09-20,2022-09-21,0.9973753280839897,ml_p_side,2.0,2.0,ml_first,ML-ranked candidate,0.0,ACCEPTED,OK,0.0404799999999999,161.92,64.0,64.0,2.56,transitioned,2022-09-21,2022-09-22,2.86,1.76,0.07,2.56,multiple_r,2022-09-22,2.4366,trailing_stop,trailing_stop,True,,,,,2022-09-21,2.4366,trailing_stop,explicit_replay,154.86288615417217,-9.44473845468204,-5.0627,1.0,False,0.0,,,,,-0.050627242093340685,2022-09-20,0.6721465048122159,0.5201141104624459,0.15203239434977,Q5
exit_closed,2022-09-23,,,,,,,,,,,,,,,FNF,sell,Unknown,15.0,36.53329454369,,,,,,,6690.541329031501,,,,,,,2022-09-15,2022-09-16,0.9947229551451188,ml_p_side,3.0,2.0,ml_first,ML-ranked candidate,0.0,ACCEPTED,OK,0.1383895621499999,553.5582486,15.0,15.0,36.56071508,transitioned,2022-09-16,2022-09-19,33.24,40.11,0.0969999999999999,36.56,multiple_r,2022-09-23,33.24,take_profit,take_profit,True,,,,,2022-09-16,33.24,take_profit,explicit_replay,-498.87423000000007,48.915121711723714,9.9076,7.0,False,0.0,,,,,0.09014501935355324,2022-09-15,0.19282112848573882,0.26904011796258603,-0.07621898947684722,Q3
exit_closed,2022-09-23,,,,,,,,,,,,,,,VISN,sell,Unknown,23.0,11.72422282700422,,,,,,,6450.276422216024,,,,,,,2022-09-16,2022-09-19,0.9973614775725592,ml_p_side,2.0,1.0,ml_first,ML-ranked candidate,0.0,ACCEPTED,OK,0.069,276.0,23.0,23.0,11.739999999999998,transitioned,2022-09-19,2022-09-20,10.44,14.13,0.2034,11.74,multiple_r,2022-09-23,10.44,take_profit,take_profit,True,,,,,2022-09-19,10.44,take_profit,explicit_replay,-240.252066,29.31132106811354,12.301,4.0,False,0.0,,,,,0.10953585972848368,2022-09-16,0.5845604643552988,0.4237447890541319,0.16081567530116697,Q5
exit_closed,2022-09-27,,,,,,,,,,,,,,,EXLS,sell,Unknown,12.0,33.5048525,,,,,,,6103.69470388293,,,,,,,2022-07-29,2022-08-01,0.9973544973544972,ml_p_side,2.0,1.0,ml_first,ML-ranked candidate,0.0,ACCEPTED,OK,0.1010219999999999,404.088,12.0,12.0,33.53,transitioned,2022-08-01,2022-08-02,29.3,37.74,0.1256,33.53,multiple_r,2022-09-27,29.3,take_profit,take_profit,True,,,,,2022-08-01,29.3,take_profit,explicit_replay,-351.79338,49.8714073035,14.351,57.0,False,0.0,,,,,0.1254998063340228,2022-07-29,0.3552907326664247,0.3251530861803196,0.03013764648610512,Q4
exit_closed,2022-09-30,,,,,,,,,,,,,,,ASO,sell,Unknown,7.0,48.51065312519611,,,,,,,5488.198047680848,,,,,,,2022-09-13,2022-09-14,0.9973614775725592,ml_p_side,1.0,1.0,ml_first,ML-ranked candidate,0.0,ACCEPTED,OK,0.084805,339.22,7.0,7.0,48.54,transitioned,2022-09-14,2022-09-15,42.16,55.53,0.1439,48.54,multiple_r,2022-09-30,42.16,take_profit,take_profit,True,,,,,2022-09-14,42.16,take_profit,explicit_replay,-295.28231600000004,44.12570263397626,15.0632,16.0,False,0.0,,,,,0.1309125463391797,2022-09-13,0.48198679582924553,0.40824093091904323,0.0737458649102023,Q4
exit_closed,2022-09-30,,,,,,,,,,,,,,,OLLI,sell,Unknown,4.0,58.45563762593645,,,,,,,5283.025790468305,,,,,,,2022-09-22,2022-09-23,0.9947643979057592,ml_p_side,2.0,2.0,ml_first,ML-ranked candidate,0.0,ACCEPTED,OK,0.05892,235.68,4.0,4.0,58.5,transitioned,2022-09-23,2022-09-26,51.26,68.06,0.1634,58.5,multiple_r,2022-09-30,51.26,take_profit,take_profit,True,,,,,2022-09-23,51.26,take_profit,explicit_replay,-205.152772,28.580146526052687,14.0375,7.0,False,0.0,,,,,0.12309569988752944,2022-09-22,0.5142454041879402,0.33565255348934164,0.17859285069859854,Q5
exit_closed,2022-09-30,,,,,,,,,,,,,,,RSI,buy,Unknown,48.0,3.9929925,,,,,,,5461.933736948305,,,,,,,2022-09-28,2022-09-29,1.0,ml_p_side,1.0,1.0,ml_first,ML-ranked candidate,0.0,ACCEPTED,OK,0.04908,196.32,48.0,48.0,3.99,transitioned,2022-09-29,2022-09-30,4.62,3.06,0.07,3.99,multiple_r,2022-09-30,3.7293,trailing_stop,trailing_stop,True,,,,,2022-09-29,3.7293,trailing_stop,explicit_replay,178.90794647999996,-12.813192612000051,-6.6039,1.0,False,0.0,,,,,-0.06603881675209766,2022-09-28,0.6411193396111126,0.504233874120001,0.13688546549111158,Q5
exit_closed,2022-10-04,,,,,,,,,,,,,,,CZR,buy,Unknown,5.0,32.30559518453427,,,,,,,5611.830746346856,,,,,,,2022-09-30,2022-10-03,0.9973821989528796,ml_p_side,2.0,2.0,ml_first,ML-ranked candidate,0.0,ACCEPTED,OK,0.0403249999999999,161.29999999999998,5.0,5.0,32.28,transitioned,2022-10-03,2022-10-04,36.45,22.92,0.07,32.28,multiple_r,2022-10-04,36.45,take_profit,take_profit,True,,,,,2022-10-03,36.45,take_profit,explicit_replay,182.1497625,20.57332818455185,12.8288,1.0,False,0.0,,,,,0.12828752393485687,2022-09-30,0.6170723275791832,0.4836103643131217,0.13346196326606147,Q5
exit_closed,2022-10-05,,,,,,,,,,,,,,,LW,sell,Unknown,6.0,76.94225,,,,,,,4946.851032693507,,,,,,,2022-09-22,2022-09-23,0.9973821989528796,ml_p_side,1.0,1.0,ml_first,ML-ranked candidate,0.0,ACCEPTED,OK,0.116745,466.98,6.0,6.0,77.0,transitioned,2022-09-23,2022-09-26,70.36,84.37,0.0957,77.0,multiple_r,2022-10-05,83.4978185,trailing_stop,trailing_stop,True,,,,,2022-09-23,83.4978185,trailing_stop,explicit_replay,-501.26245380105,-39.81340035104997,-7.8512,12.0,False,0.0,,,,,-0.08520115411233742,2022-09-22,0.25397189636466244,0.3382194298758585,-0.08424753351119607,Q3
exit_closed,2022-10-05,,,,,,,,,,,,,,,RSI,buy,Unknown,48.0,3.7728275,,,,,,,5146.421208693507,,,,,,,2022-09-30,2022-10-03,1.0,ml_p_side,1.0,1.0,ml_first,ML-ranked candidate,0.0,ACCEPTED,OK,0.04416,176.64,48.0,48.0,3.77,transitioned,2022-10-03,2022-10-04,4.16,2.64,0.07,3.77,multiple_r,2022-10-05,4.16,take_profit,take_profit,True,,,,,2022-10-03,4.16,take_profit,explicit_replay,199.570176,18.42012728399999,10.2621,2.0,False,0.0,,,,,0.10262130987965934,2022-09-30,0.6411193396111126,0.5150499606742581,0.12606937893685444,Q5
exit_closed,2022-10-06,,,,,,,,,,,,,,,HRB,sell,Unknown,10.0,45.1661,,,,,,,4280.725277692637,,,,,,,2022-09-01,2022-09-02,0.9947229551451188,ml_p_side,2.0,2.0,ml_first,ML-ranked candidate,0.0,ACCEPTED,OK,0.11265,450.6,10.0,10.0,45.2,transitioned,2022-09-02,2022-09-06,39.47,49.95,0.1051,45.2,multiple_r,2022-10-06,39.47,take_profit,take_profit,True,,,,,2022-09-02,39.47,take_profit,explicit_replay,-394.917085,56.42560153333336,14.4315,34.0,False,0.0,,,,,0.12611449737745795,2022-09-01,0.3232539507505509,0.3247777905425393,-0.0015238397919883906,Q3
exit_closed,2022-10-06,,,,,,,,,,,,,,,COMP,buy,Unknown,64.0,2.5562848231827107,,,,,,,4470.426629327155,,,,,,,2022-10-04,2022-10-05,0.9973821989528796,ml_p_side,1.0,2.0,ml_first,ML-ranked candidate,0.0,ACCEPTED,OK,0.04208,168.32,64.0,64.0,2.55,transitioned,2022-10-05,2022-10-06,2.97,1.85,0.07,2.55,multiple_r,2022-10-06,2.97,take_profit,take_profit,True,,,,,2022-10-05,2.97,take_profit,explicit_replay,189.70135163451775,26.05004228221918,16.1842,1.0,False,0.0,,,,,0.1618423632082564,2022-10-04,0.6675681047611386,0.5236978372833903,0.14387026747774834,Q5
exit_closed,2022-10-07,,,,,,,,,,,,,,,ROKU,buy,Unknown,3.0,60.345225,,,,,,,4782.213281587154,,,,,,,2022-10-05,2022-10-06,0.9947780678851176,ml_p_side,4.0,3.0,ml_first,ML-ranked candidate,0.0,ACCEPTED,OK,0.044775,179.10000000000002,3.0,3.0,60.29999999999999,transitioned,2022-10-06,2022-10-07,67.46,45.11,0.07,60.3,multiple_r,2022-10-07,58.0599,trailing_stop,trailing_stop,True,,,,,2022-10-06,58.0599,trailing_stop,explicit_replay,174.083901165,-7.006084537500016,-3.7871,1.0,False,0.0,,,,,-0.03787085059339823,2022-10-05,0.6607086717487386,0.47270103419475357,0.18800763755398503,Q5
exit_closed,2022-10-07,,,,,,,,,,,,,,,OKTA,buy,Unknown,5.0,57.883843873178726,,,,,,,5058.537163870065,,,,,,,2022-10-05,2022-10-06,0.9921671018276762,ml_p_side,5.0,4.0,ml_first,ML-ranked candidate,0.0,ACCEPTED,OK,0.0743625,297.45,5.0,5.0,57.83,transitioned,2022-10-06,2022-10-07,67.22,49.82,0.07,57.83,multiple_r,2022-10-07,55.3071,trailing_stop,trailing_stop,True,,,,,2022-10-06,55.3071,trailing_stop,explicit_replay,276.32388228291154,-13.182162848791847,-4.4516,1.0,False,0.0,,,,,-0.04451576987223371,2022-10-05,0.6373813384664518,0.37960782905196633,0.2577735094144855,Q5
exit_closed,2022-10-10,,,,,,,,,,,,,,,RSI,buy,Unknown,43.0,3.902925,,,,,,,4767.864632858082,,,,,,,2022-10-06,2022-10-07,0.9973890339425588,ml_p_side,2.0,2.0,ml_first,ML-ranked candidate,0.0,ACCEPTED,OK,0.0426775,170.71,43.0,43.0,3.9,transitioned,2022-10-07,2022-10-10,4.49,2.83,0.07,3.9,multiple_r,2022-10-10,3.6735,trailing_stop,trailing_stop,True,,,,,2022-10-07,3.6735,trailing_stop,explicit_replay,157.873621725,-10.0025010075,-5.8783,3.0,False,0.0,,,,,-0.05878283594996059,2022-10-06,0.6411193396111126,0.4933508472438013,0.14776849236731127,Q5
exit_closed,2022-10-11,,,,,,,,,,,,,,,OKTA,buy,Unknown,5.0,53.782364473810674,,,,,,,5018.640630158082,,,,,,,2022-10-07,2022-10-10,1.0,ml_p_side,1.0,1.0,ml_first,ML-ranked candidate,0.0,ACCEPTED,OK,0.06715,268.6,5.0,5.0,53.74,transitioned,2022-10-10,2022-10-11,60.7,44.06,0.07,53.74,multiple_r,2022-10-11,50.1828,trailing_stop,trailing_stop,True,,,,,2022-10-10,50.1828,trailing_stop,explicit_replay,250.7759973,-18.216498615764067,-6.6928,1.0,False,0.0,,,,,-0.06692834182780272,2022-10-07,0.5658309715430494,0.47048427875060705,0.09534669279244234,Q4
exit_closed,2022-10-11,,,,,,,,,,,,,,,LYFT,buy,Unknown,14.0,12.821414777082518,,,,,,,5187.829444031415,,,,,,,2022-10-07,2022-10-10,0.9973890339425588,ml_p_side,3.0,2.0,ml_first,ML-ranked candidate,0.0,ACCEPTED,OK,0.043785,175.14,14.0,14.0,12.810000000000002,transitioned,2022-10-10,2022-10-11,14.14,9.13,0.07,12.81,multiple_r,2022-10-11,12.0993,trailing_stop,trailing_stop,True,,,,,2022-10-10,12.0993,trailing_stop,explicit_replay,169.18881387333332,-10.364842947885675,-5.6321,1.0,False,0.0,,,,,-0.05632099028363502,2022-10-07,0.662408424827322,0.5108520371366394,0.15155638769068258,Q5
exit_closed,2022-10-13,,,,,,,,,,,,,,,MANH,sell,Unknown,2.0,145.86206709161507,,,,,,,5552.868266961949,,,,,,,2022-08-05,2022-08-08,0.9973544973544972,ml_p_side,2.0,1.0,ml_first,ML-ranked candidate,0.0,ACCEPTED,OK,0.0725,290.0,2.0,2.0,145.99,transitioned,2022-08-08,2022-08-09,126.15,162.79,0.1151,145.99,multiple_r,2022-10-13,126.15,take_profit,take_profit,True,,,,,2022-08-08,126.15,take_profit,explicit_replay,-252.438765,38.96864012325978,15.6259,66.0,False,0.0,,,,,0.13514183286072612,2022-08-05,0.4096636049010934,0.30661867966166295,0.10304492523943043,Q4
exit_closed,2022-10-13,,,,,,,,,,,,,,,SONO,buy,Unknown,28.0,14.17062,,,,,,,5940.480653285917,,,,,,,2022-09-28,2022-09-29,0.9973821989528796,ml_p_side,3.0,2.0,ml_first,ML-ranked candidate,0.0,ACCEPTED,OK,0.10073,402.92,28.0,28.0,14.16,transitioned,2022-09-29,2022-09-30,16.26,12.66,0.07,14.16,multiple_r,2022-10-13,13.857,trailing_stop,trailing_stop,True,,,,,2022-09-29,13.857,trailing_stop,explicit_replay,387.6123863239669,-9.28400688403309,-2.2132,14.0,False,0.0,,,,,-0.02213170630501704,2022-09-28,0.4641031310194466,0.3859132023222453,0.07818992869720132,Q4
exit_closed,2022-10-13,,,,,,,,,,,,,,,OKTA,buy,Unknown,5.0,50.848107500000005,,,,,,,6179.349234194521,,,,,,,2022-10-11,2022-10-12,1.0,ml_p_side,1.0,1.0,ml_first,ML-ranked candidate,0.0,ACCEPTED,OK,0.0634499999999999,253.8,5.0,5.0,50.81,transitioned,2022-10-12,2022-10-13,57.36,41.25,0.07,50.81,multiple_r,2022-10-13,47.80199999999999,trailing_stop,trailing_stop,True,,,,,2022-10-12,47.80199999999999,trailing_stop,explicit_replay,238.86858090860477,-15.448228752645264,-5.9906,1.0,False,0.0,,,,,-0.059906015184537864,2022-10-11,0.6111568399118534,0.3888740727712086,0.22228276714064482,Q5
exit_closed,2022-10-18,,,,,,,,,,,,,,,WES,sell,Unknown,12.0,25.880575,,,,,,,4930.744355248452,,,,,,,2022-09-30,2022-10-03,0.9947643979057592,ml_p_side,5.0,2.0,ml_first,ML-ranked candidate,0.0,ACCEPTED,OK,0.07548,301.92,12.0,12.0,25.899999999999995,transitioned,2022-10-03,2022-10-04,21.89,29.1,0.1235,25.9,multiple_r,2022-10-18,27.604395,trailing_stop,trailing_stop,True,,,,,2022-10-03,27.604395,trailing_stop,explicit_replay,-331.43492900700005,-21.01665745200006,-6.2447,15.0,False,0.0,,,,,-0.06660671179059974,2022-09-30,0.42128237639990856,0.29901100041254985,0.12227137598735871,Q5
exit_closed,2022-10-19,,,,,,,,,,,,,,,CARG,buy,Unknown,19.0,14.357637153284672,,,,,,,5742.346169835959,,,,,,,2022-10-13,2022-10-14,0.9947780678851176,ml_p_side,4.0,3.0,ml_first,ML-ranked candidate,0.0,ACCEPTED,OK,0.0669275,267.71,19.0,19.0,14.339999999999998,transitioned,2022-10-14,2022-10-17,15.92,11.57,0.07,14.34,multiple_r,2022-10-19,13.68495,trailing_stop,trailing_stop,True,,,,,2022-10-14,13.68495,trailing_stop,explicit_replay,259.74611587265525,-13.130828571527218,-4.6852,5.0,False,0.0,,,,,-0.04685221851638577,2022-10-13,0.6203521177800949,0.3321250269999891,0.28822709078010583,Q5
exit_closed,2022-10-20,,,,,,,,,,,,,,,DINO,sell,Unknown,5.0,53.7096875,,,,,,,5275.107042453834,,,,,,,2022-09-28,2022-09-29,0.9973821989528796,ml_p_side,2.0,1.0,ml_first,ML-ranked candidate,0.0,ACCEPTED,OK,0.0678125,271.25,5.0,5.0,53.75,transitioned,2022-09-29,2022-09-30,47.2,62.72,0.1669,53.75,multiple_r,2022-10-20,61.02887,trailing_stop,trailing_stop,True,,,,,2022-09-29,61.02887,trailing_stop,explicit_replay,-305.3121793925,-36.91144353312502,-11.993,21.0,False,0.0,,,,,-0.13627304199079537,2022-09-28,0.485262651376235,0.3722316412528742,0.11303101012336075,Q4
exit_closed,2022-10-21,,,,,,,,,,,,,,,OKTA,buy,Unknown,5.0,52.407810422983005,,,,,,,5834.838345255771,,,,,,,2022-10-13,2022-10-14,1.0,ml_p_side,1.0,1.0,ml_first,ML-ranked candidate,0.0,ACCEPTED,OK,0.0642624999999999,257.04999999999995,5.0,5.0,52.355,transitioned,2022-10-14,2022-10-17,58.09,41.54,0.07,52.35,multiple_r,2022-10-21,52.4241,trailing_stop,trailing_stop,True,,,,,2022-10-14,52.4241,trailing_stop,explicit_replay,261.9941882406875,-0.1234755898620392,0.0311,7.0,False,0.0,,,,,0.000310823460959897,2022-10-13,0.6281675208394841,0.3888740727712086,0.23929344806827552,Q5
exit_closed,2022-10-21,,,,,,,,,,,,,,,FIGS,buy,Unknown,23.0,7.0352725000000005,,,,,,,5993.999308553271,,,,,,,2022-10-19,2022-10-20,0.9947780678851176,ml_p_side,3.0,3.0,ml_first,ML-ranked candidate,0.0,ACCEPTED,OK,0.0404799999999999,161.92,23.0,23.0,7.03,transitioned,2022-10-20,2022-10-21,7.96,4.88,0.07,7.03,multiple_r,2022-10-21,6.92385,trailing_stop,trailing_stop,True,,,,,2022-10-20,6.92385,trailing_stop,explicit_replay,159.1609632975,-2.6988475827500054,-1.5838,1.0,False,0.0,,,,,-0.015837694986228446,2022-10-19,0.6673201487768687,0.5093033644904275,0.15801678428644128,Q5
exit_closed,2022-10-24,,,,,,,,,,,,,,,MUR,sell,Unknown,7.0,43.667225,,,,,,,6003.739731043438,,,,,,,2022-10-06,2022-10-07,0.9921671018276762,ml_p_side,5.0,2.0,ml_first,ML-ranked candidate,0.0,ACCEPTED,OK,0.0761425,304.57,7.0,7.0,43.7,transitioned,2022-10-07,2022-10-10,37.85,50.65,0.159,43.7,multiple_r,2022-10-24,47.54218,trailing_stop,trailing_stop,True,,,,,2022-10-07,47.54218,trailing_stop,explicit_replay,-332.978297393,-27.46128546758333,-8.1506,17.0,False,0.0,,,,,-0.0887382928500724,2022-10-06,0.5307262995823576,0.4230226530058477,0.10770364657650994,Q4
exit_closed,2022-10-25,,,,,,,,,,,,,,,FNB,sell,Unknown,42.0,13.143364407294834,,,,,,,5707.34500434681,,,,,,,2022-10-18,2022-10-19,0.9947780678851176,ml_p_side,3.0,2.0,ml_first,ML-ranked candidate,0.0,ACCEPTED,OK,0.13818,552.72,42.0,42.0,13.179999999999998,transitioned,2022-10-19,2022-10-20,11.8,14.35,0.0886,13.18,multiple_r,2022-10-25,14.26066,trailing_stop,trailing_stop,True,,,,,2022-10-19,14.26066,trailing_stop,explicit_replay,-599.3368998459056,-47.52063122427637,-7.8348,6.0,False,0.0,,,,,-0.08500834018457581,2022-10-18,0.22767751587689186,0.28579832300605085,-0.058120807129158986,Q3
exit_closed,2022-10-25,,,,,,,,,,,,,,,SMMT,buy,Unknown,147.0,1.1308475,,,,,,,5862.97205236731,,,,,,,2022-10-21,2022-10-24,0.9973958333333334,ml_p_side,2.0,2.0,ml_first,ML-ranked candidate,0.0,ACCEPTED,OK,0.04116,164.64,147.0,147.0,1.13,transitioned,2022-10-24,2022-10-25,1.27,0.78,0.07,1.13,multiple_r,2022-10-25,1.05927,trailing_stop,trailing_stop,True,,,,,2022-10-24,1.05927,trailing_stop,explicit_replay,155.62704802049998,-10.657404854250018,-6.3295,1.0,False,0.0,,,,,-0.06329544876740678,2022-10-21,0.6634969305521532,0.4653991159034358,0.1980978146487174,Q5
exit_closed,2022-10-28,,,,,,,,,,,,,,,BAH,sell,Unknown,5.0,101.84356,,,,,,,5331.22093197056,,,,,,,2022-10-21,2022-10-24,0.9973958333333334,ml_p_side,1.0,1.0,ml_first,ML-ranked candidate,0.0,ACCEPTED,OK,0.1262875,505.15,5.0,5.0,101.92,transitioned,2022-10-24,2022-10-25,90.87,109.92,0.0785,101.92,multiple_r,2022-10-28,107.774505,trailing_stop,trailing_stop,True,,,,,2022-10-24,107.774505,trailing_stop,explicit_replay,-539.16890488875,-30.128118695416664,-5.5031,4.0,False,0.0,,,,,-0.0582358373961005,2022-10-21,0.18164412108485314,0.23171967001806534,-0.0500755489332122,Q3
exit_closed,2022-11-01,,,,,,,,,,,,,,,SONO,buy,Unknown,26.0,14.692510834800988,,,,,,,6296.929547936809,,,,,,,2022-10-13,2022-10-14,0.9973890339425588,ml_p_side,3.0,2.0,ml_first,ML-ranked candidate,0.0,ACCEPTED,OK,0.0943799999999999,377.52,26.0,26.0,14.679999999999998,transitioned,2022-10-14,2022-10-17,16.41,12.64,0.07,14.68,multiple_r,2022-11-01,16.41,take_profit,take_profit,True,,,,,2022-10-14,16.41,take_profit,explicit_replay,426.425337,44.3054537106629,11.6896,18.0,False,0.0,,,,,0.11689555206118563,2022-10-13,0.5162540258335288,0.3859132023222453,0.13034082351128345,Q5
exit_closed,2022-11-02,,,,,,,,,,,,,,,DV,sell,Unknown,10.0,30.3072525,,,,,,,6038.258508886809,,,,,,,2022-10-24,2022-10-25,0.9973958333333334,ml_p_side,1.0,1.0,ml_first,ML-ranked candidate,0.0,ACCEPTED,OK,0.074275,297.1,10.0,10.0,30.329999999999995,transitioned,2022-10-25,2022-10-26,25.85,34.43,0.1352,30.33,multiple_r,2022-11-02,25.85,take_profit,take_profit,True,,,,,2022-10-25,25.85,take_profit,explicit_replay,-258.642175,44.31056419249999,17.2428,8.0,False,0.0,,,,,0.14706884103070705,2022-10-24,0.5146394598796398,0.41739201995633224,0.09724743992330753,Q4
exit_closed,2022-11-03,,,,,,,,,,,,,,,LAUR,sell,Unknown,32.0,12.32394217948718,,,,,,,5226.108991134503,,,,,,,2022-10-25,2022-10-26,0.9973958333333334,ml_p_side,1.0,1.0,ml_first,ML-ranked candidate,0.0,ACCEPTED,OK,0.0983199999999999,393.28,32.0,32.0,12.34,transitioned,2022-10-26,2022-10-27,10.69,13.81,0.119,12.34,multiple_r,2022-11-03,12.56637,trailing_stop,trailing_stop,True,,,,,2022-10-26,12.56637,trailing_stop,explicit_replay,-402.4053910535606,-8.195109835821913,-1.9292,8.0,False,0.0,,,,,-0.019671288373644957,2022-10-25,0.3758624907395097,0.33268214016984204,0.04318035056966768,Q4
exit_closed,2022-11-04,,,,,,,,,,,,,,,OHI,sell,Unknown,13.0,29.437905,,,,,,,4803.0440239856525,,,,,,,2022-10-11,2022-10-12,0.9947780678851176,ml_p_side,4.0,1.0,ml_first,ML-ranked candidate,0.0,ACCEPTED,OK,0.0961025,384.41,13.0,13.0,29.46,transitioned,2022-10-12,2022-10-13,25.73,33.41,0.1341999999999999,29.46,multiple_r,2022-11-04,32.517514,trailing_stop,trailing_stop,True,,,,,2022-10-12,32.517514,trailing_stop,explicit_replay,-422.9601822251,-40.48700997834993,-9.4706,23.0,False,0.0,,,,,-0.10461372845655958,2022-10-11,0.22864543533453935,0.284046200886965,-0.055400765552425624,Q3
exit_closed,2022-11-04,,,,,,,,,,,,,,,BALL,buy,Unknown,8.0,48.336225,,,,,,,5202.129206345652,,,,,,,2022-10-26,2022-10-27,1.0,ml_p_side,1.0,1.0,ml_first,ML-ranked candidate,0.0,ACCEPTED,OK,0.09638,385.52,8.0,8.0,48.3,transitioned,2022-10-27,2022-10-28,54.45,41.95,0.07,48.3,multiple_r,2022-11-04,49.9131,trailing_stop,trailing_stop,True,,,,,2022-10-27,49.9131,trailing_stop,explicit_replay,399.08518236,12.279375420000008,3.2623,8.0,False,0.0,,,,,0.03262304824176909,2022-10-26,0.48602362030985985,0.24861137617212292,0.23741224413773693,Q5
exit_closed,2022-11-04,,,,,,,,,,,,,,,SHC,buy,Unknown,34.0,6.163058766233767,,,,,,,5404.274989161933,,,,,,,2022-11-02,2022-11-03,1.0,ml_p_side,1.0,1.0,ml_first,ML-ranked candidate,0.0,ACCEPTED,OK,0.05355,214.2,34.0,34.0,6.15,transitioned,2022-11-03,2022-11-04,7.12,4.87,0.07,6.15,multiple_r,2022-11-04,5.952,trailing_stop,trailing_stop,True,,,,,2022-11-03,5.952,trailing_stop,explicit_replay,202.14578281628093,-7.4610784350826975,-3.4246,1.0,False,0.0,,,,,-0.03424578188189897,2022-11-02,0.717226687006609,0.43380171177292753,0.28342497523368143,Q5
exit_closed,2022-11-04,,,,,,,,,,,,,,,OKTA,buy,Unknown,4.0,50.00992371449925,,,,,,,5594.081002406733,,,,,,,2022-11-02,2022-11-03,0.9947916666666666,ml_p_side,3.0,3.0,ml_first,ML-ranked candidate,0.0,ACCEPTED,OK,0.05093,203.72,4.0,4.0,49.97,transitioned,2022-11-03,2022-11-04,57.55,39.58,0.07,49.97,multiple_r,2022-11-04,47.477616,trailing_stop,trailing_stop,True,,,,,2022-11-03,47.477616,trailing_stop,explicit_replay,189.8060132448,-10.293693521654433,-5.0636,1.0,False,0.0,,,,,-0.05063610432513155,2022-11-02,0.6496843770334094,0.42824948244274413,0.2214348945906653,Q5
exit_closed,2022-11-09,,,,,,,,,,,,,,,MGNI,buy,Unknown,30.999999999,6.473615852090032,,,,,,,5825.334731077338,,,,,,,2022-11-04,2022-11-07,0.9973958333333334,ml_p_side,1.0,2.0,ml_first,ML-ranked candidate,0.0,ACCEPTED,OK,0.0496775,198.71,31.0,30.999999999000003,6.46,transitioned,2022-11-07,2022-11-08,7.24,4.84,0.07,6.46,multiple_r,2022-11-09,6.063599999999999,trailing_stop,trailing_stop,True,,,,,2022-11-07,6.063599999999999,trailing_stop,explicit_replay,187.58999813332585,-13.152297902414034,-6.3336,2.0,False,0.0,,,,,-0.0633364508271923,2022-11-04,0.6235992026619006,0.4499333631583948,0.17366583950350584,Q5
exit_closed,2022-11-09,,,,,,,,,,,,,,,SHC,buy,Unknown,34.0,6.318020180959874,,,,,,,6031.2257287123375,,,,,,,2022-11-04,2022-11-07,0.9921875,ml_p_side,5.0,4.0,ml_first,ML-ranked candidate,0.0,ACCEPTED,OK,0.05321,212.84,34.0,34.0,6.3,transitioned,2022-11-07,2022-11-08,7.07,4.8,0.07,6.3,multiple_r,2022-11-09,6.058949999999999,trailing_stop,trailing_stop,True,,,,,2022-11-07,6.058949999999999,trailing_stop,explicit_replay,205.890997635,-8.98613232348157,-4.1005,2.0,False,0.0,,,,,-0.04100496255783015,2022-11-04,0.717226687006609,0.4103190807277065,0.30690760627890246,Q5
exit_closed,2022-11-11,,,,,,,,,,,,,,,SPXC,sell,Unknown,5.0,67.34945,,,,,,,6226.842911148754,,,,,,,2022-11-04,2022-11-07,0.9947916666666666,ml_p_side,4.0,2.0,ml_first,ML-ranked candidate,0.0,ACCEPTED,OK,0.0838125,335.25,5.0,5.0,67.4,transitioned,2022-11-07,2022-11-08,58.33,75.85,0.1253999999999999,67.4,multiple_r,2022-11-11,74.602766,trailing_stop,trailing_stop,True,,,,,2022-11-07,74.602766,trailing_stop,explicit_replay,-373.2189876065,-36.58879736483327,-9.7226,4.0,False,0.0,,,,,-0.10769673694439974,2022-11-04,0.2754486317984263,0.35484435402278497,-0.07939572222435864,Q3
exit_closed,2022-11-14,,,,,,,,,,,,,,,MKC,sell,Unknown,7.0,81.28898749999999,,,,,,,5735.140985213754,,,,,,,2022-11-09,2022-11-10,0.9973958333333334,ml_p_side,1.0,1.0,ml_first,ML-ranked candidate,0.0,ACCEPTED,OK,0.1386174999999999,554.4699999999999,7.0,7.0,81.35000000000001,transitioned,2022-11-10,2022-11-11,71.39,86.06,0.0578,81.35,multiple_r,2022-11-14,84.22203600000002,trailing_stop,trailing_stop,True,,,,,2022-11-10,84.22203600000002,trailing_stop,explicit_replay,-589.8785068386002,-21.053397541516844,-3.4825,4.0,False,0.0,,,,,-0.0360817447750843,2022-11-09,0.2123600280729842,0.27912114474110805,-0.06676111666812384,Q3
exit_closed,2022-11-15,,,,,,,,,,,,,,,DINO,sell,Unknown,5.0,59.5652925,,,,,,,5405.309372442379,,,,,,,2022-10-20,2022-10-21,0.9973958333333334,ml_p_side,2.0,1.0,ml_first,ML-ranked candidate,0.0,ACCEPTED,OK,0.0740499999999999,296.2,5.0,5.0,59.60999999999999,transitioned,2022-10-21,2022-10-24,51.54,68.36,0.1469,59.61,multiple_r,2022-11-15,65.912343,trailing_stop,trailing_stop,True,,,,,2022-10-21,65.912343,trailing_stop,explicit_replay,-329.7429739432501,-32.094498210125096,-9.6295,25.0,False,0.0,,,,,-0.1065561879008654,2022-10-20,0.459707822214997,0.36485442633840476,0.09485339587659225,Q4
exit_closed,2022-11-15,,,,,,,,,,,,,,,SHC,buy,Unknown,30.999999999,7.265445,,,,,,,5615.691084830958,,,,,,,2022-11-11,2022-11-14,1.0,ml_p_side,1.0,1.0,ml_first,ML-ranked candidate,0.0,ACCEPTED,OK,0.0568075,227.23,31.0,30.999999999000003,7.26,transitioned,2022-11-14,2022-11-15,8.28,5.76,0.07,7.26,multiple_r,2022-11-15,6.798299999999999,trailing_stop,trailing_stop,True,,,,,2022-11-14,6.798299999999999,trailing_stop,explicit_replay,210.38171238857933,-14.914651242653036,-6.4297,1.0,False,0.0,,,,,-0.06429681870828285,2022-11-11,0.6303869827610602,0.3634173605453351,0.2669696222157251,Q5
exit_closed,2022-11-17,,,,,,,,,,,,,,,SMMT,buy,Unknown,178.0,1.00075,,,,,,,6504.886599133116,,,,,,,2022-11-08,2022-11-09,0.9947916666666666,ml_p_side,4.0,3.0,ml_first,ML-ranked candidate,0.0,ACCEPTED,OK,0.04539,181.56,178.0,178.0,1.0,transitioned,2022-11-09,2022-11-10,1.15,0.74,0.07,1.0,multiple_r,2022-11-17,1.0137,trailing_stop,trailing_stop,True,,,,,2022-11-09,1.0137,trailing_stop,explicit_replay,180.33935877,2.152418719999986,1.294,8.0,False,0.0,,,,,0.012940294778915895,2022-11-08,0.6580347859320547,0.44888136415996627,0.2091534217720884,Q5
exit_closed,2022-11-17,,,,,,,,,,,,,,,SHC,buy,Unknown,30.0,6.764157747603833,,,,,,,6693.951842590692,,,,,,,2022-11-15,2022-11-16,1.0,ml_p_side,1.0,1.0,ml_first,ML-ranked candidate,0.0,ACCEPTED,OK,0.052275,209.1,30.0,30.0,6.75,transitioned,2022-11-16,2022-11-17,7.88,5.32,0.07,6.75,multiple_r,2022-11-17,6.314699999999999,trailing_stop,trailing_stop,True,,,,,2022-11-16,6.314699999999999,trailing_stop,explicit_replay,189.0652434575757,-13.920366390267702,-6.6447,1.0,False,0.0,,,,,-0.06644696418605134,2022-11-15,0.65688305739425,0.36917256762729417,0.28771048976695585,Q5
exit_closed,2022-11-29,,,,,,,,,,,,,,,BAH,sell,Unknown,5.0,107.8890225,,,,,,,6488.388369433067,,,,,,,2022-10-28,2022-10-31,0.9973958333333334,ml_p_side,1.0,1.0,ml_first,ML-ranked candidate,0.0,ACCEPTED,OK,0.13585,543.4000000000001,5.0,5.0,107.96999999999998,transitioned,2022-10-31,2022-11-01,97.63,118.35,0.0960999999999999,107.97,multiple_r,,,,,,,,,,2022-10-31,106.07,time_stop,intrabar_resolution,-530.6416925,8.455349463125033,1.7149,29.0,False,0.0,,,,,0.016860125876105747,2022-10-28,0.17591650491026836,0.23392283410487957,-0.05800632919461121,Q3
exit_closed,2022-12-01,,,,,,,,,,,,,,,FIVN,buy,Unknown,3.0,59.304445,,,,,,,7041.206383301605,,,,,,,2022-11-17,2022-11-18,1.0,ml_p_side,1.0,1.0,ml_first,ML-ranked candidate,0.0,ACCEPTED,OK,0.0433575,173.43,3.0,3.0,59.25999999999999,transitioned,2022-11-18,2022-11-21,65.33,43.3,0.07,59.26,multiple_r,2022-12-01,65.33,take_profit,take_profit,True,,,,,2022-11-18,65.33,take_profit,explicit_replay,194.18822340206265,16.221514401562644,10.1604,13.0,False,0.0,,,,,0.10160376680027938,2022-11-17,0.5974461077968323,0.4318626904242932,0.16558341737253907,Q5
exit_closed,2022-12-05,,,,,,,,,,,,,,,YUMC,sell,Unknown,6.0,50.1523575,,,,,,,6523.839523091405,,,,,,,2022-11-04,2022-11-07,0.9973958333333334,ml_p_side,2.0,1.0,ml_first,ML-ranked candidate,0.0,ACCEPTED,OK,0.0749099999999999,299.64,6.0,6.0,50.19,transitioned,2022-11-07,2022-11-08,43.45,58.18,0.1592,50.19,multiple_r,2022-12-05,57.055824,trailing_stop,trailing_stop,True,,,,,2022-11-07,57.055824,trailing_stop,explicit_replay,-342.5232282192,-41.79966217770005,-12.0995,28.0,False,0.0,,,,,-0.13764989013726825,2022-11-04,0.3605305878695194,0.3834768264634457,-0.022946238593926305,Q3
exit_closed,2022-12-06,,,,,,,,,,,,,,,LW,sell,Unknown,6.0,81.598755,,,,,,,6281.535846213749,,,,,,,2022-10-12,2022-10-13,0.9947780678851176,ml_p_side,4.0,2.0,ml_first,ML-ranked candidate,0.0,ACCEPTED,OK,0.12432,497.28,6.0,6.0,81.66,transitioned,2022-10-13,2022-10-14,73.86,90.77,0.1116,81.66,multiple_r,2022-12-06,88.249924,trailing_stop,trailing_stop,True,,,,,2022-10-13,88.249924,trailing_stop,explicit_replay,-529.7907687492001,-40.65985456320008,-7.5367,54.0,False,0.0,,,,,-0.08151066765663262,2022-10-12,0.21409385522825694,0.2950381025091801,-0.08094424728092317,Q3
exit_closed,2022-12-06,,,,,,,,,,,,,,,LYFT,buy,Unknown,16.0,10.9181825,,,,,,,6453.900193653749,,,,,,,2022-12-01,2022-12-02,1.0,ml_p_side,1.0,1.0,ml_first,ML-ranked candidate,0.0,ACCEPTED,OK,0.0448,179.2,16.0,16.0,10.91,transitioned,2022-12-02,2022-12-05,12.66,8.09,0.07,10.91,multiple_r,2022-12-06,10.7787,trailing_stop,trailing_stop,True,,,,,2022-12-02,10.7787,trailing_stop,explicit_replay,172.36434743999996,-2.378979836000042,-1.2775,4.0,False,0.0,,,,,-0.012775248994051913,2022-12-01,0.595915104801073,0.5357743276213572,0.060140777179715776,Q4
exit_closed,2022-12-13,,,,,,,,,,,,,,,EYE,sell,Unknown,8.0,40.44964,,,,,,,6259.199149652794,,,,,,,2022-11-11,2022-11-14,0.9973958333333334,ml_p_side,2.0,1.0,ml_first,ML-ranked candidate,0.0,ACCEPTED,OK,0.0818199999999999,327.28,8.0,8.0,40.48,transitioned,2022-11-14,2022-11-15,35.59,46.74,0.1546,40.48,multiple_r,,,,,,,,,,2022-11-14,39.45,time_stop,intrabar_resolution,-318.8241390184511,4.5641837922155455,2.5339,29.0,False,0.0,,,,,0.02471319893081869,2022-11-11,0.44863169579453516,0.33867532713071685,0.1099563686638183,Q4
exit_closed,2022-12-13,,,,,,,,,,,,,,,LYFT,buy,Unknown,16.0,10.360191791767557,,,,,,,6447.140494756242,,,,,,,2022-12-06,2022-12-07,1.0,ml_p_side,1.0,1.0,ml_first,ML-ranked candidate,0.0,ACCEPTED,OK,0.04164,166.56,16.0,16.0,10.34,transitioned,2022-12-07,2022-12-08,11.76,7.44,0.07,10.34,multiple_r,2022-12-13,11.76,take_profit,take_profit,True,,,,,2022-12-07,11.76,take_profit,explicit_replay,187.94134510344827,22.12854751456692,13.5114,6.0,False,0.0,,,,,0.1351141210865192,2022-12-06,0.6472994489921495,0.5131601819619787,0.13413926703017087,Q5
exit_closed,2022-12-15,,,,,,,,,,,,,,,LPX,sell,Unknown,5.0,62.95275,,,,,,,5630.247685963394,,,,,,,2022-11-15,2022-11-16,0.9948051948051948,ml_p_side,2.0,2.0,ml_first,ML-ranked candidate,0.0,ACCEPTED,OK,0.0794,317.6,5.0,5.0,63.0,transitioned,2022-11-16,2022-11-17,55.26,73.36,0.1644,63.0,multiple_r,,,,,,,,,,2022-11-16,62.96,time_stop,intrabar_resolution,-314.97314,-0.4124875625000181,-0.0115,29.0,False,0.0,,,,,-0.0001151657393838601,2022-11-15,0.38141186402097466,0.3063766315557382,0.07503523246523647,Q4
exit_closed,2022-12-15,,,,,,,,,,,,,,,GAP,sell,Unknown,19.0,15.152010336076817,,,,,,,5376.527335209237,,,,,,,2022-12-05,2022-12-06,0.9948051948051948,ml_p_side,3.0,2.0,ml_first,ML-ranked candidate,0.0,ACCEPTED,OK,0.0719625,287.85,19.0,19.0,15.170000000000002,transitioned,2022-12-06,2022-12-07,13.18,17.74,0.1692,15.17,multiple_r,2022-12-15,13.18,take_profit,take_profit,True,,,,,2022-12-06,13.18,take_profit,explicit_replay,-253.689505590259,34.08147917238649,14.9621,9.0,False,0.0,,,,,0.13014842864655896,2022-12-05,0.46850110448362164,0.39666060629408023,0.07184049818954141,Q4
exit_closed,2022-12-15,,,,,,,,,,,,,,,LYFT,buy,Unknown,22.0,11.68055842105263,,,,,,,5624.72794386636,,,,,,,2022-12-13,2022-12-14,0.9974093264248703,ml_p_side,2.0,2.0,ml_first,ML-ranked candidate,0.0,ACCEPTED,OK,0.0638,255.2,22.0,22.0,11.659999999999998,transitioned,2022-12-14,2022-12-15,13.11,9.33,0.07,11.66,multiple_r,2022-12-15,11.2902,trailing_stop,trailing_stop,True,,,,,2022-12-14,11.2902,trailing_stop,explicit_replay,248.2006086571228,-8.848768291614078,-3.3419,1.0,False,0.0,,,,,-0.033419499905848804,2022-12-13,0.6392956664225263,0.4899718740968924,0.14932379232563392,Q5
exit_closed,2022-12-16,,,,,,,,,,,,,,,DCI,sell,Unknown,10.0,59.735165,,,,,,,4254.326925033496,,,,,,,2022-11-16,2022-11-17,0.9948051948051948,ml_p_side,3.0,2.0,ml_first,ML-ranked candidate,0.0,ACCEPTED,OK,0.150975,603.9,10.0,10.0,59.78,transitioned,2022-11-17,2022-11-18,54.92,65.18,0.0902999999999999,59.78,multiple_r,,,,,,,,,,2022-11-17,58.74,time_stop,intrabar_resolution,-587.72307,9.243145959166704,1.6942,29.0,False,0.0,,,,,0.016659617496662116,2022-11-16,0.17585332934651393,0.30771851091066044,-0.1318651815641465,Q2
exit_closed,2022-12-16,,,,,,,,,,,,,,,ARLO,buy,Unknown,74.0,3.306597526236881,,,,,,,4486.468244580276,,,,,,,2022-12-13,2022-12-14,1.0,ml_p_side,1.0,1.0,ml_first,ML-ranked candidate,0.0,ACCEPTED,OK,0.06105,244.2,74.0,74.0,3.3,transitioned,2022-12-14,2022-12-15,3.73,2.63,0.07,3.3,multiple_r,2022-12-16,3.1527,trailing_stop,trailing_stop,True,,,,,2022-12-14,3.1527,trailing_stop,explicit_replay,232.1413195467807,-12.620303859830956,-4.6543,2.0,False,0.0,,,,,-0.04654256377310806,2022-12-13,0.6102076044149624,0.516747589257809,0.09346001515715341,Q4
exit_closed,2022-12-19,,,,,,,,,,,,,,,MKC,sell,Unknown,6.0,83.89702999999999,,,,,,,3544.248125690275,,,,,,,2022-11-17,2022-11-18,0.9974025974025974,ml_p_side,2.0,1.0,ml_first,ML-ranked candidate,0.0,ACCEPTED,OK,0.12468,498.72,6.0,6.0,83.96,transitioned,2022-11-18,2022-11-21,74.8,90.4,0.0767,83.96,multiple_r,,,,,,,,,,2022-11-18,82.84,time_stop,intrabar_resolution,-497.3133720000001,5.732021350999883,1.276,31.0,False,0.0,,,,,0.012599134915741161,2022-11-17,0.21959185888948735,0.2790006375904524,-0.05940877870096506,Q3
exit_closed,2022-12-19,,,,,,,,,,,,,,,LYFT,buy,Unknown,23.0,11.26575101260126,,,,,,,3789.387131467163,,,,,,,2022-12-15,2022-12-16,0.9948186528497408,ml_p_side,3.0,3.0,ml_first,ML-ranked candidate,0.0,ACCEPTED,OK,0.0652625,261.05,23.0,23.0,11.25,transitioned,2022-12-16,2022-12-19,12.83,9.19,0.07,11.25,multiple_r,2022-12-19,10.67175,trailing_stop,trailing_stop,True,,,,,2022-12-16,10.67175,trailing_stop,explicit_replay,245.1390057768877,-14.051001194928231,-5.2726,3.0,False,0.0,,,,,-0.052726268487280015,2022-12-15,0.6378376717623322,0.4882733315797418,0.1495643401825904,Q5
exit_closed,2022-12-19,,,,,,,,,,,,,,,BKD,buy,Unknown,80.0,2.69077661971831,,,,,,,4002.051342730084,,,,,,,2022-12-15,2022-12-16,0.9896373056994818,ml_p_side,4.0,5.0,ml_first,ML-ranked candidate,0.0,ACCEPTED,OK,0.055,220.0,80.0,80.0,2.6800000000000006,transitioned,2022-12-16,2022-12-19,3.11,2.13,0.07,2.68,multiple_r,2022-12-19,2.6691,trailing_stop,trailing_stop,True,,,,,2022-12-16,2.6691,trailing_stop,explicit_replay,212.66421126292136,-2.662496953416678,-0.8056,3.0,False,0.0,,,,,-0.008055897156033498,2022-12-15,0.6384391474987969,0.4932098002576252,0.14522934724117176,Q5
exit_closed,2022-12-22,,,,,,,,,,,,,,,DKNG,buy,Unknown,15.0,11.971106446635234,,,,,,,4540.989782626841,,,,,,,2022-12-16,2022-12-19,0.9948186528497408,ml_p_side,3.0,3.0,ml_first,ML-ranked candidate,0.0,ACCEPTED,OK,0.04545,181.8,15.0,15.0,11.960000000000004,transitioned,2022-12-19,2022-12-20,13.7,8.79,0.07,11.96,multiple_r,2022-12-22,11.3367,trailing_stop,trailing_stop,True,,,,,2022-12-19,11.3367,trailing_stop,explicit_replay,169.77949713978006,-9.840969538758287,-5.2995,3.0,False,0.0,,,,,-0.05299480457076289,2022-12-16,0.6505399749701734,0.4505635282265732,0.19997644674360016,Q5
exit_closed,2022-12-22,,,,,,,,,,,,,,,LYFT,buy,Unknown,22.0,10.26006952484322,,,,,,,4759.834116385971,,,,,,,2022-12-19,2022-12-20,0.9974093264248703,ml_p_side,3.0,2.0,ml_first,ML-ranked candidate,0.0,ACCEPTED,OK,0.05676,227.04,22.0,22.0,10.25,transitioned,2022-12-20,2022-12-21,11.66,8.14,0.07,10.25,multiple_r,2022-12-22,9.9603,trailing_stop,trailing_stop,True,,,,,2022-12-20,9.9603,trailing_stop,explicit_replay,218.8443337591304,-6.944912246284417,-2.9217,2.0,False,0.0,,,,,-0.029217104632417223,2022-12-19,0.6472994489921495,0.5131601819619787,0.13413926703017087,Q5
exit_closed,2022-12-27,,,,,,,,,,,,,,,VRNS,buy,Unknown,13.0,23.68174202346041,,,,,,,5413.300256395789,,,,,,,2022-12-15,2022-12-16,0.9974093264248703,ml_p_side,2.0,2.0,ml_first,ML-ranked candidate,0.0,ACCEPTED,OK,0.077025,308.1,13.0,13.0,23.660000000000004,transitioned,2022-12-16,2022-12-19,26.78,19.93,0.07,23.66,multiple_r,2022-12-27,22.50135,trailing_stop,trailing_stop,True,,,,,2022-12-16,22.50135,trailing_stop,explicit_replay,289.4935266667421,-18.46147843213464,-4.9844,11.0,False,0.0,,,,,-0.04984396934528934,2022-12-15,0.5744648904213518,0.4346946058275537,0.13977028459379814,Q5
exit_closed,2022-12-27,,,,,,,,,,,,,,,DKNG,buy,Unknown,16.0,11.615860711188205,,,,,,,5588.133325291788,,,,,,,2022-12-22,2022-12-23,1.0,ml_p_side,1.0,1.0,ml_first,ML-ranked candidate,0.0,ACCEPTED,OK,0.0464,185.6,16.0,16.0,11.6,transitioned,2022-12-23,2022-12-27,13.11,8.63,0.07,11.6,multiple_r,2022-12-27,10.93308,trailing_stop,trailing_stop,True,,,,,2022-12-23,10.93308,trailing_stop,explicit_replay,174.833068896,-11.07645861442495,-5.878,4.0,False,0.0,,,,,-0.058780036035604444,2022-12-22,0.6550940708120218,0.4505635282265732,0.20453054258544856,Q5
exit_closed,2022-12-29,,,,,,,,,,,,,,,AAON,sell,Unknown,7.0,51.2482016699975,,,,,,,5222.47953171272,,,,,,,2022-11-29,2022-11-30,0.9948051948051948,ml_p_side,1.0,1.0,ml_first,ML-ranked candidate,0.0,ACCEPTED,OK,0.0896816666725,358.72666669,7.0,7.0,51.28666667,transitioned,2022-11-30,2022-12-01,44.58,58.15,0.1338,51.29,multiple_r,,,,,,,,,,2022-11-30,51.23333333,time_stop,intrabar_resolution,-358.92768718621227,-0.4217465404392918,0.029,29.0,False,0.0,,,,,0.00029012413144247073,2022-11-29,0.3019753191341108,0.3825172331844668,-0.08054191405035599,Q3
exit_closed,2022-12-29,,,,,,,,,,,,,,,ARLO,buy,Unknown,81.0,3.2718642211838005,,,,,,,5514.5829419758775,,,,,,,2022-12-16,2022-12-19,1.0,ml_p_side,1.0,1.0,ml_first,ML-ranked candidate,0.0,ACCEPTED,OK,0.0654075,261.63,81.0,81.0,3.23,transitioned,2022-12-19,2022-12-20,3.65,2.62,0.07,3.23,multiple_r,2022-12-29,3.65,take_profit,take_profit,True,,,,,2022-12-19,3.65,take_profit,explicit_replay,292.10341026315785,27.002902046695283,11.5572,10.0,False,0.0,,,,,0.11557196547703485,2022-12-16,0.6274188654391135,0.516747589257809,0.11067127618130457,Q4
exit_closed,2023-01-05,,,,,,,,,,,,,,,GTM,buy,Unknown,10.0,28.76344732929221,,,,,,,3483.439722650284,,,,,,,2023-01-03,2023-01-04,0.9922279792746114,ml_p_side,6.0,4.0,ml_first,ML-ranked candidate,0.0,ACCEPTED,OK,0.0736,294.40000000000003,10.0,10.0,28.46,transitioned,2023-01-04,2023-01-05,33.27,24.87,0.07,28.46,multiple_r,2023-01-05,26.5701,trailing_stop,trailing_stop,True,,,,,2023-01-04,26.5701,trailing_stop,explicit_replay,262.9211725668212,-24.799591068088773,-7.6255,1.0,False,0.0,,,,,-0.07625467504580163,2023-01-03,0.521981604367672,0.4308446815396079,0.09113692282806413,Q4
exit_closed,2023-01-05,,,,,,,,,,,,,,,PRVA,buy,Unknown,14.0,22.71689799625029,,,,,,,3778.243853757459,,,,,,,2023-01-03,2023-01-04,0.9896373056994818,ml_p_side,7.0,5.0,ml_first,ML-ranked candidate,0.0,ACCEPTED,OK,0.078015,312.06,14.0,14.0,22.5,transitioned,2023-01-04,2023-01-05,25.19,18.82,0.07,22.5,multiple_r,2023-01-05,21.0738,trailing_stop,trailing_stop,True,,,,,2023-01-04,21.0738,trailing_stop,explicit_replay,294.80413110717484,-23.32785181191349,-7.2329,1.0,False,0.0,,,,,-0.07232932931782787,2023-01-03,0.518990787768392,0.36747219609069837,0.15151859167769366,Q5
exit_closed,2023-01-06,,,,,,,,,,,,,,,HUN,sell,Unknown,19.0,27.650887727272725,,,,,,,3272.151493849005,,,,,,,2023-01-03,2023-01-04,0.9948186528497408,ml_p_side,4.0,2.0,ml_first,ML-ranked candidate,0.0,ACCEPTED,OK,0.1320025,528.01,19.0,19.0,27.97,transitioned,2023-01-04,2023-01-05,24.8,30.41,0.0872,27.97,multiple_r,2023-01-06,30.376368,trailing_stop,trailing_stop,True,,,,,2023-01-04,30.376368,trailing_stop,explicit_replay,-583.7243766087546,-58.52762858554249,-8.9724,2.0,False,0.0,,,,,-0.09856755051083121,2023-01-03,0.26222526513557626,0.30067017751624087,-0.03844491238066461,Q3
exit_closed,2023-01-10,,,,,,,,,,,,,,,DKNG,buy,Unknown,17.0,11.260430638615976,,,,,,,3975.547005722729,,,,,,,2023-01-03,2023-01-04,0.9974093264248703,ml_p_side,2.0,2.0,ml_first,ML-ranked candidate,0.0,ACCEPTED,OK,0.0469625,187.85,17.0,17.0,11.25,transitioned,2023-01-04,2023-01-05,12.49,8.27,0.07,11.25,multiple_r,2023-01-10,12.49,take_profit,take_profit,True,,,,,2023-01-04,12.49,take_profit,explicit_replay,210.2803617950117,18.79561274228314,10.9194,6.0,False,0.0,,,,,0.1091938133491448,2023-01-03,0.5360174126262962,0.44676894019223823,0.08924847243405798,Q4
exit_closed,2023-01-11,,,,,,,,,,,,,,,MOS,buy,Unknown,8.999999999,42.90751011896431,,,,,,,4022.180139552287,,,,,,,2023-01-03,2023-01-04,0.9870466321243524,ml_p_side,8.0,6.0,ml_first,ML-ranked candidate,0.0,ACCEPTED,OK,0.0959175,383.67,9.0,8.999999999,42.48,transitioned,2023-01-04,2023-01-05,48.17,37.45,0.07,42.48,multiple_r,2023-01-11,44.59908,trailing_stop,trailing_stop,True,,,,,2023-01-04,44.59908,trailing_stop,explicit_replay,398.0129668452173,11.729525540137727,3.9424,7.0,False,0.0,,,,,0.03942363181516906,2023-01-03,0.43441505959250776,0.28742480853869395,0.1469902510538138,Q5
exit_closed,2023-01-12,,,,,,,,,,,,,,,IP,sell,Unknown,17.999999999,35.73318,,,,,,,3039.474861498926,,,,,,,2023-01-03,2023-01-04,0.9974093264248703,ml_p_side,3.0,1.0,ml_first,ML-ranked candidate,0.0,ACCEPTED,OK,0.1593449999999999,637.3799999999999,18.0,17.999999999,35.76,transitioned,2023-01-04,2023-01-05,32.24,38.19,0.0679,35.76,multiple_r,2023-01-12,38.070635,trailing_stop,trailing_stop,True,,,,,2023-01-04,38.070635,trailing_stop,explicit_replay,-692.9833241423044,-50.040300230023526,-6.1398,8.0,False,0.0,,,,,-0.06541413330691537,2023-01-03,0.18275272260684922,0.2243299257757557,-0.04157720316890648,Q3
exit_closed,2023-01-13,,,,,,,,,,,,,,,BKD,buy,Unknown,98.0,2.7964039766606827,,,,,,,3310.4940609495293,,,,,,,2023-01-03,2023-01-04,1.0,ml_p_side,1.0,1.0,ml_first,ML-ranked candidate,0.0,ACCEPTED,OK,0.067375,269.5,98.0,98.0,2.79,transitioned,2023-01-04,2023-01-05,3.11,2.24,0.07,2.79,multiple_r,2023-01-13,2.7714,trailing_stop,trailing_stop,True,,,,,2023-01-04,2.7714,trailing_stop,explicit_replay,271.01919945060325,-3.1106045390574764,-0.8941,9.0,False,0.0,,,,,-0.008941475147858036,2023-01-03,0.5368639116356219,0.440665919269618,0.09619799236600385,Q4
exit_closed,2023-01-13,,,,,,,,,,,,,,,DAR,buy,Unknown,6.0,61.28593,,,,,,,3716.3890454192942,,,,,,,2023-01-05,2023-01-06,0.9948186528497408,ml_p_side,4.0,3.0,ml_first,ML-ranked candidate,0.0,ACCEPTED,OK,0.09078,363.12,6.0,6.0,61.24,transitioned,2023-01-06,2023-01-09,68.39,52.73,0.07,61.24,multiple_r,2023-01-13,68.39,take_profit,take_profit,True,,,,,2023-01-06,68.39,take_profit,explicit_replay,405.8949844697651,38.06908979576514,11.5917,7.0,False,0.0,,,,,0.11591681810164256,2023-01-05,0.35914271128132597,0.32212214524858634,0.03702056603273962,Q4
exit_closed,2023-01-18,,,,,,,,,,,,,,,LNC,buy,Unknown,11.0,31.934040970950424,,,,,,,3031.9672399364485,,,,,,,2023-01-10,2023-01-11,1.0,ml_p_side,1.0,1.0,ml_first,ML-ranked candidate,0.0,ACCEPTED,OK,0.086515,346.06,11.0,11.0,31.530000000000005,transitioned,2023-01-11,2023-01-12,35.55,27.27,0.07,31.53,multiple_r,2023-01-18,30.3552,trailing_stop,trailing_stop,True,,,,,2023-01-11,30.3552,trailing_stop,explicit_replay,333.72355104,-17.65628197565883,-4.9441,7.0,False,0.0,,,,,-0.049440688461152016,2023-01-10,0.5031968678161656,0.4225605720861067,0.08063629573005887,Q4
exit_closed,2023-01-18,,,,,,,,,,,,,,,YMM,buy,Unknown,32.0,9.049182027612344,,,,,,,3333.9560341934957,,,,,,,2023-01-11,2023-01-12,1.0,ml_p_side,1.0,1.0,ml_first,ML-ranked candidate,0.0,ACCEPTED,OK,0.07224,288.96,32.0,32.0,9.03,transitioned,2023-01-12,2023-01-13,10.2,7.49,0.07,9.03,multiple_r,2023-01-18,9.4674,trailing_stop,trailing_stop,True,,,,,2023-01-12,9.4674,trailing_stop,explicit_replay,301.9887942570469,12.32809722598688,4.6216,6.0,False,0.0,,,,,0.04621610783289798,2023-01-11,0.561724233995884,0.4450444961668139,0.1166797378290701,Q5
exit_closed,2023-01-19,,,,,,,,,,,,,,,ACIW,sell,Unknown,17.0,26.212005961154475,,,,,,,2185.2798095230405,,,,,,,2023-01-05,2023-01-06,0.9974093264248703,ml_p_side,2.0,1.0,ml_first,ML-ranked candidate,0.0,ACCEPTED,OK,0.11033,441.32,17.0,17.0,26.48,transitioned,2023-01-06,2023-01-09,22.61,28.89,0.091,26.48,multiple_r,2023-01-19,28.28963,trailing_stop,trailing_stop,True,,,,,2023-01-06,28.28963,trailing_stop,explicit_replay,-485.58810710413314,-40.18664953440196,-7.3441,13.0,False,0.0,,,,,-0.07926230605641216,2023-01-05,0.27475351253212066,0.3793253668225709,-0.10457185429045024,Q2
exit_closed,2023-01-23,,,,,,,,,,,,,,,BKD,buy,Unknown,111.0,2.4361790721649483,,,,,,,2916.468412455062,,,,,,,2023-01-18,2023-01-19,1.0,ml_p_side,1.0,1.0,ml_first,ML-ranked candidate,0.0,ACCEPTED,OK,0.0679875,271.95000000000005,111.0,111.0,2.4199999999999995,transitioned,2023-01-19,2023-01-20,2.77,2.0,0.07,2.42,multiple_r,2023-01-23,2.77,take_profit,take_profit,True,,,,,2023-01-19,2.77,take_profit,explicit_replay,306.84672273057,36.34972095715767,13.7026,4.0,False,0.0,,,,,0.13702643276481163,2023-01-18,0.5457593869249692,0.4613762975109469,0.08438308941402228,Q4
exit_closed,2023-01-27,,,,,,,,,,,,,,,LNC,buy,Unknown,13.0,30.1849563018338,,,,,,,3785.552795145273,,,,,,,2023-01-18,2023-01-19,0.9974160206718348,ml_p_side,2.0,2.0,ml_first,ML-ranked candidate,0.0,ACCEPTED,OK,0.098475,393.9,13.0,13.0,29.83,transitioned,2023-01-19,2023-01-20,34.24,26.57,0.07,29.83,multiple_r,2023-01-27,34.24,take_profit,take_profit,True,,,,,2023-01-19,34.24,take_profit,explicit_replay,444.875184,52.35303074658344,13.434,8.0,False,0.0,,,,,0.13433988963303056,2023-01-18,0.5030630579685489,0.440327966408001,0.0627350915605479,Q4
exit_closed,2023-02-01,,,,,,,,,,,,,,,HUN,sell,Unknown,16.0,30.828945563588565,,,,,,,3051.072198500308,,,,,,,2023-01-06,2023-01-09,0.9948186528497408,ml_p_side,3.0,2.0,ml_first,ML-ranked candidate,0.0,ACCEPTED,OK,0.1239599999999999,495.84,16.0,16.0,31.1,transitioned,2023-01-09,2023-01-10,27.62,33.94,0.0913,31.1,multiple_r,2023-02-01,32.564392,trailing_stop,trailing_stop,True,,,,,2023-01-09,32.564392,trailing_stop,explicit_replay,-525.6966381057458,-32.71654816950303,-5.3293,23.0,False,0.0,,,,,-0.05629276008911366,2023-01-06,0.1988938375372646,0.2715862062779528,-0.07269236874068821,Q3
exit_closed,2023-02-02,,,,,,,,,,,,,,,BXP,sell,Unknown,7.0,71.446375,,,,,,,2113.434973981792,,,,,,,2023-01-13,2023-01-17,0.9974160206718348,ml_p_side,2.0,1.0,ml_first,ML-ranked candidate,0.0,ACCEPTED,OK,0.1246,498.4,7.0,7.0,71.5,transitioned,2023-01-17,2023-01-18,63.17,78.22,0.094,71.5,multiple_r,2023-02-02,76.33932,trailing_stop,trailing_stop,True,,,,,2023-01-17,76.33932,trailing_stop,explicit_replay,-540.0048973331826,-40.1255715540159,-6.4095,16.0,False,0.0,,,,,-0.0684841603230395,2023-01-13,0.28979145789692934,0.22537600869840999,0.06441544919851935,Q4
exit_closed,2023-02-03,,,,,,,,,,,,,,,VIAV,buy,Unknown,45.0,10.88438460829493,,,,,,,2350.723220261716,,,,,,,2023-01-03,2023-01-04,0.9948186528497408,ml_p_side,5.0,3.0,ml_first,ML-ranked candidate,0.0,ACCEPTED,OK,0.119925,479.7,45.0,45.0,10.76,transitioned,2023-01-04,2023-01-05,11.91,9.56,0.07,10.76,multiple_r,2023-02-03,11.91,take_profit,take_profit,True,,,,,2023-01-04,11.91,take_profit,explicit_replay,535.1006282762313,45.15638171074744,9.4228,30.0,False,0.0,,,,,0.09422814689251746,2023-01-03,0.30175354746479427,0.3363188375418659,-0.03456529007707165,Q3
exit_closed,2023-02-06,,,,,,,,,,,,,,,QFIN,buy,Unknown,13.0,22.9017742366757,,,,,,,3616.309255598716,,,,,,,2023-02-02,2023-02-03,0.9974160206718348,ml_p_side,2.0,2.0,ml_first,ML-ranked candidate,0.0,ACCEPTED,OK,0.0763425,305.37,13.0,13.0,22.88,transitioned,2023-02-03,2023-02-06,26.54,19.66,0.07,22.88,multiple_r,2023-02-06,21.6504,trailing_stop,trailing_stop,True,,,,,2023-02-03,21.6504,trailing_stop,explicit_replay,281.30039964,-16.511982356307158,-5.4641,3.0,False,0.0,,,,,-0.05464092972638357,2023-02-02,0.5144272887997363,0.4145961315621555,0.09983115723758079,Q4
exit_closed,2023-02-08,,,,,,,,,,,,,,,ENPH,buy,Unknown,1.0,208.5863225,,,,,,,3563.806111584132,,,,,,,2023-01-27,2023-01-30,1.0,ml_p_side,1.0,1.0,ml_first,ML-ranked candidate,0.0,ACCEPTED,OK,0.0525225,210.09,1.0,1.0,208.43,transitioned,2023-01-30,2023-01-31,237.4,162.98,0.07,208.43,multiple_r,2023-02-08,219.387,trailing_stop,trailing_stop,True,,,,,2023-01-30,219.387,trailing_stop,explicit_replay,217.1813799442644,8.53248154751438,5.178,9.0,False,0.0,,,,,0.0517803726080841,2023-01-27,0.5532967540271237,0.39721194786753034,0.15608480615959341,Q5
exit_closed,2023-02-10,,,,,,,,,,,,,,,QFIN,buy,Unknown,12.0,22.46697023883237,,,,,,,3486.3902783881263,,,,,,,2023-02-06,2023-02-07,0.9974160206718348,ml_p_side,3.0,2.0,ml_first,ML-ranked candidate,0.0,ACCEPTED,OK,0.066,264.0,12.0,12.0,22.22,transitioned,2023-02-07,2023-02-08,24.86,17.92,0.07,22.22,multiple_r,2023-02-10,21.1947,trailing_stop,trailing_stop,True,,,,,2023-02-07,21.1947,trailing_stop,explicit_replay,254.0795906342938,-15.60493332455448,-5.6628,3.0,False,0.0,,,,,-0.05662847394676085,2023-02-06,0.5144272887997363,0.4145961315621555,0.09983115723758079,Q4
exit_closed,2023-02-10,,,,,,,,,,,,,,,LTH,buy,Unknown,17.0,19.493882648752404,,,,,,,3796.5698857231264,,,,,,,2023-02-08,2023-02-09,0.9974160206718348,ml_p_side,2.0,2.0,ml_first,ML-ranked candidate,0.0,ACCEPTED,OK,0.0810475,324.19,17.0,17.0,19.32,transitioned,2023-02-09,2023-02-10,21.55,16.15,0.07,19.32,multiple_r,2023-02-10,18.2559,trailing_stop,trailing_stop,True,,,,,2023-02-09,18.2559,trailing_stop,explicit_replay,310.179607335,-21.315816495299543,-6.3506,1.0,False,0.0,,,,,-0.06350621223379704,2023-02-08,0.4658643375851659,0.39695087334561996,0.06891346423954592,Q4
exit_closed,2023-02-14,,,,,,,,,,,,,,,MIR,sell,Unknown,56.0,7.577437493573265,,,,,,,2351.893880316326,,,,,,,2023-01-23,2023-01-24,0.9974160206718348,ml_p_side,2.0,1.0,ml_first,ML-ranked candidate,0.0,ACCEPTED,OK,0.1073799999999999,429.52,56.0,56.0,7.67,transitioned,2023-01-24,2023-01-25,6.67,8.55,0.1153,7.67,multiple_r,2023-02-14,8.0803485,trailing_stop,trailing_stop,True,,,,,2023-01-24,8.0803485,trailing_stop,explicit_replay,-457.4039961170951,-33.30088155179432,-6.2239,21.0,False,0.0,,,,,-0.0663695354601439,2023-01-23,0.32337903336813645,0.31206126263730244,0.01131777073083401,Q4
exit_closed,2023-02-14,,,,,,,,,,,,,,,GEO,buy,Unknown,34.0,11.68876,,,,,,,2744.398284096326,,,,,,,2023-02-01,2023-02-02,0.9948320413436692,ml_p_side,3.0,3.0,ml_first,ML-ranked candidate,0.0,ACCEPTED,OK,0.09911,396.44,34.0,34.0,11.68,transitioned,2023-02-02,2023-02-03,13.18,10.22,0.07,11.68,multiple_r,2023-02-14,11.5506,trailing_stop,trailing_stop,True,,,,,2023-02-02,11.5506,trailing_stop,explicit_replay,392.50440378,-5.032661572000052,-1.182,12.0,False,0.0,,,,,-0.011819902196640308,2023-02-01,0.49689194442114953,0.3364716999910434,0.1604202444301061,Q5
exit_closed,2023-02-17,,,,,,,,,,,,,,,MD,sell,Unknown,29.0,14.65790623115578,,,,,,,2415.433068845606,,,,,,,2023-02-14,2023-02-15,0.9974160206718348,ml_p_side,3.0,1.0,ml_first,ML-ranked candidate,0.0,ACCEPTED,OK,0.1073725,429.49,29.0,29.0,14.68,transitioned,2023-02-15,2023-02-16,12.88,16.52,0.1251,14.68,multiple_r,2023-02-17,16.246444,trailing_stop,trailing_stop,True,,,,,2023-02-15,16.246444,trailing_stop,explicit_replay,-475.6209264276769,-50.67929044362522,-9.7778,2.0,False,0.0,,,,,-0.10837412545781877,2023-02-14,0.34971359289670606,0.2416093368398582,0.10810425605684787,Q4
exit_closed,2023-02-21,,,,,,,,,,,,,,,QGEN,buy,Unknown,17.0,52.96776954364256,,,,,,,3579.562804283356,,,,,,,2023-01-13,2023-01-17,0.9974160206718348,ml_p_side,3.0,2.0,ml_first,ML-ranked candidate,0.0,ACCEPTED,OK,0.2217545306774999,887.01812271,17.0,17.0,52.37354004,transitioned,2023-01-17,2023-01-18,55.49,49.28,0.07,52.37,multiple_r,2023-02-21,48.8034127005,trailing_stop,trailing_stop,True,,,,,2023-01-17,48.8034127005,trailing_stop,explicit_replay,829.2017039997502,-71.52051386684593,-7.8621,35.0,False,0.0,,,,,-0.07862058151630036,2023-01-13,0.20625454350235792,0.20177544517868584,0.004479098323672076,Q4
exit_closed,2023-02-21,,,,,,,,,,,,,,,LTH,buy,Unknown,17.999999999,18.624295968825585,,,,,,,3902.467109165417,,,,,,,2023-02-10,2023-02-13,0.9974160206718348,ml_p_side,2.0,2.0,ml_first,ML-ranked candidate,0.0,ACCEPTED,OK,0.083295,333.18,18.0,17.999999999,18.6,transitioned,2023-02-13,2023-02-14,20.92,15.74,0.07,18.6,multiple_r,2023-02-21,17.948999999999998,trailing_stop,trailing_stop,True,,,,,2023-02-13,17.948999999999998,trailing_stop,explicit_replay,322.9043048820608,-12.43359373640152,-3.6259,8.0,False,0.0,,,,,-0.036258872279303134,2023-02-10,0.5130684249823179,0.39695087334561996,0.1161175516366979,Q5
exit_closed,2023-02-21,,,,,,,,,,,,,,,QFIN,buy,Unknown,13.0,21.400189543682643,,,,,,,4170.415406502917,,,,,,,2023-02-14,2023-02-15,1.0,ml_p_side,1.0,1.0,ml_first,ML-ranked candidate,0.0,ACCEPTED,OK,0.07046,281.84,13.0,13.0,21.2,transitioned,2023-02-15,2023-02-16,24.5,17.86,0.07,21.2,multiple_r,2023-02-21,20.62275,trailing_stop,trailing_stop,True,,,,,2023-02-15,20.62275,trailing_stop,explicit_replay,267.9482973375,-10.337627469594736,-3.6329,6.0,False,0.0,,,,,-0.036328628870118784,2023-02-14,0.5196296268450413,0.4145961315621555,0.1050334952828858,Q4
exit_closed,2023-02-23,,,,,,,,,,,,,,,ZBH,buy,Unknown,5.0,123.4425125,,,,,,,4481.289824255186,,,,,,,2023-01-13,2023-01-17,1.0,ml_p_side,1.0,1.0,ml_first,ML-ranked candidate,0.0,ACCEPTED,OK,0.154225,616.9,5.0,5.0,123.35,transitioned,2023-01-17,2023-01-18,133.21,114.78,0.07,123.35,multiple_r,2023-02-23,123.0204,trailing_stop,trailing_stop,True,,,,,2023-01-17,123.0204,trailing_stop,explicit_replay,614.7636938999999,-2.634032368750013,-0.342,37.0,False,0.0,,,,,-0.0034195067116769007,2023-01-13,0.25148739003294923,0.1595930875466945,0.09189430248625474,Q4
exit_closed,2023-02-27,,,,,,,,,,,,,,,ACI,sell,Unknown,46.0,21.403935,,,,,,,3243.315507689845,,,,,,,2023-02-03,2023-02-06,0.9974160206718348,ml_p_side,2.0,1.0,ml_first,ML-ranked candidate,0.0,REDUCED,max_position_weight atteint,0.2460999999999999,984.4,46.0,46.0,21.42,transitioned,2023-02-06,2023-02-07,20.42,22.25,0.0389,21.42,multiple_r,2023-02-27,20.42,take_profit,take_profit,True,,,,,2023-02-06,20.42,take_profit,explicit_replay,-940.065886909091,43.973603535409,4.8185,21.0,False,0.0,,,,,0.04596981816661272,2023-02-03,0.24871339809582074,0.18902079977415015,0.05969259832167059,Q4
exit_closed,2023-03-01,,,,,,,,,,,,,,,RYAN,buy,Unknown,15.0,43.44216911901983,,,,,,,4057.0012739923454,,,,,,,2023-02-10,2023-02-13,1.0,ml_p_side,1.0,1.0,ml_first,ML-ranked candidate,0.0,ACCEPTED,OK,0.1601624999999999,640.65,15.0,15.0,42.90999999999999,transitioned,2023-02-13,2023-02-14,46.51,39.39,0.07,42.91,multiple_r,2023-03-01,40.6224,trailing_stop,trailing_stop,True,,,,,2023-02-13,40.6224,trailing_stop,explicit_replay,609.0008652,-42.82716134633301,-6.4909,16.0,False,0.0,,,,,-0.06490857100837721,2023-02-10,0.345993957992355,0.20108062249345657,0.14491333549889843,Q5
exit_closed,2023-03-02,,,,,,,,,,,,,,,LTH,buy,Unknown,17.999999999,18.2636875,,,,,,,3846.000223429593,,,,,,,2023-02-21,2023-02-22,0.9974160206718348,ml_p_side,2.0,2.0,ml_first,ML-ranked candidate,0.0,ACCEPTED,OK,0.08109,324.36,18.0,17.999999999,18.25,transitioned,2023-02-22,2023-02-23,20.36,15.28,0.07,18.25,multiple_r,2023-03-02,17.511899999999997,trailing_stop,trailing_stop,True,,,,,2023-02-22,17.511899999999997,trailing_stop,explicit_replay,315.04083217249763,-13.804166721733225,-4.1163,8.0,False,0.0,,,,,-0.041162963393893026,2023-02-21,0.5109641155032576,0.39695087334561996,0.11401324215763764,Q4
exit_closed,2023-03-03,,,,,,,,,,,,,,,IOT,buy,Unknown,19.0,15.6617375,,,,,,,3848.4894502230927,,,,,,,2023-02-23,2023-02-24,1.0,ml_p_side,1.0,1.0,ml_first,ML-ranked candidate,0.0,ACCEPTED,OK,0.07657,306.28000000000003,19.0,19.0,15.65,transitioned,2023-02-24,2023-02-27,18.22,13.52,0.07,15.65,multiple_r,2023-03-03,18.22,take_profit,take_profit,True,,,,,2023-02-24,18.22,take_profit,explicit_replay,345.98960099999994,48.32731659624994,16.3345,7.0,False,0.0,,,,,0.16334474383828734,2023-02-23,0.4936064041804388,0.4125138944291973,0.08109250975124149,Q4
exit_closed,2023-03-07,,,,,,,,,,,,,,,QFIN,buy,Unknown,13.0,20.435315000000003,,,,,,,4462.887033265843,,,,,,,2023-02-21,2023-02-22,1.0,ml_p_side,1.0,1.0,ml_first,ML-ranked candidate,0.0,ACCEPTED,OK,0.065845,263.38,13.0,13.0,20.42,transitioned,2023-02-22,2023-02-23,22.89,16.56,0.07,20.42,multiple_r,2023-03-07,20.6553,trailing_stop,trailing_stop,True,,,,,2023-02-22,20.6553,trailing_stop,explicit_replay,268.37121460500003,2.6324218765000182,1.0765,13.0,False,0.0,,,,,0.010764942943135347,2023-02-21,0.5419789301418287,0.40937616508360425,0.1326027650582245,Q5
exit_closed,2023-03-08,,,,,,,,,,,,,,,LTH,buy,Unknown,19.0,18.073545,,,,,,,4487.640653673592,,,,,,,2023-03-02,2023-03-03,1.0,ml_p_side,1.0,1.0,ml_first,ML-ranked candidate,0.0,ACCEPTED,OK,0.0849299999999999,339.72,19.0,19.0,18.06,transitioned,2023-03-03,2023-03-06,20.2,15.32,0.07,18.06,multiple_r,2023-03-08,18.35448,trailing_stop,trailing_stop,True,,,,,2023-03-03,18.35448,trailing_stop,explicit_replay,348.543315684,5.042941477499994,1.5544,5.0,False,0.0,,,,,0.015543989848145534,2023-03-02,0.5049054184916466,0.38346884112978985,0.12143657736185676,Q5
exit_closed,2023-03-09,,,,,,,,,,,,,,,ACIW,sell,Unknown,15.0,28.29794806451613,,,,,,,4518.950161638539,,,,,,,2023-01-19,2023-01-20,0.9974160206718348,ml_p_side,2.0,1.0,ml_first,ML-ranked candidate,0.0,ACCEPTED,OK,0.106725,426.9,15.0,15.0,28.62,transitioned,2023-01-20,2023-01-23,24.76,31.76,0.1096,28.62,multiple_r,2023-03-09,24.76,take_profit,take_profit,True,,,,,2023-01-20,24.76,take_profit,explicit_replay,-371.60427,52.49505636089862,14.289,48.0,False,0.0,,,,,0.12502489779294268,2023-01-19,0.34080086345009813,0.3921839986286659,-0.05138313517856774,Q3
exit_closed,2023-03-09,,,,,,,,,,,,,,,ELAN,sell,Unknown,25.0,11.63127,,,,,,,4265.571916276534,,,,,,,2023-02-21,2023-02-22,0.9948320413436692,ml_p_side,4.0,2.0,ml_first,ML-ranked candidate,0.0,ACCEPTED,OK,0.072625,290.5,25.0,25.0,11.64,transitioned,2023-02-22,2023-02-23,10.11,13.58,0.1664999999999999,11.64,multiple_r,2023-03-09,10.11,take_profit,take_profit,True,,,,,2023-02-22,10.11,take_profit,explicit_replay,-253.32632004950491,37.316270112995056,15.0472,15.0,False,0.0,,,,,0.1307913925134574,2023-02-21,0.3830249739813366,0.39809670411668796,-0.015071730135351347,Q3
exit_closed,2023-03-09,,,,,,,,,,,,,,,EWBC,buy,Unknown,7.0,75.1263025,,,,,,,4759.1163674490335,,,,,,,2023-03-01,2023-03-02,0.9974160206718348,ml_p_side,2.0,2.0,ml_first,ML-ranked candidate,0.0,ACCEPTED,OK,0.1327024999999999,530.81,7.0,7.0,75.07000000000001,transitioned,2023-03-02,2023-03-03,83.07,69.5,0.07,75.07,multiple_r,2023-03-09,70.54514999999999,trailing_stop,trailing_stop,True,,,,,2023-03-02,70.54514999999999,trailing_stop,explicit_replay,493.5444511724999,-32.49743156275002,-6.0979,7.0,False,0.0,,,,,-0.06097934208861144,2023-03-01,0.26880166293822827,0.2777054124830392,-0.008903749544810935,Q3
exit_closed,2023-03-09,,,,,,,,,,,,,,,LNC,sell,Unknown,11.0,31.4663825,,,,,,,4458.308659155909,,,,,,,2023-03-03,2023-03-06,0.9974160206718348,ml_p_side,2.0,1.0,ml_first,ML-ranked candidate,0.0,ACCEPTED,OK,0.0863775,345.51,11.0,11.0,31.49,transitioned,2023-03-06,2023-03-07,27.33,35.64,0.1317,31.49,multiple_r,2023-03-09,27.33,take_profit,take_profit,True,,,,,2023-03-06,27.33,take_profit,explicit_replay,-300.7953465,45.21866014462503,15.135,3.0,False,0.0,,,,,0.13145402081094015,2023-03-03,0.47835338704612385,0.40845127133422127,0.06990211571190258,Q4
exit_closed,2023-03-10,,,,,,,,,,,,,,,PCOR,buy,Unknown,5.0,64.7385175,,,,,,,5014.744814565175,,,,,,,2023-03-07,2023-03-08,1.0,ml_p_side,1.0,1.0,ml_first,ML-ranked candidate,0.0,ACCEPTED,OK,0.0810625,324.25,5.0,5.0,64.69,transitioned,2023-03-08,2023-03-09,73.28,55.16,0.07,64.69,multiple_r,2023-03-10,60.7755,trailing_stop,trailing_stop,True,,,,,2023-03-08,60.7755,trailing_stop,explicit_replay,303.7103673749999,-20.079327901250053,-6.1216,2.0,False,0.0,,,,,-0.06121575922710931,2023-03-07,0.49411762517693575,0.39695087334561996,0.09716675183131579,Q4
exit_closed,2023-03-13,,,,,,,,,,,,,,,SPHR,sell,Unknown,12.0,27.919045,,,,,,,5254.837981757675,,,,,,,2023-02-17,2023-02-21,0.9974160206718348,ml_p_side,3.0,1.0,ml_first,ML-ranked candidate,0.0,ACCEPTED,OK,0.08516397228,340.65588912,12.0,12.0,27.94,transitioned,2023-02-21,2023-02-22,24.7,32.41,0.1599,27.94,multiple_r,2023-03-13,24.7,take_profit,take_profit,True,,,,,2023-02-21,24.7,take_profit,explicit_replay,-296.56302,38.28524273800001,13.0326,20.0,False,0.0,,,,,0.1152992518189645,2023-02-17,0.3138113345599482,0.4079149958352821,-0.09410366127533393,Q3
exit_closed,2023-03-13,,,,,,,,,,,,,,,NVCR,buy,Unknown,4.0,70.48282250000001,,,,,,,5516.693481977675,,,,,,,2023-03-09,2023-03-10,0.9974160206718348,ml_p_side,2.0,2.0,ml_first,ML-ranked candidate,0.0,ACCEPTED,OK,0.0707,282.8,4.0,4.0,70.43,transitioned,2023-03-10,2023-03-13,79.89,59.6,0.07,70.43,multiple_r,2023-03-13,65.4999,trailing_stop,trailing_stop,True,,,,,2023-03-10,65.4999,trailing_stop,explicit_replay,261.85550021999995,-20.160369167000056,-7.0697,3.0,False,0.0,,,,,-0.07069697726704993,2023-03-09,0.5382359668201543,0.43169764538573374,0.10653832143442055,Q4
exit_closed,2023-03-14,,,,,,,,,,,,,,,ALHC,buy,Unknown,25.0,6.503901814449918,,,,,,,6097.775065395496,,,,,,,2023-03-09,2023-03-10,1.0,ml_p_side,1.0,1.0,ml_first,ML-ranked candidate,0.0,ACCEPTED,OK,0.040625,162.5,25.0,25.0,6.49,transitioned,2023-03-10,2023-03-13,7.34,4.52,0.07,6.49,multiple_r,2023-03-14,6.28215,trailing_stop,trailing_stop,True,,,,,2023-03-10,6.28215,trailing_stop,explicit_replay,156.75250159344657,-5.893823031409767,-3.4095,4.0,False,0.0,,,,,-0.034095197125707744,2023-03-09,0.5662147503561237,0.43276487791330887,0.1334498724428148,Q5
exit_closed,2023-03-16,,,,,,,,,,,,,,,LYFT,buy,Unknown,26.0,8.293339999999999,,,,,,,5867.3606608432365,,,,,,,2023-03-14,2023-03-15,0.9974160206718348,ml_p_side,3.0,2.0,ml_first,ML-ranked candidate,0.0,ACCEPTED,OK,0.0553149999999999,221.26,26.0,26.0,8.28,transitioned,2023-03-15,2023-03-16,9.62,6.65,0.07,8.28,multiple_r,2023-03-16,9.62,take_profit,take_profit,True,,,,,2023-03-15,9.62,take_profit,explicit_replay,249.9147609807392,34.22323292873921,15.9967,1.0,False,0.0,,,,,0.15996691320987688,2023-03-14,0.5368639116356219,0.45261521633167806,0.0842486953039438,Q4
exit_closed,2023-03-17,,,,,,,,,,,,,,,NVCR,buy,Unknown,4.0,66.1395675,,,,,,,5769.945974292083,,,,,,,2023-03-14,2023-03-15,1.0,ml_p_side,1.0,1.0,ml_first,ML-ranked candidate,0.0,ACCEPTED,OK,0.06728,269.12,4.0,4.0,66.09,transitioned,2023-03-15,2023-03-16,76.03,55.64,0.07,66.09,multiple_r,2023-03-17,61.6869,trailing_stop,trailing_stop,True,,,,,2023-03-15,61.6869,trailing_stop,explicit_replay,246.61188882,-18.025748660999994,-6.7322,2.0,False,0.0,,,,,-0.06732229538694812,2023-03-14,0.5409554394681476,0.43169764538573374,0.10925779408241387,Q4
exit_closed,2023-03-27,,,,,,,,,,,,,,,COO,sell,Unknown,5.0,84.89128375,,,,,,,5091.351655485978,,,,,,,2023-03-13,2023-03-14,0.9948320413436692,ml_p_side,3.0,2.0,ml_first,ML-ranked candidate,0.0,ACCEPTED,OK,0.1043625,417.45,5.0,5.0,84.955,transitioned,2023-03-14,2023-03-15,73.75,92.01,0.083,84.95,multiple_r,2023-03-27,89.656155,trailing_stop,trailing_stop,True,,,,,2023-03-14,89.656155,trailing_stop,explicit_replay,-448.5273294262501,-24.26393728572921,-5.3146,13.0,False,0.0,,,,,-0.05612909876627947,2023-03-13,0.19885239933861282,0.17999405038623872,0.018858348952374093,Q4
exit_closed,2023-03-30,,,,,,,,,,,,,,,MIR,sell,Unknown,34.0,7.985795918367347,,,,,,,4546.417668757063,,,,,,,2023-03-09,2023-03-10,0.9948320413436692,ml_p_side,4.0,2.0,ml_first,ML-ranked candidate,0.0,ACCEPTED,OK,0.068255,273.02,34.0,34.0,8.0,transitioned,2023-03-10,2023-03-13,6.99,9.48,0.1851,8.0,multiple_r,2023-03-30,8.29937381,trailing_stop,trailing_stop,True,,,,,2023-03-10,8.29937381,trailing_stop,explicit_replay,-282.333907830247,-10.96294864346373,-3.7783,20.0,False,0.0,,,,,-0.03926695533396041,2023-03-09,0.4741674542626512,0.3430885523202257,0.1310789019424255,Q5
exit_closed,2023-03-31,,,,,,,,,,,,,,,FIVN,sell,Unknown,3.0,68.248775,,,,,,,4901.8578697767625,,,,,,,2023-02-27,2023-02-28,0.9948320413436692,ml_p_side,4.0,2.0,ml_first,ML-ranked candidate,0.0,ACCEPTED,OK,0.0511125,204.45,3.0,3.0,68.3,transitioned,2023-02-28,2023-03-01,59.29,82.05,0.2014,68.3,multiple_r,2023-03-31,71.399202,trailing_stop,trailing_stop,True,,,,,2023-02-28,71.399202,trailing_stop,explicit_replay,-214.3154146833,-9.706074724550028,-4.4124,31.0,False,0.0,,,,,-0.04616093109363506,2023-02-27,0.4866916799980022,0.407951201616532,0.07874047838147025,Q4
exit_closed,2023-04-05,,,,,,,,,,,,,,,GLBE,buy,Unknown,8.999999999,29.161855000000003,,,,,,,4786.511100912296,,,,,,,2023-03-27,2023-03-28,1.0,ml_p_side,1.0,1.0,ml_first,ML-ranked candidate,0.0,ACCEPTED,OK,0.0657899999999999,263.16,9.0,8.999999999,29.14,transitioned,2023-03-28,2023-03-29,33.04,24.18,0.07,29.14,multiple_r,2023-04-05,30.5133,trailing_stop,trailing_stop,True,,,,,2023-03-28,30.5133,trailing_stop,explicit_replay,274.46865913450347,11.933227155174052,4.6343,8.0,False,0.0,,,,,0.046342902397669805,2023-03-27,0.5143067516925666,0.43920643768338974,0.07510031400917683,Q4
exit_closed,2023-04-05,,,,,,,,,,,,,,,RELY,buy,Unknown,23.0,16.94341384536685,,,,,,,5163.195610422295,,,,,,,2023-03-31,2023-04-03,1.0,ml_p_side,1.0,1.0,ml_first,ML-ranked candidate,0.0,ACCEPTED,OK,0.0974625,389.85,23.0,23.0,16.93,transitioned,2023-04-03,2023-04-04,19.15,14.79,0.07,16.93,multiple_r,2023-04-05,16.3866,trailing_stop,trailing_stop,True,,,,,2023-04-03,16.3866,trailing_stop,explicit_replay,376.68450951000005,-13.130918488970565,-3.2863,2.0,False,0.0,,,,,-0.03286314378250932,2023-03-31,0.5090139006845714,0.39922045193422,0.10979344875035141,Q4
exit_closed,2023-04-11,,,,,,,,,,,,,,,NVCR,buy,Unknown,4.0,57.48308,,,,,,,4827.1679163645285,,,,,,,2023-03-17,2023-03-20,1.0,ml_p_side,1.0,1.0,ml_first,ML-ranked candidate,0.0,ACCEPTED,OK,0.05707,228.28,4.0,4.0,57.44,transitioned,2023-03-20,2023-03-21,64.49,44.63,0.07,57.44,multiple_r,2023-04-11,64.49,take_profit,take_profit,True,,,,,2023-03-20,64.49,take_profit,explicit_replay,257.818122,27.81682230399997,12.1895,22.0,False,0.0,,,,,0.12189534729175944,2023-03-17,0.5368639116356219,0.43153612837508,0.10532778326054187,Q4
exit_closed,2023-04-18,,,,,,,,,,,,,,,IOT,buy,Unknown,16.0,19.5446475,,,,,,,4861.048958056528,,,,,,,2023-04-11,2023-04-12,0.9974160206718348,ml_p_side,2.0,2.0,ml_first,ML-ranked candidate,0.0,ACCEPTED,OK,0.07676,307.04,16.0,16.0,19.53,transitioned,2023-04-12,2023-04-13,21.68,16.14,0.07,19.53,multiple_r,2023-04-18,21.68,take_profit,take_profit,True,,,,,2023-04-12,21.68,take_profit,explicit_replay,346.689216,33.881041692,10.9255,6.0,False,0.0,,,,,0.10925510424273455,2023-04-11,0.5360516715083417,0.4007058400038791,0.13534583150446255,Q5
exit_closed,2023-04-19,,,,,,,,,,,,,,,KD,buy,Unknown,25.0,13.756935934065934,,,,,,,4968.487109676426,,,,,,,2023-03-16,2023-03-17,1.0,ml_p_side,1.0,1.0,ml_first,ML-ranked candidate,0.0,ACCEPTED,OK,0.086875,347.5,25.0,25.0,13.74,transitioned,2023-03-17,2023-03-20,15.71,11.94,0.07,13.74,multiple_r,2023-04-19,14.0244,trailing_stop,trailing_stop,True,,,,,2023-03-17,14.0244,trailing_stop,explicit_replay,350.25911973300634,6.232544361852547,1.9442,33.0,False,0.0,,,,,0.019442124846402065,2023-03-16,0.51418031927506,0.3960102660750111,0.11817005320004892,Q5
exit_closed,2023-04-21,,,,,,,,,,,,,,,TAL,buy,Unknown,38.0,6.388109043947572,,,,,,,4880.536864577676,,,,,,,2023-04-18,2023-04-19,0.9974160206718348,ml_p_side,2.0,2.0,ml_first,ML-ranked candidate,0.0,ACCEPTED,OK,0.0619399999999999,247.76,38.0,38.0,6.38,transitioned,2023-04-19,2023-04-20,7.37,5.23,0.07,6.38,multiple_r,2023-04-21,6.370499999999999,trailing_stop,trailing_stop,True,,,,,2023-04-19,6.370499999999999,trailing_stop,explicit_replay,241.94585654999997,-0.8751115631087885,-0.2757,2.0,False,0.0,,,,,-0.0027565346531234214,2023-04-18,0.5565971276164376,0.4414862388090308,0.11511088880740683,Q4
exit_closed,2023-04-24,,,,,,,,,,,,,,,GLBE,buy,Unknown,8.0,29.251922500000003,,,,,,,5792.610463900176,,,,,,,2023-04-05,2023-04-06,0.9974160206718348,ml_p_side,2.0,2.0,ml_first,ML-ranked candidate,0.0,ACCEPTED,OK,0.05886,235.44,8.0,8.0,29.23,transitioned,2023-04-06,2023-04-10,33.26,23.77,0.07,29.23,multiple_r,2023-04-24,28.8021,trailing_stop,trailing_stop,True,,,,,2023-04-06,28.8021,trailing_stop,explicit_replay,230.29007076,-3.7955138540000632,-1.5378,18.0,False,0.0,,,,,-0.01537753629697336,2023-04-05,0.5158002769754708,0.4145961315621555,0.1012041454133153,Q4
exit_closed,2023-04-25,,,,,,,,,,,,,,,RELY,buy,Unknown,22.0,16.3478334428656,,,,,,,5877.238640707808,,,,,,,2023-04-05,2023-04-06,1.0,ml_p_side,1.0,1.0,ml_first,ML-ranked candidate,0.0,ACCEPTED,OK,0.090695,362.78,22.0,22.0,16.33,transitioned,2023-04-06,2023-04-10,18.63,14.27,0.07,16.33,multiple_r,2023-04-25,16.9074,trailing_stop,trailing_stop,True,,,,,2023-04-06,16.9074,trailing_stop,explicit_replay,371.6292763151312,11.869044871365134,3.4229,19.0,False,0.0,,,,,0.03422878995495271,2023-04-05,0.5203889616397922,0.39922045193422,0.12116850970557219,Q5
exit_closed,2023-04-25,,,,,,,,,,,,,,,IOT,buy,Unknown,15.0,21.9864775,,,,,,,6192.209761260308,,,,,,,2023-04-19,2023-04-20,0.9974160206718348,ml_p_side,2.0,2.0,ml_first,ML-ranked candidate,0.0,ACCEPTED,OK,0.0827625,331.05,15.0,15.0,21.969999999999995,transitioned,2023-04-20,2023-04-21,24.94,18.89,0.07,21.97,multiple_r,2023-04-25,21.00963,trailing_stop,trailing_stop,True,,,,,2023-04-20,21.00963,trailing_stop,explicit_replay,314.9711205525,-14.924981096249953,-4.4429,5.0,False,0.0,,,,,-0.04442946806736081,2023-04-19,0.5360516715083417,0.40257630029634883,0.13347537121199282,Q5
exit_closed,2023-04-27,,,,,,,,,,,,,,,MKC,sell,Unknown,7.0,81.42888249999999,,,,,,,4858.782270992182,,,,,,,2023-03-30,2023-03-31,0.9974160206718348,ml_p_side,2.0,1.0,ml_first,ML-ranked candidate,0.0,ACCEPTED,OK,0.1417675,567.07,7.0,7.0,81.49,transitioned,2023-03-31,2023-04-03,73.66,87.44,0.073,81.49,multiple_r,2023-04-27,87.43876999999999,trailing_stop,trailing_stop,True,,,,,2023-03-31,87.43876999999999,trailing_stop,explicit_replay,-612.4080292645,-42.76006740337505,-6.8733,27.0,False,0.0,,,,,-0.07380535401551169,2023-03-30,0.1997504407749098,0.15468515796930024,0.04506528280560956,Q4
exit_closed,2023-04-27,,,,,,,,,,,,,,,BAX,sell,Unknown,15.0,45.465875,,,,,,,4142.460517265932,,,,,,,2023-04-21,2023-04-24,0.9974160206718348,ml_p_side,2.0,1.0,ml_first,ML-ranked candidate,0.0,ACCEPTED,OK,0.1698375,679.35,15.0,15.0,45.5,transitioned,2023-04-24,2023-04-25,41.56,48.55,0.067,45.5,multiple_r,2023-04-27,47.72691,trailing_stop,trailing_stop,True,,,,,2023-04-24,47.72691,trailing_stop,explicit_replay,-716.2973970075,-34.53822516374996,-4.7374,3.0,False,0.0,,,,,-0.04973037470410491,2023-04-21,0.2527682077673468,0.3152890453824818,-0.062520837615135,Q3
exit_closed,2023-04-27,,,,,,,,,,,,,,,IOT,buy,Unknown,14.0,20.17512,,,,,,,4404.788405300511,,,,,,,2023-04-25,2023-04-26,0.9974160206718348,ml_p_side,2.0,2.0,ml_first,ML-ranked candidate,0.0,ACCEPTED,OK,0.069055,276.22,14.0,14.0,20.16,transitioned,2023-04-26,2023-04-27,22.29,16.36,0.07,20.16,multiple_r,2023-04-27,18.7581,trailing_stop,trailing_stop,True,,,,,2023-04-26,18.7581,trailing_stop,explicit_replay,262.3278880345788,-20.2085274694212,-7.0236,1.0,False,0.0,,,,,-0.07023601346609099,2023-04-25,0.5378982176652268,0.4118562156539869,0.12604200201123994,Q5
exit_closed,2023-04-28,,,,,,,,,,,,,,,GLBE,buy,Unknown,10.0,28.6915025,,,,,,,5689.737625035512,,,,,,,2023-04-24,2023-04-25,0.9974160206718348,ml_p_side,2.0,2.0,ml_first,ML-ranked candidate,0.0,ACCEPTED,OK,0.072775,291.1,10.0,10.0,28.670000000000005,transitioned,2023-04-25,2023-04-26,32.89,24.33,0.07,28.67,multiple_r,2023-04-28,26.8119,trailing_stop,trailing_stop,True,,,,,2023-04-25,26.8119,trailing_stop,explicit_replay,267.97153454999994,-19.029564957500043,-6.5511,3.0,False,0.0,,,,,-0.065510772745345,2023-04-24,0.5582862993883696,0.4145961315621555,0.14369016782621408,Q5
exit_closed,2023-05-02,,,,,,,,,,,,,,,SFM,sell,Unknown,13.0,32.7754,,,,,,,4376.200064785596,,,,,,,2023-03-09,2023-03-10,0.9974160206718348,ml_p_side,3.0,1.0,ml_first,ML-ranked candidate,0.0,ACCEPTED,OK,0.10894,435.7600000000001,13.0,13.0,32.8,transitioned,2023-03-10,2023-03-13,29.27,37.24,0.1354,32.8,multiple_r,2023-05-02,36.55988,trailing_stop,trailing_stop,True,,,,,2023-03-10,36.55988,trailing_stop,explicit_replay,-475.539843142,-49.85630351866664,-10.3515,53.0,False,0.0,,,,,-0.11546708812096895,2023-03-09,0.2871350397489804,0.258273814498606,0.028861225250374434,Q4
exit_closed,2023-05-02,,,,,,,,,,,,,,,IOT,buy,Unknown,14.0,18.8241075,,,,,,,4620.971566375596,,,,,,,2023-04-27,2023-04-28,0.9974160206718348,ml_p_side,2.0,2.0,ml_first,ML-ranked candidate,0.0,ACCEPTED,OK,0.066675,266.7,14.0,14.0,18.81,transitioned,2023-04-28,2023-05-01,21.53,15.71,0.07,18.81,multiple_r,2023-05-02,17.493299999999998,trailing_stop,trailing_stop,True,,,,,2023-04-28,17.493299999999998,trailing_stop,explicit_replay,244.77150159,-18.845064661500032,-7.0697,4.0,False,0.0,,,,,-0.07069697726704982,2023-04-27,0.521824015713261,0.4118562156539869,0.10996780005927409,Q4
exit_closed,2023-05-02,,,,,,,,,,,,,,,LEG,sell,Unknown,22.0,32.1458725,,,,,,,3888.484601884263,,,,,,,2023-04-27,2023-04-28,0.9948320413436692,ml_p_side,4.0,2.0,ml_first,ML-ranked candidate,0.0,ACCEPTED,OK,0.17589,703.5600000000001,22.0,22.0,32.17,transitioned,2023-04-28,2023-05-01,29.44,34.2,0.0630999999999999,32.17,multiple_r,2023-05-02,33.27503,trailing_stop,trailing_stop,True,,,,,2023-04-28,33.27503,trailing_stop,explicit_replay,-732.453287863,-25.48993224983329,-3.3934,4.0,False,0.0,,,,,-0.03512604923073703,2023-04-27,0.3155949488364031,0.30242007379782554,0.01317487503857756,Q4
exit_closed,2023-05-05,,,,,,,,,,,,,,,TAL,buy,Unknown,39.0,5.243930000000001,,,,,,,4286.861473272875,,,,,,,2023-05-02,2023-05-03,0.9948320413436692,ml_p_side,5.0,3.0,ml_first,ML-ranked candidate,0.0,ACCEPTED,OK,0.051285,205.14,39.0,39.0,5.24,transitioned,2023-05-03,2023-05-04,5.94,3.99,0.07,5.24,multiple_r,2023-05-05,5.94,take_profit,take_profit,True,,,,,2023-05-03,5.94,take_profit,explicit_replay,231.532587,26.957963018999976,13.2738,2.0,False,0.0,,,,,0.1327382325851032,2023-05-02,0.5261101580371781,0.4414862388090308,0.08462391922814727,Q4
exit_closed,2023-05-10,,,,,,,,,,,,,,,NYT,buy,Unknown,21.0,39.8798875,,,,,,,4701.111715325375,,,,,,,2023-04-28,2023-05-01,0.9948320413436692,ml_p_side,5.0,3.0,ml_first,ML-ranked candidate,0.0,ACCEPTED,OK,0.2086875,834.75,21.0,21.0,39.85,transitioned,2023-05-01,2023-05-02,42.41,37.43,0.07,39.85,multiple_r,2023-05-10,37.6371,trailing_stop,trailing_stop,True,,,,,2023-05-01,37.6371,trailing_stop,explicit_replay,789.9443914949999,-47.78448929625017,-5.6239,9.0,False,0.0,,,,,-0.056238561355019034,2023-04-28,0.2877827236436673,0.29038954752920915,-0.0026068238855418424,Q3
exit_closed,2023-05-10,,,,,,,,,,,,,,,IOT,buy,Unknown,14.0,17.312975,,,,,,,4973.122027325375,,,,,,,2023-05-02,2023-05-03,0.9974160206718348,ml_p_side,2.0,2.0,ml_first,ML-ranked candidate,0.0,ACCEPTED,OK,0.0602,240.8,14.0,14.0,17.3,transitioned,2023-05-03,2023-05-04,19.44,13.81,0.07,17.3,multiple_r,2023-05-10,19.44,take_profit,take_profit,True,,,,,2023-05-03,19.44,take_profit,explicit_replay,272.010312,29.555947504999978,12.2857,7.0,False,0.0,,,,,0.12285727900606336,2023-05-02,0.5382375938430155,0.4118562156539869,0.12638137818902861,Q5
exit_closed,2023-05-11,,,,,,,,,,,,,,,TTD,buy,Unknown,6.0,62.5969125,,,,,,,6349.005164812375,,,,,,,2023-05-05,2023-05-08,1.0,ml_p_side,1.0,1.0,ml_first,ML-ranked candidate,0.0,ACCEPTED,OK,0.09405,376.2000000000001,6.0,6.0,62.54999999999999,transitioned,2023-05-08,2023-05-09,70.85,55.26,0.07,62.55,multiple_r,2023-05-11,61.7706,trailing_stop,trailing_stop,True,,,,,2023-05-08,61.7706,trailing_stop,explicit_replay,370.41975702,-5.274392422500057,-1.3201,3.0,False,0.0,,,,,-0.013200531256234105,2023-05-05,0.5189351250748967,0.4427608868823342,0.07617423819256247,Q4
exit_closed,2023-05-15,,,,,,,,,,,,,,,RELY,buy,Unknown,26.0,16.85263,,,,,,,6520.297267632374,,,,,,,2023-04-25,2023-04-26,1.0,ml_p_side,1.0,1.0,ml_first,ML-ranked candidate,0.0,ACCEPTED,OK,0.1090049999999999,436.02,26.0,26.0,16.84,transitioned,2023-04-26,2023-04-27,18.95,14.86,0.07,16.84,multiple_r,2023-05-15,18.95,take_profit,take_profit,True,,,,,2023-04-26,18.95,take_profit,explicit_replay,492.429015,54.12918448599987,12.4454,19.0,False,0.0,,,,,0.12445357193506279,2023-04-25,0.5283150155376026,0.4067398320141407,0.12157518352346192,Q5
exit_closed,2023-05-19,,,,,,,,,,,,,,,GENI,buy,Unknown,58.0,4.823615,,,,,,,6558.108854731374,,,,,,,2023-05-15,2023-05-16,1.0,ml_p_side,1.0,1.0,ml_first,ML-ranked candidate,0.0,ACCEPTED,OK,0.0703249999999999,281.29999999999995,58.0,58.0,4.82,transitioned,2023-05-16,2023-05-17,5.48,4.0,0.07,4.82,multiple_r,2023-05-19,5.48,take_profit,take_profit,True,,,,,2023-05-16,5.48,take_profit,explicit_replay,317.665188,37.81158709900001,13.6077,3.0,False,0.0,,,,,0.13607740252901612,2023-05-15,0.5788485813162456,0.47371755977968805,0.10513102153655757,Q4
exit_closed,2023-05-25,,,,,,,,,,,,,,,NLY,sell,Unknown,29.0,19.78515,,,,,,,5171.823038191656,,,,,,,2023-04-27,2023-04-28,0.9974160206718348,ml_p_side,3.0,1.0,ml_first,ML-ranked candidate,0.0,ACCEPTED,OK,0.1430425,572.17,29.0,29.0,19.8,transitioned,2023-04-28,2023-05-01,17.79,21.43,0.0824,19.8,multiple_r,2023-05-25,17.79,take_profit,take_profit,True,,,,,2023-04-28,17.79,take_profit,explicit_replay,-516.1937505,57.21904283250013,11.215,27.0,False,0.0,,,,,0.10084078210172798,2023-04-27,0.19852966864439922,0.22816121617421598,-0.029631547529816754,Q3
exit_closed,2023-05-25,,,,,,,,,,,,,,,AAP,sell,Unknown,5.0,124.926235,,,,,,,4598.253700495823,,,,,,,2023-05-10,2023-05-11,0.9974160206718348,ml_p_side,2.0,1.0,ml_first,ML-ranked candidate,0.0,ACCEPTED,OK,0.15725,629.0,5.0,5.0,125.02,transitioned,2023-05-11,2023-05-12,114.63,135.57,0.0843999999999999,125.02,multiple_r,2023-05-25,114.63,take_profit,take_profit,True,,,,,2023-05-11,114.63,take_profit,explicit_replay,-573.4652325,50.87444795166673,8.9821,14.0,False,0.0,,,,,0.082418516815143,2023-05-10,0.18090030547133074,0.26910300545388033,-0.08820269998254959,Q3
exit_closed,2023-05-26,,,,,,,,,,,,,,,COO,buy,Unknown,8.999999999,96.62741625,,,,,,,4918.788810902816,,,,,,,2023-05-19,2023-05-22,0.9974160206718348,ml_p_side,1.0,2.0,ml_first,ML-ranked candidate,0.0,ACCEPTED,OK,0.21718125,868.725,9.0,8.999999999,96.555,transitioned,2023-05-22,2023-05-23,102.6,91.21,0.07,96.55,multiple_r,2023-05-26,91.807275,trailing_stop,trailing_stop,True,,,,,2023-05-22,91.807275,trailing_stop,explicit_replay,825.811028896993,-44.0966112802256,-4.9884,4.0,False,0.0,,,,,-0.04988378492423973,2023-05-19,0.19913282547723402,0.19118682844170262,0.007945997035531394,Q4
exit_closed,2023-05-31,,,,,,,,,,,,,,,TTC,sell,Unknown,5.0,107.379405,,,,,,,3472.2750067138168,,,,,,,2023-03-10,2023-03-13,0.9948320413436692,ml_p_side,3.0,2.0,ml_first,ML-ranked candidate,0.0,ACCEPTED,OK,0.1366125,546.45,5.0,5.0,107.46,transitioned,2023-03-13,2023-03-14,99.33,118.0,0.0981,107.46,multiple_r,2023-05-31,99.33,take_profit,take_profit,True,,,,,2023-03-13,99.33,take_profit,explicit_replay,-496.9231575,39.30785952374998,8.1037,79.0,False,0.0,,,,,0.07496227977795189,2023-03-10,0.1940018764471515,0.21117451682831798,-0.017172640381166476,Q3
exit_closed,2023-06-01,,,,,,,,,,,,,,,TTD,buy,Unknown,5.0,64.20812,,,,,,,4477.196707896302,,,,,,,2023-05-11,2023-05-12,1.0,ml_p_side,1.0,1.0,ml_first,ML-ranked candidate,0.0,ACCEPTED,OK,0.0806625,322.65,5.0,5.0,64.16,transitioned,2023-05-12,2023-05-15,72.92,56.06,0.07,64.16,multiple_r,2023-06-01,72.92,take_profit,take_profit,True,,,,,2023-05-12,72.92,take_profit,explicit_replay,364.39947,43.2625578200001,13.5682,20.0,False,0.0,,,,,0.13568190440710626,2023-05-11,0.5274838592982339,0.4427608868823342,0.08472297241589971,Q4
exit_closed,2023-06-02,,,,,,,,,,,,,,,LAUR,sell,Unknown,34.0,11.8610975,,,,,,,3790.339907219904,,,,,,,2023-03-08,2023-03-09,0.9974160206718348,ml_p_side,2.0,1.0,ml_first,ML-ranked candidate,0.0,ACCEPTED,OK,0.10115,404.6,34.0,34.0,11.869999999999996,transitioned,2023-03-09,2023-03-10,10.35,13.36,0.1256,11.87,multiple_r,2023-06-02,12.505416,trailing_stop,trailing_stop,True,,,,,2023-03-09,12.505416,trailing_stop,explicit_replay,-425.6529385240988,-22.90468495401552,-5.1523,85.0,False,0.0,,,,,-0.05432199676294713,2023-03-08,0.3588603628077221,0.30912626218289735,0.04973410062482475,Q4
exit_closed,2023-06-05,,,,,,,,,,,,,,,GENI,buy,Unknown,46.0,5.667773231441048,,,,,,,3905.185653186248,,,,,,,2023-06-01,2023-06-02,0.9974160206718348,ml_p_side,2.0,2.0,ml_first,ML-ranked candidate,0.0,ACCEPTED,OK,0.06417,256.68,46.0,46.0,5.66,transitioned,2023-06-02,2023-06-05,6.31,4.51,0.07,5.66,multiple_r,2023-06-05,6.31,take_profit,take_profit,True,,,,,2023-06-02,6.31,take_profit,explicit_replay,289.91941981659386,29.12363589971176,11.3312,3.0,False,0.0,,,,,0.11331200849679424,2023-06-01,0.5788485813162456,0.4517159647705385,0.12713261654570712,Q5
exit_closed,2023-06-06,,,,,,,,,,,,,,,MKC,buy,Unknown,11.0,86.2546425,,,,,,,5420.353180225203,,,,,,,2023-05-26,2023-05-30,1.0,ml_p_side,1.0,1.0,ml_first,ML-ranked candidate,0.0,ACCEPTED,OK,0.2390575,956.23,11.0,11.0,86.19,transitioned,2023-05-30,2023-05-31,91.88,82.6,0.07,86.19,multiple_r,2023-06-06,91.88,take_profit,take_profit,True,,,,,2023-05-30,91.88,take_profit,explicit_replay,1010.124126,61.03841817975001,6.5218,7.0,False,0.0,,,,,0.0652180258007562,2023-05-26,0.2041323072917474,0.17368734082787077,0.03044496646387662,Q4
exit_closed,2023-06-07,,,,,,,,,,,,,,,LEG,sell,Unknown,19.0,32.31881526903396,,,,,,,4554.942361567656,,,,,,,2023-05-02,2023-05-03,0.9974160206718348,ml_p_side,3.0,1.0,ml_first,ML-ranked candidate,0.0,ACCEPTED,OK,0.15352,614.08,19.0,19.0,32.34,transitioned,2023-05-03,2023-05-04,29.41,34.86,0.078,32.34,multiple_r,2023-06-07,32.5556,trailing_stop,trailing_stop,True,,,,,2023-05-03,32.5556,trailing_stop,explicit_replay,-618.8966060199999,-5.279190442934691,-0.7273,35.0,False,0.0,,,,,-0.007326528803576204,2023-05-02,0.3180814698639492,0.31648843487118355,0.0015930349927656406,Q3
exit_closed,2023-06-07,,,,,,,,,,,,,,,MNDY,buy,Unknown,1.0,175.0211675,,,,,,,4726.445879657627,,,,,,,2023-06-02,2023-06-05,0.9974160206718348,ml_p_side,2.0,2.0,ml_first,ML-ranked candidate,0.0,ACCEPTED,OK,0.04375,175.0,1.0,1.0,174.89,transitioned,2023-06-05,2023-06-06,197.75,146.12,0.07,174.89,multiple_r,2023-06-07,171.678,trailing_stop,trailing_stop,True,,,,,2023-06-05,171.678,trailing_stop,explicit_replay,171.50351808997135,-3.570155760278624,-1.9102,2.0,False,0.0,,,,,-0.019101503822387622,2023-06-02,0.537321952338379,0.42467654976910424,0.11264540256927474,Q4
exit_closed,2023-06-09,,,,,,,,,,,,,,,DAR,sell,Unknown,6.0,63.5223225,,,,,,,4107.167798270561,,,,,,,2023-05-10,2023-05-11,0.9948320413436692,ml_p_side,3.0,2.0,ml_first,ML-ranked candidate,0.0,ACCEPTED,OK,0.09501,380.04,6.0,6.0,63.56999999999999,transitioned,2023-05-11,2023-05-12,55.11,70.71,0.1124,63.57,multiple_r,,,,,,,,,,2023-05-11,63.09,time_stop,intrabar_resolution,-378.74819700000006,2.1398158657499526,0.6852,29.0,False,0.0,,,,,0.006805835854002296,2023-05-10,0.296593670987455,0.35696410875641127,-0.06037043776895629,Q3
exit_closed,2023-06-13,,,,,,,,,,,,,,,BNL,sell,Unknown,41.0,15.62718159795462,,,,,,,3247.734138101488,,,,,,,2023-05-31,2023-06-01,0.9974160206718348,ml_p_side,2.0,1.0,ml_first,ML-ranked candidate,0.0,ACCEPTED,OK,0.16072,642.88,41.0,41.0,15.64,transitioned,2023-06-01,2023-06-02,14.29,16.9,0.0803,15.64,multiple_r,2023-06-13,16.63662,trailing_stop,trailing_stop,True,,,,,2023-06-01,16.63662,trailing_stop,explicit_replay,-682.4765757810001,-42.04587523358922,-6.0676,12.0,False,0.0,,,,,-0.06459503882501139,2023-05-31,0.20436109228138075,0.20298185438661298,0.0013792378947677653,Q3
exit_closed,2023-06-14,,,,,,,,,,,,,,,CNM,buy,Unknown,25.0,26.7900775,,,,,,,4519.541855914484,,,,,,,2023-05-25,2023-05-26,1.0,ml_p_side,1.0,1.0,ml_first,ML-ranked candidate,0.0,ACCEPTED,OK,0.16725,669.0,25.0,25.0,26.77,transitioned,2023-05-26,2023-05-30,29.01,24.79,0.07,26.77,multiple_r,2023-06-14,29.01,take_profit,take_profit,True,,,,,2023-05-26,29.01,take_profit,explicit_replay,718.2893981404959,48.33653505924588,8.2864,19.0,False,0.0,,,,,0.08286360873722742,2023-05-25,0.2861091044063326,0.22305925842477164,0.06304984598156094,Q4
exit_closed,2023-06-14,,,,,,,,,,,,,,,GENI,buy,Unknown,41.0,6.0045,,,,,,,4763.249093171984,,,,,,,2023-06-06,2023-06-07,1.0,ml_p_side,1.0,1.0,ml_first,ML-ranked candidate,0.0,ACCEPTED,OK,0.0605775,242.31,41.0,41.0,6.0,transitioned,2023-06-07,2023-06-08,6.68,4.71,0.07,6.0,multiple_r,2023-06-14,5.947349999999999,trailing_stop,trailing_stop,True,,,,,2023-06-07,5.947349999999999,trailing_stop,explicit_replay,243.7072372575,-2.5511180925000474,-0.9518,7.0,False,0.0,,,,,-0.009517861603797306,2023-06-06,0.5746387826171853,0.4608498758507729,0.11378890676641235,Q4
exit_closed,2023-06-14,,,,,,,,,,,,,,,TECH,buy,Unknown,7.0,81.9914475,,,,,,,5296.515235391984,,,,,,,2023-06-07,2023-06-08,1.0,ml_p_side,1.0,1.0,ml_first,ML-ranked candidate,0.0,ACCEPTED,OK,0.1439375,575.75,7.0,7.0,81.92999999999999,transitioned,2023-06-08,2023-06-09,90.16,75.33,0.07,81.93,multiple_r,2023-06-14,76.22279999999999,trailing_stop,trailing_stop,True,,,,,2023-06-08,76.22279999999999,trailing_stop,explicit_replay,533.2661422199999,-40.84617231975017,-7.0357,6.0,False,0.0,,,,,-0.0703566978738851,2023-06-07,0.20590944847059608,0.2539222422130186,-0.04801279374242254,Q3
exit_closed,2023-06-15,,,,,,,,,,,,,,,MNDY,buy,Unknown,1.0,176.81251,,,,,,,5434.934260787543,,,,,,,2023-06-09,2023-06-12,0.9974160206718348,ml_p_side,3.0,2.0,ml_first,ML-ranked candidate,0.0,ACCEPTED,OK,0.04368,174.72,1.0,1.0,176.68,transitioned,2023-06-12,2023-06-13,197.43,142.37,0.07,176.68,multiple_r,2023-06-15,170.56199999999998,trailing_stop,trailing_stop,True,,,,,2023-06-12,170.56199999999998,trailing_stop,explicit_replay,170.46819089999997,-6.397362853000033,-3.5351,3.0,False,0.0,,,,,-0.03535106198085203,2023-06-09,0.5348290922719781,0.4268443842855572,0.10798470798642085,Q4
exit_closed,2023-06-16,,,,,,,,,,,,,,,VTRS,sell,Unknown,54.0,9.355462213459516,,,,,,,4657.467126371787,,,,,,,2023-06-05,2023-06-06,0.9974160206718348,ml_p_side,3.0,1.0,ml_first,ML-ranked candidate,0.0,ACCEPTED,OK,0.125955,503.82,54.0,54.0,9.37,transitioned,2023-06-06,2023-06-07,8.28,10.25,0.0942,9.37,multiple_r,2023-06-16,10.197944,trailing_stop,trailing_stop,True,,,,,2023-06-06,10.197944,trailing_stop,explicit_replay,-551.3898723581697,-46.40661357630036,-8.2613,10.0,False,0.0,,,,,-0.09005239584297842,2023-06-05,0.2960168322739974,0.2266765821721512,0.06934025010184619,Q4
exit_closed,2024-01-09,,,,,,,,,,,,,,,COMP,buy,Unknown,55.0,3.426639306569343,,,,,,,3682.6586948392014,,,,,,,2024-01-04,2024-01-05,1.0,ml_p_side,1.0,1.0,ml_first,ML-ranked candidate,0.0,ACCEPTED,OK,0.0477125,190.85,55.0,55.0,3.41,transitioned,2024-01-05,2024-01-08,3.92,2.57,0.07,3.41,multiple_r,2024-01-09,3.92,take_profit,take_profit,True,,,,,2024-01-05,3.92,take_profit,explicit_replay,214.96645456464375,26.44475315477152,14.3978,4.0,False,0.0,,,,,0.1439780056467619,2024-01-04,0.326764795329129,0.6726366178371266,-0.3458718225079976,Q1
exit_closed,2024-01-09,,,,,,,,,,,,,,,AMRX,buy,Unknown,47.0,5.807861505560308,,,,,,,3948.5484789606935,,,,,,,2024-01-04,2024-01-05,0.9923076923076924,ml_p_side,5.0,4.0,ml_first,ML-ranked candidate,0.0,ACCEPTED,OK,0.069325,277.3,47.0,47.0,5.800000000000001,transitioned,2024-01-05,2024-01-08,6.67,4.86,0.07,5.8,multiple_r,2024-01-09,5.6637,trailing_stop,trailing_stop,True,,,,,2024-01-05,5.6637,trailing_stop,explicit_replay,265.8897841214911,-7.161597487071731,-2.4822,4.0,False,0.0,,,,,-0.024821787747915658,2024-01-04,0.32719080492408825,0.5807532847769923,-0.25356247985290403,Q1
exit_closed,2024-01-11,,,,,,,,,,,,,,,ROKU,buy,Unknown,3.0,87.05834388329637,,,,,,,4386.305716483745,,,,,,,2024-01-04,2024-01-05,0.9974358974358974,ml_p_side,2.0,2.0,ml_first,ML-ranked candidate,0.0,ACCEPTED,OK,0.0659325,263.73,3.0,3.0,87.0,transitioned,2024-01-05,2024-01-08,99.34,73.4,0.07,87.0,multiple_r,2024-01-11,88.257,trailing_stop,trailing_stop,True,,,,,2024-01-05,88.257,trailing_stop,explicit_replay,264.6463936445487,3.3930094851646686,1.3768,6.0,False,0.0,,,,,0.013768423142880515,2024-01-04,0.34484606071146157,0.6236527489611366,-0.2788066882496751,Q1
exit_closed,2024-01-16,,,,,,,,,,,,,,,IOT,buy,Unknown,8.0,29.9124175,,,,,,,4420.782323754846,,,,,,,2024-01-04,2024-01-05,0.9871794871794872,ml_p_side,8.0,6.0,ml_first,ML-ranked candidate,0.0,ACCEPTED,OK,0.06034,241.36,8.0,8.0,29.89,transitioned,2024-01-05,2024-01-08,34.09,24.37,0.07,29.89,multiple_r,2024-01-16,34.09,take_profit,take_profit,True,,,,,2024-01-05,34.09,take_profit,explicit_replay,272.57000400000004,33.198874198000055,13.966,11.0,False,0.0,,,,,0.13966047712459218,2024-01-04,0.34484606071146157,0.620261403530092,-0.2754153428186304,Q1
exit_closed,2024-01-16,,,,,,,,,,,,,,,AMRX,buy,Unknown,48.0,5.697638597304128,,,,,,,4676.022590536023,,,,,,,2024-01-09,2024-01-10,1.0,ml_p_side,1.0,1.0,ml_first,ML-ranked candidate,0.0,ACCEPTED,OK,0.06828,273.12,48.0,48.0,5.69,transitioned,2024-01-10,2024-01-11,6.43,4.67,0.07,5.69,multiple_r,2024-01-16,5.3289,trailing_stop,trailing_stop,True,,,,,2024-01-10,5.3289,trailing_stop,explicit_replay,255.24026678117644,-18.32843188522287,-6.4718,6.0,False,0.0,,,,,-0.06471779334663297,2024-01-09,0.32719080492408825,0.599461305268527,-0.2722705003444388,Q1
exit_closed,2024-01-16,,,,,,,,,,,,,,,XPEV,buy,Unknown,20.0,11.90109950659294,,,,,,,4902.182190492458,,,,,,,2024-01-11,2024-01-12,0.9974358974358974,ml_p_side,3.0,2.0,ml_first,ML-ranked candidate,0.0,ACCEPTED,OK,0.06125,245.0,20.0,20.0,11.88,transitioned,2024-01-12,2024-01-16,13.84,9.85,0.07,11.88,multiple_r,2024-01-16,11.3274,trailing_stop,trailing_stop,True,,,,,2024-01-12,11.3274,trailing_stop,explicit_replay,226.1595999564356,-11.9337967724627,-4.8206,4.0,False,0.0,,,,,-0.0482055885907956,2024-01-11,0.32122266167202423,0.6129932424955926,-0.2917705808235684,Q1
exit_closed,2024-01-17,,,,,,,,,,,,,,,PINS,buy,Unknown,17.0,35.59768480517673,,,,,,,4671.876448911233,,,,,,,2024-01-04,2024-01-05,0.9948717948717948,ml_p_side,3.0,3.0,ml_first,ML-ranked candidate,0.0,ACCEPTED,OK,0.152065,608.26,17.0,17.0,35.56999999999999,transitioned,2024-01-05,2024-01-08,39.08,32.9,0.07,35.57,multiple_r,2024-01-17,35.953799999999994,trailing_stop,trailing_stop,True,,,,,2024-01-05,35.953799999999994,trailing_stop,explicit_replay,610.8611230121513,5.518933131640551,1.0004,12.0,False,0.0,,,,,0.010003886398012973,2024-01-04,0.2589976822833901,0.48460922843796495,-0.22561154615457485,Q1
exit_closed,2024-01-17,,,,,,,,,,,,,,,S,buy,Unknown,10.0,23.276349509183024,,,,,,,4909.316136528364,,,,,,,2024-01-04,2024-01-05,0.9897435897435898,ml_p_side,7.0,5.0,ml_first,ML-ranked candidate,0.0,ACCEPTED,OK,0.05875,235.0,10.0,10.0,23.25,transitioned,2024-01-05,2024-01-08,26.55,18.56,0.07,23.25,multiple_r,2024-01-17,23.76615,trailing_stop,trailing_stop,True,,,,,2024-01-05,23.76615,trailing_stop,explicit_replay,237.4396876171311,4.606363476773311,2.1043,12.0,False,0.0,,,,,0.021042839669671576,2024-01-04,0.31030389312943835,0.6195683247904828,-0.3092644316610445,Q1
exit_closed,2024-01-25,,,,,,,,,,,,,,,ACAD,buy,Unknown,11.0,28.641465,,,,,,,3729.478592870428,,,,,,,2024-01-16,2024-01-17,1.0,ml_p_side,1.0,1.0,ml_first,ML-ranked candidate,0.0,ACCEPTED,OK,0.0796125,318.45,11.0,11.0,28.62,transitioned,2024-01-17,2024-01-18,32.71,24.57,0.07,28.62,multiple_r,2024-01-25,27.2397,trailing_stop,trailing_stop,True,,,,,2024-01-17,27.2397,trailing_stop,explicit_replay,299.4365268037652,-15.7141050307348,-4.8942,8.0,False,0.0,,,,,-0.04894180517651592,2024-01-16,0.33149349577594023,0.6104956763225681,-0.27900218054662784,Q1
exit_closed,2024-01-25,,,,,,,,,,,,,,,ROKU,buy,Unknown,3.0,83.28581564835353,,,,,,,3993.698592924009,,,,,,,2024-01-16,2024-01-17,0.9948717948717948,ml_p_side,4.0,3.0,ml_first,ML-ranked candidate,0.0,ACCEPTED,OK,0.0635925,254.37,3.0,3.0,83.23,transitioned,2024-01-17,2024-01-18,95.81,71.32,0.07,83.23,multiple_r,2024-01-25,88.124568,trailing_stop,trailing_stop,True,,,,,2024-01-17,88.124568,trailing_stop,explicit_replay,264.2200000535813,14.287595874437216,5.8098,8.0,False,0.0,,,,,0.058098156498538334,2024-01-16,0.3350944346907775,0.6132367501252924,-0.27814231543451495,Q1
exit_closed,2024-01-30,,,,,,,,,,,,,,,ST,sell,Unknown,17.0,35.93303,,,,,,,2781.5568502922574,,,,,,,2024-01-04,2024-01-05,0.9948717948717948,ml_p_side,4.0,2.0,ml_first,ML-ranked candidate,0.0,ACCEPTED,OK,0.15317,612.68,17.0,17.0,35.959999999999994,transitioned,2024-01-05,2024-01-08,32.71,38.96,0.0833,35.96,multiple_r,2024-01-30,36.247218,trailing_stop,trailing_stop,True,,,,,2024-01-05,36.247218,trailing_stop,explicit_replay,-616.5525032962753,-6.056055770108564,-0.8668,25.0,False,0.0,,,,,-0.008743710174176744,2024-01-04,0.17461783037721076,0.4360374694346275,-0.2614196390574167,Q1
exit_closed,2024-01-30,,,,,,,,,,,,,,,AMRX,buy,Unknown,52.0,5.307712082139445,,,,,,,3061.692013534076,,,,,,,2024-01-16,2024-01-17,0.9974358974358974,ml_p_side,2.0,2.0,ml_first,ML-ranked candidate,0.0,ACCEPTED,OK,0.06955,278.2,52.0,52.0,5.299999999999999,transitioned,2024-01-17,2024-01-18,6.05,4.41,0.07,5.3,multiple_r,2024-01-30,5.398649999999999,trailing_stop,trailing_stop,True,,,,,2024-01-17,5.398649999999999,trailing_stop,explicit_replay,280.13516324181813,4.051334662085651,1.7133,13.0,False,0.0,,,,,0.017133167069585786,2024-01-16,0.32719080492408825,0.5839161575900315,-0.2567253526659432,Q1
exit_closed,2024-01-31,,,,,,,,,,,,,,,ACAD,buy,Unknown,12.0,27.203682833271444,,,,,,,3801.218237193756,,,,,,,2024-01-25,2024-01-26,0.9974358974358974,ml_p_side,2.0,2.0,ml_first,ML-ranked candidate,0.0,ACCEPTED,OK,0.08151,326.04,12.0,12.0,27.18,transitioned,2024-01-26,2024-01-29,30.7,23.16,0.07,27.18,multiple_r,2024-01-31,25.9842,trailing_stop,trailing_stop,True,,,,,2024-01-26,25.9842,trailing_stop,explicit_replay,311.59637372698603,-14.945753530471052,-4.4828,5.0,False,0.0,,,,,-0.04482785807883172,2024-01-25,0.3350944346907775,0.6330039397453106,-0.29790950505453306,Q1
exit_closed,2024-02-05,,,,,,,,,,,,,,,ROKU,buy,Unknown,3.0,89.59489088512983,,,,,,,3776.018311322108,,,,,,,2024-01-25,2024-01-26,1.0,ml_p_side,1.0,1.0,ml_first,ML-ranked candidate,0.0,ACCEPTED,OK,0.0666225,266.49,3.0,3.0,89.53000000000002,transitioned,2024-01-26,2024-01-29,100.38,76.28,0.07,89.53,multiple_r,2024-02-05,86.7969,trailing_stop,trailing_stop,True,,,,,2024-01-26,86.7969,trailing_stop,explicit_replay,260.247485115,-8.617822942186137,-3.1229,10.0,False,0.0,,,,,-0.031229357583761774,2024-01-25,0.3258070623612892,0.6221317108828408,-0.2963246485215516,Q1
exit_closed,2024-02-06,,,,,,,,,,,,,,,CCK,buy,Unknown,8.999999999,89.36943571385227,,,,,,,4210.934762604543,,,,,,,2024-01-18,2024-01-19,0.9974358974358974,ml_p_side,2.0,2.0,ml_first,ML-ranked candidate,0.0,ACCEPTED,OK,0.2009025,803.61,9.0,8.999999999,89.31000000000002,transitioned,2024-01-19,2024-01-22,95.13,84.18,0.07,89.31,multiple_r,2024-02-06,85.5414,trailing_stop,trailing_stop,True,,,,,2024-01-19,85.5414,trailing_stop,explicit_replay,766.4417520197599,-38.1244667919417,-4.2834,18.0,False,0.0,,,,,-0.04283383556442133,2024-01-18,0.1862581950618753,0.33896184313134736,-0.15270364806947206,Q2
exit_closed,2024-02-06,,,,,,,,,,,,,,,TAL,buy,Unknown,17.999999999,10.645315000000002,,,,,,,4429.208654147972,,,,,,,2024-01-30,2024-01-31,1.0,ml_p_side,1.0,1.0,ml_first,ML-ranked candidate,0.0,ACCEPTED,OK,0.04842,193.68,18.0,17.999999999,10.63,transitioned,2024-01-31,2024-02-01,12.16,8.0,0.07,10.63,multiple_r,2024-02-06,12.16,take_profit,take_profit,True,,,,,2024-01-31,12.16,take_profit,explicit_replay,218.2738915434292,26.600736853077706,14.2287,6.0,False,0.0,,,,,0.1422865363777397,2024-01-30,0.32122266167202423,0.5924772378550968,-0.2712545761830725,Q1
exit_closed,2024-02-06,,,,,,,,,,,,,,,IOT,buy,Unknown,8.999999999,31.70686694195793,,,,,,,4707.965119195182,,,,,,,2024-01-31,2024-02-01,1.0,ml_p_side,1.0,1.0,ml_first,ML-ranked candidate,0.0,ACCEPTED,OK,0.0706499999999999,282.6,9.0,8.999999999,31.676,transitioned,2024-02-01,2024-02-02,35.48,26.22,0.07,31.68,multiple_r,2024-02-06,30.9969,trailing_stop,trailing_stop,True,,,,,2024-02-01,30.9969,trailing_stop,explicit_replay,278.75646504720925,-6.690945939439018,-2.2392,5.0,False,0.0,,,,,-0.02239158297341659,2024-01-31,0.33773948377101487,0.6265593907973717,-0.2888199070263568,Q1
exit_closed,2024-02-07,,,,,,,,,,,,,,,OI,sell,Unknown,29.0,15.407365055892686,,,,,,,4468.308162946913,,,,,,,2024-01-09,2024-01-10,0.9974358974358974,ml_p_side,2.0,1.0,ml_first,ML-ranked candidate,0.0,ACCEPTED,OK,0.1125925,450.37,29.0,29.0,15.419999999999998,transitioned,2024-01-10,2024-01-11,13.61,17.21,0.1159,15.42,multiple_r,2024-02-07,15.644918,trailing_stop,trailing_stop,True,,,,,2024-01-10,15.644918,trailing_stop,explicit_replay,-453.9521584421,-7.42155375940527,-1.5184,28.0,False,0.0,,,,,-0.015418142118756473,2024-01-09,0.2606520857100299,0.5436074796078536,-0.2829553938978237,Q1
exit_closed,2024-02-08,,,,,,,,,,,,,,,WLK,buy,Unknown,5.0,134.9011,,,,,,,4880.076919120796,,,,,,,2024-01-17,2024-01-18,0.9974358974358974,ml_p_side,2.0,2.0,ml_first,ML-ranked candidate,0.0,ACCEPTED,OK,0.1668875,667.55,5.0,5.0,134.8,transitioned,2024-01-18,2024-01-19,143.27,124.97,0.07,134.8,multiple_r,2024-02-08,143.27,take_profit,take_profit,True,,,,,2024-01-18,143.27,take_profit,explicit_replay,715.9094255680984,41.20157391809835,6.2037,21.0,False,0.0,,,,,0.062037299918236366,2024-01-17,0.18347543777374675,0.3794391467575742,-0.19596370898382742,Q2
exit_closed,2024-02-12,,,,,,,,,,,,,,,IOT,buy,Unknown,8.999999999,31.77567135914841,,,,,,,5561.198187022965,,,,,,,2024-02-06,2024-02-07,0.9974358974358974,ml_p_side,3.0,2.0,ml_first,ML-ranked candidate,0.0,ACCEPTED,OK,0.07137,285.48,9.0,8.999999999,31.75,transitioned,2024-02-07,2024-02-08,35.84,26.36,0.07,31.75,multiple_r,2024-02-12,35.84,take_profit,take_profit,True,,,,,2024-02-07,35.84,take_profit,explicit_replay,322.372318773651,36.30548226043078,12.7907,5.0,False,0.0,,,,,0.1279069321593247,2024-02-06,0.34484606071146157,0.6386254728558022,-0.2937794121443406,Q1
exit_closed,2024-02-13,,,,,,,,,,,,,,,S,buy,Unknown,12.0,27.618822747952688,,,,,,,5899.351195938827,,,,,,,2024-02-05,2024-02-06,1.0,ml_p_side,1.0,1.0,ml_first,ML-ranked candidate,0.0,ACCEPTED,OK,0.0826799999999999,330.72,12.0,12.0,27.600000000000005,transitioned,2024-02-06,2024-02-07,31.14,23.42,0.07,27.6,multiple_r,2024-02-13,28.1976,trailing_stop,trailing_stop,True,,,,,2024-02-06,28.1976,trailing_stop,explicit_replay,338.153008915862,6.627708178537148,2.0956,7.0,False,0.0,,,,,0.020955898711874532,2024-02-05,0.32719080492408825,0.6069972504203615,-0.2798064454962732,Q1
exit_closed,2024-02-13,,,,,,,,,,,,,,,VNO,buy,Unknown,12.0,25.33745454648741,,,,,,,6204.919761709701,,,,,,,2024-02-07,2024-02-08,0.9948717948717948,ml_p_side,5.0,3.0,ml_first,ML-ranked candidate,0.0,ACCEPTED,OK,0.07617,304.68,12.0,12.0,25.320000000000004,transitioned,2024-02-08,2024-02-09,28.69,21.39,0.07,25.32,multiple_r,2024-02-13,25.482,trailing_stop,trailing_stop,True,,,,,2024-02-08,25.482,trailing_stop,explicit_replay,305.56856577087376,1.427896376657486,0.5705,5.0,False,0.0,,,,,0.005704813530001074,2024-02-07,0.3220117862924495,0.6382682911370556,-0.31625650484460616,Q1
exit_closed,2024-02-15,,,,,,,,,,,,,,,ACAD,buy,Unknown,13.0,25.9931573462593,,,,,,,5182.396445405193,,,,,,,2024-02-13,2024-02-14,0.9948717948717948,ml_p_side,4.0,3.0,ml_first,ML-ranked candidate,0.0,ACCEPTED,OK,0.0830699999999999,332.28,13.0,13.0,25.97,transitioned,2024-02-14,2024-02-15,28.88,21.91,0.07,25.97,multiple_r,2024-02-15,24.1707,trailing_stop,trailing_stop,True,,,,,2024-02-14,24.1707,trailing_stop,explicit_replay,313.9999955334088,-24.012423281612485,-7.0113,1.0,False,0.0,,,,,-0.07011296557713376,2024-02-13,0.30427593086597793,0.6355152556928553,-0.33123932482687735,Q1
exit_closed,2024-02-20,,,,,,,,,,,,,,,CRBG,buy,Unknown,30.0,24.10184056980057,,,,,,,5673.413680600423,,,,,,,2024-02-13,2024-02-14,1.0,ml_p_side,1.0,1.0,ml_first,ML-ranked candidate,0.0,ACCEPTED,OK,0.177675,710.7,30.0,30.0,24.079999999999995,transitioned,2024-02-14,2024-02-15,25.59,22.03,0.07,24.08,multiple_r,2024-02-20,25.59,take_profit,take_profit,True,,,,,2024-02-14,25.59,take_profit,explicit_replay,767.318240009864,44.04610635071879,6.1745,6.0,False,0.0,,,,,0.06174463837687494,2024-02-13,0.17248858859627034,0.22038517068745583,-0.0478965820911855,Q3
exit_closed,2024-02-20,,,,,,,,,,,,,,,IOT,buy,Unknown,8.0,34.52726742160279,,,,,,,5932.3574332576445,,,,,,,2024-02-15,2024-02-16,1.0,ml_p_side,1.0,1.0,ml_first,ML-ranked candidate,0.0,ACCEPTED,OK,0.06996,279.84,8.0,8.0,34.5,transitioned,2024-02-16,2024-02-20,39.53,28.86,0.07,34.5,multiple_r,2024-02-20,32.3826,trailing_stop,trailing_stop,True,,,,,2024-02-16,32.3826,trailing_stop,explicit_replay,258.9437526572218,-17.357252157412347,-6.2115,4.0,False,0.0,,,,,-0.06211517973359593,2024-02-15,0.34484606071146157,0.629641476774422,-0.2847954160629604,Q1
exit_closed,2024-02-22,,,,,,,,,,,,,,,FRSH,buy,Unknown,13.0,21.1658625,,,,,,,6642.1699891610815,,,,,,,2024-02-13,2024-02-14,0.9974358974358974,ml_p_side,2.0,2.0,ml_first,ML-ranked candidate,0.0,ACCEPTED,OK,0.067405,269.62,13.0,13.0,21.15,transitioned,2024-02-14,2024-02-15,23.44,17.05,0.07,21.15,multiple_r,2024-02-22,20.0973,trailing_stop,trailing_stop,True,,,,,2024-02-14,20.0973,trailing_stop,explicit_replay,261.0567317073472,-14.182027656402797,-5.0485,8.0,False,0.0,,,,,-0.05048518575607297,2024-02-13,0.29264827697367685,0.5735479724919886,-0.2808996955183118,Q1
exit_closed,2024-02-23,,,,,,,,,,,,,,,LYFT,buy,Unknown,14.0,16.473333875968994,,,,,,,6595.76142527495,,,,,,,2024-02-20,2024-02-21,1.0,ml_p_side,1.0,1.0,ml_first,ML-ranked candidate,0.0,ACCEPTED,OK,0.058555,234.22,14.0,14.0,16.46,transitioned,2024-02-21,2024-02-22,18.9,13.25,0.07,16.46,multiple_r,2024-02-23,15.7635,trailing_stop,trailing_stop,True,,,,,2024-02-21,15.7635,trailing_stop,explicit_replay,220.55384953242736,-10.142012733417571,-4.309,2.0,False,0.0,,,,,-0.04308987369001771,2024-02-20,0.30379427225992667,0.7394997143834156,-0.4357054421234889,Q1
exit_closed,2024-02-29,,,,,,,,,,,,,,,HRL,sell,Unknown,23.0,29.550242745081555,,,,,,,5609.956014487298,,,,,,,2024-02-20,2024-02-21,0.9974358974358974,ml_p_side,2.0,1.0,ml_first,ML-ranked candidate,0.0,ACCEPTED,OK,0.16928,677.12,23.0,23.0,29.57,transitioned,2024-02-21,2024-02-22,27.02,31.56,0.0672,29.57,multiple_r,2024-02-29,31.140896,trailing_stop,trailing_stop,True,,,,,2024-02-21,31.140896,trailing_stop,explicit_replay,-716.6583812044963,-37.27142384571747,-5.1079,8.0,False,0.0,,,,,-0.053828771175939094,2024-02-20,0.14862275097171243,0.350426222797441,-0.20180347182572858,Q1
exit_closed,2024-03-01,,,,,,,,,,,,,,,FMC,sell,Unknown,6.0,53.46855924389351,,,,,,,5830.557742650838,,,,,,,2024-02-06,2024-02-07,0.9974358974358974,ml_p_side,2.0,1.0,ml_first,ML-ranked candidate,0.0,ACCEPTED,OK,0.080175,320.70000000000005,6.0,6.0,53.50999999999999,transitioned,2024-02-07,2024-02-08,46.5,61.26,0.1448,53.51,multiple_r,2024-03-01,57.274344000000006,trailing_stop,trailing_stop,True,,,,,2024-02-07,57.274344000000006,trailing_stop,explicit_replay,-343.80912048958913,-23.18184963733921,-6.6448,23.0,False,0.0,,,,,-0.07117799338386233,2024-02-06,0.25004561365665645,0.671885219621486,-0.4218396059648295,Q1
exit_closed,2024-03-04,,,,,,,,,,,,,,,S,buy,Unknown,10.0,26.68823487139445,,,,,,,5865.059953602571,,,,,,,2024-02-22,2024-02-23,1.0,ml_p_side,1.0,1.0,ml_first,ML-ranked candidate,0.0,ACCEPTED,OK,0.065875,263.5,10.0,10.0,26.670000000000005,transitioned,2024-02-23,2024-02-26,29.78,21.41,0.07,26.67,multiple_r,2024-03-04,27.1281,trailing_stop,trailing_stop,True,,,,,2024-02-23,27.1281,trailing_stop,explicit_replay,271.09947505769657,4.137061639137926,1.6482,10.0,False,0.0,,,,,0.016481611868494728,2024-02-22,0.29826820305314106,0.636389533248912,-0.33812133019577095,Q1
exit_closed,2024-03-05,,,,,,,,,,,,,,,IOT,buy,Unknown,8.0,33.6252,,,,,,,5845.021833826779,,,,,,,2024-02-23,2024-02-26,0.9974358974358974,ml_p_side,3.0,2.0,ml_first,ML-ranked candidate,0.0,ACCEPTED,OK,0.06662,266.48,8.0,8.0,33.6,transitioned,2024-02-26,2024-02-27,37.64,27.26,0.07,33.6,multiple_r,2024-03-05,33.9357,trailing_stop,trailing_stop,True,,,,,2024-02-26,33.9357,trailing_stop,explicit_replay,271.2800560722474,2.197755592247404,0.9234,8.0,False,0.0,,,,,0.009234145819206896,2024-02-23,0.34484606071146157,0.6306298570131266,-0.285783796301665,Q1
exit_closed,2024-03-05,,,,,,,,,,,,,,,TAL,buy,Unknown,16.0,14.782894138381202,,,,,,,6064.864287630415,,,,,,,2024-03-01,2024-03-04,0.9974358974358974,ml_p_side,3.0,2.0,ml_first,ML-ranked candidate,0.0,ACCEPTED,OK,0.05928,237.12,16.0,16.0,14.77,transitioned,2024-03-04,2024-03-05,16.75,11.75,0.07,14.77,multiple_r,2024-03-05,13.754699999999998,trailing_stop,trailing_stop,True,,,,,2024-03-04,13.754699999999998,trailing_stop,explicit_replay,219.84245380363632,-16.754810302327144,-6.9553,1.0,False,0.0,,,,,-0.06955296633774022,2024-03-01,0.3289480643604142,0.6210505982404719,-0.29210253388005775,Q1
exit_closed,2024-03-06,,,,,,,,,,,,,,,MKC,sell,Unknown,8.999999999,68.86543793047815,,,,,,,4901.131243652982,,,,,,,2024-01-30,2024-01-31,0.9974358974358974,ml_p_side,2.0,1.0,ml_first,ML-ranked candidate,0.0,ACCEPTED,OK,0.1558574999999999,623.43,9.0,8.999999999,68.91000000000001,transitioned,2024-01-31,2024-02-01,63.51,74.31,0.0783,68.91,multiple_r,2024-03-06,69.367039,trailing_stop,trailing_stop,True,,,,,2024-01-31,69.367039,trailing_stop,explicit_replay,-624.5820479902212,-5.23728875938548,-0.7231,35.0,False,0.0,,,,,-0.007283785373270124,2024-01-30,0.15819753313446233,0.28223354670062145,-0.12403601356615912,Q2
exit_closed,2024-03-13,,,,,,,,,,,,,,,FMC,sell,Unknown,6.0,60.26004830949284,,,,,,,4317.708975065076,,,,,,,2024-03-05,2024-03-06,0.9974358974358974,ml_p_side,3.0,1.0,ml_first,ML-ranked candidate,0.0,ACCEPTED,OK,0.0895649999999999,358.26,6.0,6.0,60.29999999999999,transitioned,2024-03-06,2024-03-07,51.95,67.78,0.1241,60.3,multiple_r,2024-03-13,67.030083,trailing_stop,trailing_stop,True,,,,,2024-03-06,67.030083,trailing_stop,explicit_replay,-402.4235628929703,-41.00187114712514,-10.1,7.0,False,0.0,,,,,-0.1123469841201683,2024-03-05,0.22505290403389883,0.6658679569608578,-0.44081505292695894,Q1
exit_closed,2024-03-14,,,,,,,,,,,,,,,TAL,buy,Unknown,15.0,12.060953425357877,,,,,,,4216.4666553842335,,,,,,,2024-03-06,2024-03-07,1.0,ml_p_side,1.0,1.0,ml_first,ML-ranked candidate,0.0,ACCEPTED,OK,0.045,180.0,15.0,15.0,12.05,transitioned,2024-03-07,2024-03-08,13.56,8.7,0.07,12.05,multiple_r,2024-03-14,12.508499999999998,trailing_stop,trailing_stop,True,,,,,2024-03-07,12.508499999999998,trailing_stop,explicit_replay,187.49637030604305,6.527794635260818,3.7107,7.0,False,0.0,,,,,0.03710706433051669,2024-03-06,0.3289480643604142,0.664601286342459,-0.3356532219820448,Q1
exit_closed,2024-03-19,,,,,,,,,,,,,,,CAG,sell,Unknown,23.0,28.590625001772107,,,,,,,3868.7860186611406,,,,,,,2024-01-04,2024-01-05,0.9923076923076924,ml_p_side,6.0,3.0,ml_first,ML-ranked candidate,0.0,ACCEPTED,OK,0.1651399999999999,660.56,23.0,23.0,28.61,transitioned,2024-01-05,2024-01-08,26.24,30.89,0.0798,28.61,multiple_r,2024-03-19,28.744276000000003,trailing_stop,trailing_stop,True,,,,,2024-01-05,28.744276000000003,trailing_stop,explicit_replay,-661.5458406440881,-4.738041436711157,-0.5345,74.0,False,0.0,,,,,-0.005374174164376244,2024-01-04,0.18041846802104558,0.5291773112718521,-0.3487588432508065,Q1
exit_closed,2024-03-19,,,,,,,,,,,,,,,SPHR,buy,Unknown,6.0,48.10868239309634,,,,,,,4143.152253849679,,,,,,,2024-03-13,2024-03-14,1.0,ml_p_side,1.0,1.0,ml_first,ML-ranked candidate,0.0,ACCEPTED,OK,0.07248,289.92,6.0,6.0,48.04999999999999,transitioned,2024-03-14,2024-03-15,54.6,41.06,0.07,48.05,multiple_r,2024-03-19,45.756,trailing_stop,trailing_stop,True,,,,,2024-03-14,45.756,trailing_stop,explicit_replay,274.36623518853867,-14.372454798346894,-4.8903,5.0,False,0.0,,,,,-0.048903488436298326,2024-03-13,0.2948992882371269,0.6032585718367615,-0.30835928359963455,Q1
exit_closed,2024-03-21,,,,,,,,,,,,,,,CLX,buy,Unknown,6.0,150.012425,,,,,,,5047.134209172904,,,,,,,2024-03-05,2024-03-06,0.9974358974358974,ml_p_side,2.0,2.0,ml_first,ML-ranked candidate,0.0,ACCEPTED,OK,0.22485,899.4000000000001,6.0,6.0,149.9,transitioned,2024-03-06,2024-03-07,159.42,141.57,0.07,149.9,multiple_r,2024-03-21,146.8098,trailing_stop,trailing_stop,True,,,,,2024-03-06,146.8098,trailing_stop,explicit_replay,880.5349039849153,-19.809668380084645,-2.1349,15.0,False,0.0,,,,,-0.021349064919122585,2024-03-05,0.15717364711972537,0.12797555192078985,0.029198095198935514,Q4
exit_closed,2024-03-25,,,,,,,,,,,,,,,NVCR,sell,Unknown,12.0,14.987484954864591,,,,,,,4355.119929818628,,,,,,,2024-02-06,2024-02-07,0.9948717948717948,ml_p_side,4.0,2.0,ml_first,ML-ranked candidate,0.0,ACCEPTED,OK,0.04461,178.44,12.0,12.0,15.0,transitioned,2024-02-07,2024-02-08,12.94,18.83,0.2554,15.0,multiple_r,2024-03-25,12.94,take_profit,take_profit,True,,,,,2024-02-07,12.94,take_profit,explicit_replay,-155.38542446987495,24.309809786537137,15.8229,47.0,False,0.0,,,,,0.13661297816349272,2024-02-06,0.3215741504657834,0.7636972784687577,-0.44212312800297426,Q1
exit_closed,2024-04-02,,,,,,,,,,,,,,,PEGA,buy,Unknown,8.999999999,32.35897851537966,,,,,,,5163.869903386616,,,,,,,2024-03-04,2024-03-05,1.0,ml_p_side,1.0,1.0,ml_first,ML-ranked candidate,0.0,ACCEPTED,OK,0.07354125,294.165,9.0,8.999999999,32.335,transitioned,2024-03-05,2024-03-06,36.93,27.61,0.07,32.34,multiple_r,2024-04-02,30.90855,trailing_stop,trailing_stop,True,,,,,2024-03-05,30.90855,trailing_stop,explicit_replay,278.0039501434057,-13.314225704634056,-4.4823,28.0,False,0.0,,,,,-0.044823062467509445,2024-03-04,0.30379427225992667,0.7015334356894891,-0.39773916342956245,Q1
exit_closed,2024-04-03,,,,,,,,,,,,,,,AR,buy,Unknown,20.0,26.81836572169724,,,,,,,5480.346143490167,,,,,,,2024-03-21,2024-03-22,1.0,ml_p_side,1.0,1.0,ml_first,ML-ranked candidate,0.0,ACCEPTED,OK,0.13435,537.4,20.0,20.0,26.8,transitioned,2024-03-22,2024-03-25,29.59,24.49,0.07,26.8,multiple_r,2024-04-03,29.59,take_profit,take_profit,True,,,,,2024-03-22,29.59,take_profit,explicit_replay,591.4211674829932,54.89294285471817,10.3348,12.0,False,0.0,,,,,0.10334836608109876,2024-03-21,0.23514438386415493,0.5255609524944512,-0.2904165686302963,Q1
exit_closed,2024-04-04,,,,,,,,,,,,,,,LYFT,buy,Unknown,15.0,18.32416457592339,,,,,,,5061.900777461156,,,,,,,2024-04-02,2024-04-03,1.0,ml_p_side,1.0,1.0,ml_first,ML-ranked candidate,0.0,ACCEPTED,OK,0.069675,278.7,15.0,15.0,18.31,transitioned,2024-04-03,2024-04-04,21.0,15.25,0.07,18.31,multiple_r,2024-04-04,17.246850000000002,trailing_stop,trailing_stop,True,,,,,2024-04-03,17.246850000000002,trailing_stop,explicit_replay,258.55082066020543,-16.394106719237072,-5.8792,1.0,False,0.0,,,,,-0.05879201594483063,2024-04-02,0.32937666545589117,0.6322632513215659,-0.30288658586567474,Q1
exit_closed,2024-04-12,,,,,,,,,,,,,,,NVST,sell,Unknown,16.0,22.428537881896943,,,,,,,4485.820963751462,,,,,,,2024-02-08,2024-02-09,0.9974358974358974,ml_p_side,2.0,1.0,ml_first,ML-ranked candidate,0.0,ACCEPTED,OK,0.08976,359.04,16.0,16.0,22.45,transitioned,2024-02-09,2024-02-12,19.52,25.43,0.1328,22.45,multiple_r,2024-04-12,19.52,take_profit,take_profit,True,,,,,2024-02-09,19.52,take_profit,explicit_replay,-312.5765322877998,45.90327438613544,14.9003,63.0,False,0.0,,,,,0.129680226915039,2024-02-08,0.2686381578726768,0.6231342819329295,-0.3544961240602527,Q1
exit_closed,2024-04-15,,,,,,,,,,,,,,,IP,sell,Unknown,13.0,40.83886884716043,,,,,,,4625.17401337439,,,,,,,2024-03-25,2024-03-26,0.9974358974358974,ml_p_side,1.0,1.0,ml_first,ML-ranked candidate,0.0,ACCEPTED,OK,0.1327625,531.0500000000001,13.0,13.0,40.87,transitioned,2024-03-26,2024-03-27,36.65,44.53,0.0895,40.87,multiple_r,2024-04-15,36.65,take_profit,take_profit,True,,,,,2024-03-26,36.65,take_profit,explicit_replay,-476.7225459902067,53.89707141175286,11.4294,20.0,False,0.0,,,,,0.1025706383503735,2024-03-25,0.19453515814225936,0.2796534140034314,-0.08511825586117205,Q3
exit_closed,2024-04-15,,,,,,,,,,,,,,,LYFT,buy,Unknown,15.0,17.54367949397253,,,,,,,4897.6630155899065,,,,,,,2024-04-04,2024-04-05,1.0,ml_p_side,1.0,1.0,ml_first,ML-ranked candidate,0.0,ACCEPTED,OK,0.065325,261.3,15.0,15.0,17.530000000000005,transitioned,2024-04-05,2024-04-08,19.68,14.1,0.07,17.53,multiple_r,2024-04-15,18.1815,trailing_stop,trailing_stop,True,,,,,2024-04-05,18.1815,trailing_stop,explicit_replay,272.48900221551725,9.254863248206448,3.6356,10.0,False,0.0,,,,,0.036356142179102546,2024-04-04,0.32937666545589117,0.6204280685255507,-0.2910514030696595,Q1
exit_closed,2024-04-16,,,,,,,,,,,,,,,SM,buy,Unknown,13.0,52.061011441891765,,,,,,,5800.441101290328,,,,,,,2024-04-03,2024-04-04,0.9974358974358974,ml_p_side,2.0,2.0,ml_first,ML-ranked candidate,0.0,ACCEPTED,OK,0.169,676.0,13.0,13.0,52.02,transitioned,2024-04-04,2024-04-05,56.32,48.22,0.07,52.02,multiple_r,2024-04-16,49.5318,trailing_stop,trailing_stop,True,,,,,2024-04-04,49.5318,trailing_stop,explicit_replay,643.5281850017715,-33.468001687444826,-4.8582,12.0,False,0.0,,,,,-0.048581680836430996,2024-04-03,0.2125005009145582,0.41700601247482966,-0.20450551156027147,Q1
exit_closed,2024-04-19,,,,,,,,,,,,,,,RSI,buy,Unknown,43.0,6.498248855050116,,,,,,,5459.37216927884,,,,,,,2024-04-15,2024-04-16,1.0,ml_p_side,1.0,1.0,ml_first,ML-ranked candidate,0.0,ACCEPTED,OK,0.070305,281.22,43.0,43.0,6.49,transitioned,2024-04-16,2024-04-17,7.39,5.4,0.07,6.49,multiple_r,2024-04-19,6.1194,trailing_stop,trailing_stop,True,,,,,2024-04-16,6.1194,trailing_stop,explicit_replay,262.8350637567364,-16.67346442064877,-5.83,3.0,False,0.0,,,,,-0.05830014570089814,2024-04-15,0.3355258916515145,0.5999161064362354,-0.2643902147847209,Q1
exit_closed,2024-04-22,,,,,,,,,,,,,,,PR,buy,Unknown,33.0,16.71324879730126,,,,,,,5682.2623852425495,,,,,,,2024-03-19,2024-03-20,1.0,ml_p_side,1.0,1.0,ml_first,ML-ranked candidate,0.0,ACCEPTED,OK,0.1385175,554.0699999999999,33.0,33.0,16.7,transitioned,2024-03-20,2024-03-21,18.49,15.31,0.07,16.7,multiple_r,2024-04-22,17.0004,trailing_stop,trailing_stop,True,,,,,2024-03-20,17.0004,trailing_stop,explicit_replay,560.6815734199126,8.978901945877737,1.7181,33.0,False,0.0,,,,,0.0171810523603948,2024-03-19,0.24633361546069274,0.35170490093627504,-0.1053712854755823,Q2
exit_closed,2024-04-25,,,,,,,,,,,,,,,GAP,buy,Unknown,16.0,21.105628152566887,,,,,,,6480.966130854687,,,,,,,2024-04-19,2024-04-22,0.9974358974358974,ml_p_side,2.0,2.0,ml_first,ML-ranked candidate,0.0,ACCEPTED,OK,0.08304,332.16,16.0,16.0,21.09,transitioned,2024-04-22,2024-04-23,23.46,17.68,0.07,21.09,multiple_r,2024-04-25,19.7439,trailing_stop,trailing_stop,True,,,,,2024-04-22,19.7439,trailing_stop,explicit_replay,315.7295322713473,-22.061825184855135,-6.452,3.0,False,0.0,,,,,-0.06451966947978627,2024-04-19,0.33336825277587223,0.5546367820132462,-0.22126852923737395,Q1
exit_closed,2024-04-29,,,,,,,,,,,,,,,CGNX,sell,Unknown,14.0,41.09445139344263,,,,,,,5341.721815332603,,,,,,,2024-03-19,2024-03-20,0.9974358974358974,ml_p_side,2.0,1.0,ml_first,ML-ranked candidate,0.0,ACCEPTED,OK,0.144095,576.38,14.0,14.0,41.13,transitioned,2024-03-20,2024-03-21,37.1,44.73,0.0876,41.13,multiple_r,2024-04-29,41.65507999999999,trailing_stop,trailing_stop,True,,,,,2024-03-20,41.65507999999999,trailing_stop,explicit_replay,-583.4877208672119,-8.611961064157244,-1.3459,40.0,False,0.0,,,,,-0.013642440464525007,2024-03-19,0.24238088413770262,0.3326868242395761,-0.09030594010187346,Q3
exit_closed,2024-04-29,,,,,,,,,,,,,,,PRGO,sell,Unknown,17.999999999,29.94000582985821,,,,,,,4753.8529434640095,,,,,,,2024-04-15,2024-04-16,0.9948717948717948,ml_p_side,5.0,2.0,ml_first,ML-ranked candidate,0.0,ACCEPTED,OK,0.135585,542.34,18.0,17.999999999,29.98,transitioned,2024-04-16,2024-04-17,27.07,32.81,0.0944,29.98,multiple_r,2024-04-29,32.635008,trailing_stop,trailing_stop,True,,,,,2024-04-16,32.635008,trailing_stop,explicit_replay,-587.7854675666429,-49.11044299255721,-8.258,13.0,False,0.0,,,,,-0.09001341500922977,2024-04-15,0.22163373033135872,0.46839981023341976,-0.24676607990206104,Q1
exit_closed,2024-05-01,,,,,,,,,,,,,,,SM,buy,Unknown,12.0,50.31023990871285,,,,,,,5469.516228676326,,,,,,,2024-04-16,2024-04-17,1.0,ml_p_side,1.0,1.0,ml_first,ML-ranked candidate,0.0,ACCEPTED,OK,0.15087,603.48,12.0,12.0,50.28,transitioned,2024-04-17,2024-04-18,55.01,46.16,0.07,50.28,multiple_r,2024-05-01,47.8857,trailing_stop,trailing_stop,True,,,,,2024-04-17,47.8857,trailing_stop,explicit_replay,574.2723263228344,-29.631669445391253,-4.8192,14.0,False,0.0,,,,,-0.0481917779186134,2024-04-16,0.21188545494654007,0.4556595750355931,-0.24377412008905305,Q1
exit_closed,2024-05-01,,,,,,,,,,,,,,,PR,buy,Unknown,32.0,17.353626151079137,,,,,,,5991.7861640939245,,,,,,,2024-04-25,2024-04-26,1.0,ml_p_side,1.0,1.0,ml_first,ML-ranked candidate,0.0,ACCEPTED,OK,0.1386399999999999,554.56,32.0,32.0,17.33,transitioned,2024-04-26,2024-04-29,19.08,15.8,0.07,17.33,multiple_r,2024-05-01,16.330799999999996,trailing_stop,trailing_stop,True,,,,,2024-04-26,16.330799999999996,trailing_stop,explicit_replay,522.2699354175979,-33.21269622798479,-5.894,5.0,False,0.0,,,,,-0.05894019740741829,2024-04-25,0.23589409790094207,0.47886902452874575,-0.24297492662780368,Q1
exit_closed,2024-05-03,,,,,,,,,,,,,,,NVST,sell,Unknown,24.0,20.129964545229857,,,,,,,4447.551279914117,,,,,,,2024-04-22,2024-04-23,0.9974358974358974,ml_p_side,2.0,1.0,ml_first,ML-ranked candidate,0.0,ACCEPTED,OK,0.12066,482.64,24.0,24.0,20.15,transitioned,2024-04-23,2024-04-24,17.77,22.16,0.0996,20.15,multiple_r,2024-05-03,19.891764,trailing_stop,trailing_stop,True,,,,,2024-04-23,19.891764,trailing_stop,explicit_replay,-477.7966889133197,5.120010243056327,1.1975,10.0,False,0.0,,,,,0.011833132874856656,2024-04-22,0.2789071143273856,0.49771723405366386,-0.21881011972627828,Q1
exit_closed,2024-05-07,,,,,,,,,,,,,,,LYFT,buy,Unknown,15.0,16.143220001597953,,,,,,,5175.860529260096,,,,,,,2024-04-29,2024-04-30,0.9974358974358974,ml_p_side,2.0,2.0,ml_first,ML-ranked candidate,0.0,ACCEPTED,OK,0.061125,244.5,15.0,15.0,16.13,transitioned,2024-04-30,2024-05-01,18.42,13.15,0.07,16.13,multiple_r,2024-05-07,16.4889,trailing_stop,trailing_stop,True,,,,,2024-04-30,16.4889,trailing_stop,explicit_replay,247.11039356830224,4.88944905432578,2.1413,7.0,False,0.0,,,,,0.021413323882585322,2024-04-29,0.326764795329129,0.6435895053241123,-0.3168247099949833,Q1
exit_closed,2024-05-10,,,,,,,,,,,,,,,MD,sell,Unknown,35.0,8.986824745762712,,,,,,,4467.635111824955,,,,,,,2024-03-14,2024-03-15,0.9974358974358974,ml_p_side,1.0,1.0,ml_first,ML-ranked candidate,0.0,ACCEPTED,OK,0.07945,317.8,35.0,35.0,9.02,transitioned,2024-03-15,2024-03-18,7.9,10.5,0.1639999999999999,9.02,multiple_r,2024-05-10,7.9,take_profit,take_profit,True,,,,,2024-03-15,7.9,take_profit,explicit_replay,-276.7512397139379,37.48357215052541,13.7573,56.0,False,0.0,,,,,0.12093534440795117,2024-03-14,0.2796540947856458,0.6283482448587463,-0.3486941500731005,Q1
exit_closed,2024-05-13,,,,,,,,,,,,,,,HRL,sell,Unknown,16.0,35.29175564279293,,,,,,,3715.6248429995817,,,,,,,2024-02-29,2024-03-01,0.9974358974358974,ml_p_side,2.0,1.0,ml_first,ML-ranked candidate,0.0,ACCEPTED,OK,0.14128,565.12,16.0,16.0,35.32,transitioned,2024-03-01,2024-03-04,31.86,38.35,0.0858,35.32,multiple_r,2024-05-13,36.04856000000001,trailing_stop,trailing_stop,True,,,,,2024-03-01,36.04856000000001,trailing_stop,explicit_replay,-577.0311264344623,-13.02316003627492,-2.0994,73.0,False,0.0,,,,,-0.02144422524249312,2024-02-29,0.18274657233792554,0.26032225703673784,-0.07757568469881229,Q3
exit_closed,2024-05-15,,,,,,,,,,,,,,,GLNG,buy,Unknown,24.0,24.607227798395183,,,,,,,3432.04107469282,,,,,,,2024-05-01,2024-05-02,1.0,ml_p_side,1.0,1.0,ml_first,ML-ranked candidate,0.0,ACCEPTED,OK,0.14742,589.6800000000001,24.0,24.0,24.59,transitioned,2024-05-02,2024-05-03,26.87,22.56,0.07,24.59,multiple_r,2024-05-15,26.87,take_profit,take_profit,True,,,,,2024-05-02,26.87,take_profit,explicit_replay,644.446536,53.69589679836713,9.1956,13.0,False,0.0,,,,,0.09195559207821002,2024-05-01,0.18347543777374675,0.47929089384426066,-0.2958154560705139,Q1
exit_closed,2024-05-15,,,,,,,,,,,,,,,SM,buy,Unknown,10.0,47.54873956617416,,,,,,,3913.995786284215,,,,,,,2024-05-01,2024-05-02,0.9974358974358974,ml_p_side,2.0,2.0,ml_first,ML-ranked candidate,0.0,ACCEPTED,OK,0.1178,471.2,10.0,10.0,47.52,transitioned,2024-05-02,2024-05-03,52.76,42.18,0.07,47.52,multiple_r,2024-05-15,48.3042,trailing_stop,trailing_stop,True,,,,,2024-05-02,48.3042,trailing_stop,explicit_replay,481.9547115913953,6.32466971095522,1.5888,13.0,False,0.0,,,,,0.01588812743972845,2024-05-01,0.2994963649145058,0.5096232759829366,-0.21012691106843073,Q1
exit_closed,2024-05-15,,,,,,,,,,,,,,,ARQT,buy,Unknown,22.0,7.928913095684802,,,,,,,4106.609468439075,,,,,,,2024-05-10,2024-05-13,0.9974358974358974,ml_p_side,2.0,2.0,ml_first,ML-ranked candidate,0.0,ACCEPTED,OK,0.04312,172.48,22.0,22.0,7.920000000000001,transitioned,2024-05-13,2024-05-14,8.86,5.64,0.07,7.92,multiple_r,2024-05-15,8.86,take_profit,take_profit,True,,,,,2024-05-13,8.86,take_profit,explicit_replay,192.61368215486,18.125263223362797,11.7429,2.0,False,0.0,,,,,0.1174293239286388,2024-05-10,0.340758290796595,0.6938014470827862,-0.35304315628619126,Q1
exit_closed,2024-05-16,,,,,,,,,,,,,,,CUBE,sell,Unknown,14.0,44.02763697936211,,,,,,,4069.820277944057,,,,,,,2024-04-12,2024-04-15,0.9974358974358974,ml_p_side,2.0,1.0,ml_first,ML-ranked candidate,0.0,ACCEPTED,OK,0.15337,613.48,14.0,14.0,44.06,transitioned,2024-04-15,2024-04-16,39.84,47.3,0.0736,44.06,multiple_r,2024-05-16,43.38417599999999,trailing_stop,trailing_stop,True,,,,,2024-04-15,43.38417599999999,trailing_stop,explicit_replay,-608.7395146082717,7.235010903091115,1.4832,31.0,False,0.0,,,,,0.014614933335253433,2024-04-12,0.1673442985875166,0.27744181563525255,-0.11009751704773596,Q2
exit_closed,2024-05-21,,,,,,,,,,,,,,,RVLV,buy,Unknown,15.0,22.331282099409897,,,,,,,4046.5341147799536,,,,,,,2024-05-16,2024-05-17,0.9974358974358974,ml_p_side,2.0,2.0,ml_first,ML-ranked candidate,0.0,ACCEPTED,OK,0.084,336.0,15.0,15.0,22.31,transitioned,2024-05-17,2024-05-20,25.31,19.24,0.07,22.31,multiple_r,2024-05-21,20.95569,trailing_stop,trailing_stop,True,,,,,2024-05-17,20.95569,trailing_stop,explicit_replay,311.7835590964925,-23.286163164103243,-6.1599,4.0,False,0.0,,,,,-0.06159933376356597,2024-05-16,0.30784064119806137,0.6361282836673379,-0.3282876424692765,Q1
exit_closed,2024-05-29,,,,,,,,,,,,,,,WHR,sell,Unknown,4.0,95.93175537747786,,,,,,,4322.320708525154,,,,,,,2024-04-29,2024-04-30,0.9974358974358974,ml_p_side,3.0,1.0,ml_first,ML-ranked candidate,0.0,ACCEPTED,OK,0.0969,387.6,4.0,4.0,96.0,transitioned,2024-04-30,2024-05-01,84.3,108.46,0.1298,96.0,multiple_r,2024-05-29,84.3,take_profit,take_profit,True,,,,,2024-04-30,84.3,take_profit,explicit_replay,-337.38546,46.093966217461,13.798,29.0,False,0.0,,,,,0.12125031311799261,2024-04-29,0.2639022342844039,0.5286944961666742,-0.2647922618822703,Q1
exit_closed,2024-05-29,,,,,,,,,,,,,,,HRL,buy,Unknown,26.0,35.68276841204415,,,,,,,5212.935897186811,,,,,,,2024-05-13,2024-05-14,0.9974358974358974,ml_p_side,2.0,2.0,ml_first,ML-ranked candidate,0.0,ACCEPTED,OK,0.2310749999999999,924.3,26.0,26.0,35.65,transitioned,2024-05-14,2024-05-15,37.67,33.7,0.07,35.65,multiple_r,2024-05-29,34.279799999999994,trailing_stop,trailing_stop,True,,,,,2024-05-14,34.279799999999994,trailing_stop,explicit_replay,890.6151886616576,-37.41511564510415,-3.9318,15.0,False,0.0,,,,,-0.039317812896227045,2024-05-13,0.18739860196026195,0.36932242592633635,-0.1819238239660744,Q2
exit_closed,2024-05-29,,,,,,,,,,,,,,,MKC,buy,Unknown,11.0,75.03756347475831,,,,,,,5983.46572419962,,,,,,,2024-05-15,2024-05-16,0.9948717948717948,ml_p_side,4.0,3.0,ml_first,ML-ranked candidate,0.0,ACCEPTED,OK,0.2052324999999999,820.93,11.0,11.0,74.99,transitioned,2024-05-16,2024-05-17,79.69,70.2,0.07,74.99,multiple_r,2024-05-29,70.1592,trailing_stop,trailing_stop,True,,,,,2024-05-16,70.1592,trailing_stop,explicit_replay,770.5298270128088,-55.13099516899933,-6.5012,13.0,False,0.0,,,,,-0.06501228516567359,2024-05-15,0.15876766563177497,0.22650607483051005,-0.06773840919873508,Q3
exit_closed,2024-05-30,,,,,,,,,,,,,,,PRDO,buy,Unknown,17.999999999,23.951952479131887,,,,,,,5866.394625625166,,,,,,,2024-05-07,2024-05-08,1.0,ml_p_side,1.0,1.0,ml_first,ML-ranked candidate,0.0,ACCEPTED,OK,0.10764,430.56000000000006,18.0,17.999999999,23.93,transitioned,2024-05-08,2024-05-09,26.96,21.26,0.07,23.93,multiple_r,2024-05-30,22.7385,trailing_stop,trailing_stop,True,,,,,2024-05-08,22.7385,trailing_stop,explicit_replay,406.0307742076202,-25.23371093618192,-5.0662,22.0,False,0.0,,,,,-0.05066194416463987,2024-05-07,0.24602227174324365,0.5992620430281117,-0.35323977128486805,Q1
exit_closed,2024-06-04,,,,,,,,,,,,,,,COLD,sell,Unknown,24.0,25.562024062685385,,,,,,,4815.620721553403,,,,,,,2024-05-21,2024-05-22,0.9948717948717948,ml_p_side,3.0,1.0,ml_first,ML-ranked candidate,0.0,ACCEPTED,OK,0.1545,618.0,24.0,24.0,25.59,transitioned,2024-05-22,2024-05-23,23.42,27.79,0.0861,25.59,multiple_r,2024-06-04,27.337137,trailing_stop,trailing_stop,True,,,,,2024-05-22,27.337137,trailing_stop,explicit_replay,-656.7673639532371,-43.55777768284341,-6.4934,13.0,False,0.0,,,,,-0.06944336383384697,2024-05-21,0.17971788607168757,0.34637212607116175,-0.16665423999947418,Q2
exit_closed,2024-06-05,,,,,,,,,,,,,,,BAX,sell,Unknown,13.0,37.0264045196387,,,,,,,4583.968067435969,,,,,,,2024-05-03,2024-05-06,0.9974358974358974,ml_p_side,1.0,1.0,ml_first,ML-ranked candidate,0.0,ACCEPTED,OK,0.1198925,479.57,13.0,13.0,37.05,transitioned,2024-05-06,2024-05-07,32.77,40.49,0.093,37.05,multiple_r,2024-06-05,32.77,take_profit,take_profit,True,,,,,2024-05-06,32.77,take_profit,explicit_replay,-426.2019707963549,54.82497667462335,12.9887,30.0,False,0.0,,,,,0.1149559233433296,2024-05-03,0.1842519684741185,0.24449783993126067,-0.060245871457142164,Q3
exit_closed,2024-06-07,,,,,,,,,,,,,,,PRDO,buy,Unknown,17.0,23.16432102473498,,,,,,,4284.85565379105,,,,,,,2024-05-30,2024-05-31,1.0,ml_p_side,1.0,1.0,ml_first,ML-ranked candidate,0.0,ACCEPTED,OK,0.097155,388.62,17.0,17.0,22.9,transitioned,2024-05-31,2024-06-03,25.83,19.99,0.07,22.9,multiple_r,2024-06-07,21.6411,trailing_stop,trailing_stop,True,,,,,2024-05-31,21.6411,trailing_stop,explicit_replay,367.5332584926115,-26.378336965109327,-6.5757,7.0,False,0.0,,,,,-0.06575720579543332,2024-05-30,0.22224671467105211,0.5822298267825889,-0.35998311211153683,Q1
exit_closed,2024-06-10,,,,,,,,,,,,,,,SEIC,sell,Unknown,14.0,68.400779126086,,,,,,,3646.476476157148,,,,,,,2024-05-15,2024-05-16,0.9948717948717948,ml_p_side,5.0,2.0,ml_first,ML-ranked candidate,0.0,REDUCED,max_position_weight atteint,0.23961,958.44,14.0,14.0,68.46,transitioned,2024-05-16,2024-05-17,64.81,71.65,0.0467,68.46,multiple_r,2024-06-10,64.81,take_profit,take_profit,True,,,,,2024-05-16,64.81,take_profit,explicit_replay,-907.8915984588144,49.147022787701154,5.5405,25.0,False,0.0,,,,,0.052496172879360925,2024-05-15,0.19952509831101742,0.1036407201507256,0.09588437816029181,Q4
exit_closed,2024-06-11,,,,,,,,,,,,,,,BZ,buy,Unknown,19.0,20.394731536538924,,,,,,,3717.184002809978,,,,,,,2024-05-29,2024-05-30,0.9974424552429668,ml_p_side,2.0,2.0,ml_first,ML-ranked candidate,0.0,ACCEPTED,OK,0.0970425,388.17,19.0,19.0,20.37,transitioned,2024-05-30,2024-05-31,23.09,17.89,0.07,20.37,multiple_r,2024-06-11,20.4507,trailing_stop,trailing_stop,True,,,,,2024-05-30,20.4507,trailing_stop,explicit_replay,388.3518900776105,0.7357409136126307,0.2744,12.0,False,0.0,,,,,0.0027442608578007732,2024-05-29,0.2947003043025737,0.6070327521383597,-0.312332447835786,Q1
exit_closed,2024-06-11,,,,,,,,,,,,,,,PINS,buy,Unknown,16.0,41.65285865100035,,,,,,,4430.391522809979,,,,,,,2024-06-05,2024-06-06,1.0,ml_p_side,1.0,1.0,ml_first,ML-ranked candidate,0.0,ACCEPTED,OK,0.16484,659.36,16.0,16.0,41.15,transitioned,2024-06-06,2024-06-07,44.6,38.25,0.07,41.15,multiple_r,2024-06-11,44.6,take_profit,take_profit,True,,,,,2024-06-06,44.6,take_profit,explicit_replay,713.2075199999999,46.56184786246956,7.0755,5.0,False,0.0,,,,,0.0707548399905289,2024-06-05,0.2589976822833901,0.5049574011012091,-0.24595971881781903,Q1
exit_closed,2024-06-12,,,,,,,,,,,,,,,CRUS,sell,Unknown,4.0,110.1617980210517,,,,,,,2984.201983421831,,,,,,,2024-05-15,2024-05-16,0.9974358974358974,ml_p_side,2.0,1.0,ml_first,ML-ranked candidate,0.0,ACCEPTED,OK,0.1124,449.6,4.0,4.0,110.34,transitioned,2024-05-16,2024-05-17,99.74,123.48,0.1191,110.34,multiple_r,2024-06-12,121.623788,trailing_stop,trailing_stop,True,,,,,2024-05-16,121.623788,trailing_stop,explicit_replay,-491.8975390529375,-51.52417772381157,-9.4241,27.0,False,0.0,,,,,-0.10404686728840384,2024-05-15,0.21882615504856612,0.42500972092602807,-0.20618356587746195,Q1
exit_closed,2024-06-13,,,,,,,,,,,,,,,ARLO,buy,Unknown,24.0,13.23121244563214,,,,,,,2789.611271182335,,,,,,,2024-06-10,2024-06-11,0.9974424552429668,ml_p_side,2.0,2.0,ml_first,ML-ranked candidate,0.0,ACCEPTED,OK,0.07908,316.32,24.0,24.0,13.21,transitioned,2024-06-11,2024-06-12,14.89,11.17,0.07,13.21,multiple_r,2024-06-13,13.205999999999998,trailing_stop,trailing_stop,True,,,,,2024-06-11,13.205999999999998,trailing_stop,explicit_replay,316.607894746768,-1.0364686780119428,-0.1906,2.0,False,0.0,,,,,-0.0019055279881372567,2024-06-10,0.32122266167202423,0.6189849838973367,-0.29776232222531246,Q1
exit_closed,2025-01-08,,,,,,,,,,,,,,,COMP,buy,Unknown,55.0,5.807844586530264,,,,,,,2781.79666374892,,,,,,,2025-01-02,2025-01-03,0.9898477157360406,ml_p_side,6.0,5.0,ml_first,ML-ranked candidate,0.0,ACCEPTED,OK,0.07975,319.0,55.0,55.0,5.8,transitioned,2025-01-03,2025-01-06,6.55,4.89,0.07,5.8,multiple_r,2025-01-08,5.5242,trailing_stop,trailing_stop,True,,,,,2025-01-03,5.5242,trailing_stop,explicit_replay,303.46784443321394,-16.059437261628318,-4.8838,5.0,False,0.0,,,,,-0.048838184683540065,2025-01-02,0.5776267250337399,0.6582984867152907,-0.08067176168155077,Q3
exit_closed,2025-01-10,,,,,,,,,,,,,,,CPRI,buy,Unknown,17.999999999,20.67050744575937,,,,,,,3038.9561250978286,,,,,,,2025-01-02,2025-01-03,1.0,ml_p_side,1.0,1.0,ml_first,ML-ranked candidate,0.0,ACCEPTED,OK,0.092745,370.98,18.0,17.999999999,20.65,transitioned,2025-01-03,2025-01-06,23.29,17.89,0.07,20.65,multiple_r,2025-01-10,23.29,take_profit,take_profit,True,,,,,2025-01-03,23.29,take_profit,explicit_replay,418.82907268640906,46.64831794321009,12.6726,7.0,False,0.0,,,,,0.12672608841918054,2025-01-02,0.6084997905924401,0.5876150210418243,0.0208847695506158,Q4
exit_closed,2025-01-10,,,,,,,,,,,,,,,MD,buy,Unknown,30.0,13.046446402439026,,,,,,,3411.695830517129,,,,,,,2025-01-02,2025-01-03,0.9949238578680204,ml_p_side,3.0,3.0,ml_first,ML-ranked candidate,0.0,ACCEPTED,OK,0.0977249999999999,390.9,30.0,30.0,13.03,transitioned,2025-01-03,2025-01-06,14.72,11.41,0.07,13.03,multiple_r,2025-01-10,12.4434,trailing_stop,trailing_stop,True,,,,,2025-01-03,12.4434,trailing_stop,explicit_replay,372.7397054193004,-18.771104671492367,-4.6223,7.0,False,0.0,,,,,-0.046223039120161236,2025-01-02,0.5439396739507484,0.5877558370228552,-0.043816163072106784,Q3
exit_closed,2025-01-10,,,,,,,,,,,,,,,MUR,sell,Unknown,16.0,30.944476102106968,,,,,,,2874.2463274998668,,,,,,,2025-01-02,2025-01-03,0.9949238578680204,ml_p_side,4.0,2.0,ml_first,ML-ranked candidate,0.0,ACCEPTED,OK,0.12384,495.36,16.0,16.0,30.97,transitioned,2025-01-03,2025-01-06,27.48,34.0,0.0978999999999999,30.97,multiple_r,2025-01-10,33.562803,trailing_stop,trailing_stop,True,,,,,2025-01-03,33.562803,trailing_stop,explicit_replay,-537.4082437157928,-42.48641886884085,-7.8013,7.0,False,0.0,,,,,-0.08461370905919963,2025-01-02,0.35143271785602165,0.526664300147132,-0.1752315822911103,Q2
exit_closed,2025-01-13,,,,,,,,,,,,,,,GEO,buy,Unknown,10.0,28.563658307900983,,,,,,,3053.894578514168,,,,,,,2025-01-02,2025-01-03,0.9847715736040608,ml_p_side,8.0,7.0,ml_first,ML-ranked candidate,0.0,ACCEPTED,OK,0.070725,282.9,10.0,10.0,28.3,transitioned,2025-01-03,2025-01-06,31.97,23.65,0.07,28.3,multiple_r,2025-01-13,29.5461,trailing_stop,trailing_stop,True,,,,,2025-01-03,29.5461,trailing_stop,explicit_replay,295.17975348617995,9.45747943224643,3.4395,10.0,False,0.0,,,,,0.03439481321015747,2025-01-02,0.5931165217620932,0.732153988292067,-0.13903746652997384,Q2
exit_closed,2025-01-13,,,,,,,,,,,,,,,SMCI,buy,Unknown,5.0,32.324225,,,,,,,3212.244812952875,,,,,,,2025-01-08,2025-01-10,1.0,ml_p_side,1.0,1.0,ml_first,ML-ranked candidate,0.0,ACCEPTED,OK,0.0407625,163.05,5.0,5.0,32.3,transitioned,2025-01-10,2025-01-13,36.85,22.73,0.07,32.3,multiple_r,2025-01-13,31.68975,trailing_stop,trailing_stop,True,,,,,2025-01-10,31.68975,trailing_stop,explicit_replay,158.35023443870656,-3.319376898793422,-1.9628,3.0,False,0.0,,,,,-0.01962846750386127,2025-01-08,0.6099913295229435,0.762699503399823,-0.1527081738768794,Q2
exit_closed,2025-01-16,,,,,,,,,,,,,,,PAGP,sell,Unknown,32.0,20.164891347923405,,,,,,,2097.853954896067,,,,,,,2025-01-10,2025-01-13,0.9974619289340102,ml_p_side,3.0,1.0,ml_first,ML-ranked candidate,0.0,ACCEPTED,OK,0.16008,640.32,32.0,32.0,20.18,transitioned,2025-01-13,2025-01-14,18.23,21.56,0.0686,20.18,multiple_r,2025-01-16,21.355971,trailing_stop,trailing_stop,True,,,,,2025-01-13,21.355971,trailing_stop,explicit_replay,-683.7551284354003,-38.69523384890329,-5.5773,3.0,False,0.0,,,,,-0.059067000735377295,2025-01-10,0.3076283021048977,0.2184714489697307,0.08915685313516702,Q4
exit_closed,2025-01-22,,,,,,,,,,,,,,,CSTM,buy,Unknown,37.0,10.304935675547098,,,,,,,2248.2975087738982,,,,,,,2025-01-02,2025-01-03,0.9923857868020304,ml_p_side,5.0,4.0,ml_first,ML-ranked candidate,0.0,ACCEPTED,OK,0.0951824999999999,380.73,37.0,37.0,10.29,transitioned,2025-01-03,2025-01-06,11.63,8.94,0.07,10.29,multiple_r,2025-01-22,10.332299999999998,trailing_stop,trailing_stop,True,,,,,2025-01-03,10.332299999999998,trailing_stop,explicit_replay,381.6260928136442,0.2290880324030695,0.2655,19.0,False,0.0,,,,,0.0026554580556803487,2025-01-02,0.5790763062817627,0.645568887992914,-0.06649258171115136,Q3
exit_closed,2025-01-23,,,,,,,,,,,,,,,RVLV,buy,Unknown,7.0,29.159470338563874,,,,,,,2158.1013661658703,,,,,,,2025-01-10,2025-01-13,0.9949238578680204,ml_p_side,4.0,3.0,ml_first,ML-ranked candidate,0.0,ACCEPTED,OK,0.051275,205.1,7.0,7.0,29.13,transitioned,2025-01-13,2025-01-14,33.11,23.04,0.07,29.13,multiple_r,2025-01-23,33.11,take_profit,take_profit,True,,,,,2025-01-13,33.11,take_profit,explicit_replay,231.6425265,27.46499924234189,13.548,10.0,False,0.0,,,,,0.135480158437977,2025-01-10,0.6291642264683789,0.6959575079209752,-0.06679328145259633,Q3
exit_closed,2025-01-23,,,,,,,,,,,,,,,ALKS,buy,Unknown,20.0,27.81350171902577,,,,,,,2775.424198107297,,,,,,,2025-01-10,2025-01-13,0.9923857868020304,ml_p_side,5.0,4.0,ml_first,ML-ranked candidate,0.0,ACCEPTED,OK,0.1403999999999999,561.5999999999999,20.0,20.0,27.78,transitioned,2025-01-13,2025-01-14,30.89,25.62,0.07,27.78,multiple_r,2025-01-23,30.89,take_profit,take_profit,True,,,,,2025-01-13,30.89,take_profit,explicit_replay,617.3228319414264,60.8859165505969,11.0612,10.0,False,0.0,,,,,0.11061168464342486,2025-01-10,0.3191373744912049,0.29231608545088766,0.02682128904031722,Q4
exit_closed,2025-01-24,,,,,,,,,,,,,,,FIGS,buy,Unknown,45.0,6.013362694300518,,,,,,,3203.8921248645065,,,,,,,2025-01-13,2025-01-14,0.9974619289340102,ml_p_side,2.0,2.0,ml_first,ML-ranked candidate,0.0,ACCEPTED,OK,0.06705,268.2,45.0,45.0,6.0,transitioned,2025-01-14,2025-01-15,6.73,4.87,0.07,6.0,multiple_r,2025-01-24,5.82645,trailing_stop,trailing_stop,True,,,,,2025-01-14,5.82645,trailing_stop,explicit_replay,261.6610942136598,-9.021407426236578,-3.1083,10.0,False,0.0,,,,,-0.031082890522747708,2025-01-13,0.6174019407718031,0.7231347690081936,-0.10573282823639052,Q2
exit_closed,2025-01-27,,,,,,,,,,,,,,,SMCI,buy,Unknown,5.0,31.97644354521625,,,,,,,3872.927427589507,,,,,,,2025-01-13,2025-01-14,1.0,ml_p_side,1.0,1.0,ml_first,ML-ranked candidate,0.0,ACCEPTED,OK,0.0388499999999999,155.39999999999998,5.0,5.0,31.95,transitioned,2025-01-14,2025-01-15,35.12,21.7,0.07,31.95,multiple_r,2025-01-27,32.5314,trailing_stop,trailing_stop,True,,,,,2025-01-14,32.5314,trailing_stop,explicit_replay,162.56753864999996,2.6373562586008745,1.7355,13.0,False,0.0,,,,,0.017355165029500963,2025-01-13,0.6099913295229435,0.7753794796654864,-0.16538815014254282,Q2
exit_closed,2025-01-27,,,,,,,,,,,,,,,NVCR,buy,Unknown,8.999999999,25.679245,,,,,,,4102.601093870535,,,,,,,2025-01-16,2025-01-17,0.9974619289340102,ml_p_side,2.0,2.0,ml_first,ML-ranked candidate,0.0,ACCEPTED,OK,0.058545,234.18,9.0,8.999999999,25.660000000000004,transitioned,2025-01-17,2025-01-21,29.4,20.82,0.07,25.66,multiple_r,2025-01-27,25.5471,trailing_stop,trailing_stop,True,,,,,2025-01-17,25.5471,trailing_stop,explicit_replay,229.67366628102775,-1.5088726547852789,-0.5146,10.0,False,0.0,,,,,-0.005145984626884537,2025-01-16,0.5877387286230354,0.7084223464288564,-0.12068361780582093,Q2
exit_closed,2025-01-28,,,,,,,,,,,,,,,CXW,buy,Unknown,15.0,21.61109103480715,,,,,,,4723.756479803753,,,,,,,2025-01-23,2025-01-24,1.0,ml_p_side,1.0,1.0,ml_first,ML-ranked candidate,0.0,ACCEPTED,OK,0.0812249999999999,324.9,15.0,15.0,21.579999999999995,transitioned,2025-01-24,2025-01-27,24.48,18.41,0.07,21.58,multiple_r,2025-01-28,20.4135,trailing_stop,trailing_stop,True,,,,,2025-01-24,20.4135,trailing_stop,explicit_replay,305.9591288591044,-18.30448657265947,-5.5416,4.0,False,0.0,,,,,-0.05541557494150995,2025-01-23,0.5803796170700753,0.7171858750535338,-0.13680625798345847,Q2
exit_closed,2025-02-03,,,,,,,,,,,,,,,ACM,buy,Unknown,7.0,106.207541734206,,,,,,,5168.01235839117,,,,,,,2025-01-02,2025-01-03,0.9873096446700508,ml_p_side,7.0,6.0,ml_first,ML-ranked candidate,0.0,ACCEPTED,OK,0.186025,744.1,7.0,7.0,106.12,transitioned,2025-01-03,2025-01-06,113.56,99.95,0.07,106.12,multiple_r,2025-02-03,104.0484,trailing_stop,trailing_stop,True,,,,,2025-01-03,104.0484,trailing_stop,explicit_replay,727.7695283734847,-15.906299603599107,-2.0329,31.0,False,0.0,,,,,-0.02032945776684536,2025-01-02,0.18032774975946647,0.28395569183377506,-0.10362794207430859,Q2
exit_closed,2025-02-03,,,,,,,,,,,,,,,CLF,buy,Unknown,33.0,9.749762014063284,,,,,,,5497.661433988627,,,,,,,2025-01-22,2025-01-23,0.9974619289340102,ml_p_side,2.0,2.0,ml_first,ML-ranked candidate,0.0,ACCEPTED,OK,0.08019,320.76000000000005,33.0,33.0,9.739999999999998,transitioned,2025-01-23,2025-01-24,10.98,8.25,0.07,9.74,multiple_r,2025-02-03,9.9975,trailing_stop,trailing_stop,True,,,,,2025-01-23,9.9975,trailing_stop,explicit_replay,329.6490755974576,7.810406489430022,2.541,11.0,False,0.0,,,,,0.025409644417922594,2025-01-22,0.5975801928997276,0.7015412821041691,-0.10396108920444147,Q2
exit_closed,2025-02-03,,,,,,,,,,,,,,,FIGS,buy,Unknown,49.0,5.76280591537133,,,,,,,5765.248797749041,,,,,,,2025-01-27,2025-01-28,0.9949367088607596,ml_p_side,3.0,3.0,ml_first,ML-ranked candidate,0.0,ACCEPTED,OK,0.07007,280.28,49.0,49.0,5.75,transitioned,2025-01-28,2025-01-29,6.46,4.71,0.07,5.75,multiple_r,2025-02-03,5.4777,trailing_stop,trailing_stop,True,,,,,2025-01-28,5.4777,trailing_stop,explicit_replay,267.5873637604132,-14.874839339737887,-4.9473,6.0,False,0.0,,,,,-0.049473454348142765,2025-01-27,0.6199953936834858,0.7005145519827554,-0.08051915829926959,Q3
exit_closed,2025-02-04,,,,,,,,,,,,,,,CXW,buy,Unknown,14.0,20.24490151426481,,,,,,,5930.365764960565,,,,,,,2025-01-28,2025-01-29,0.9974683544303796,ml_p_side,1.0,2.0,ml_first,ML-ranked candidate,0.0,ACCEPTED,OK,0.07077,283.08,14.0,14.0,20.22,transitioned,2025-01-29,2025-01-30,22.85,16.77,0.07,20.22,multiple_r,2025-02-04,19.6602,trailing_stop,trailing_stop,True,,,,,2025-01-29,19.6602,trailing_stop,explicit_replay,274.94149116,-8.572158626067278,-2.8881,6.0,False,0.0,,,,,-0.02888142053211884,2025-01-28,0.5803796170700753,0.7113533652422268,-0.13097374817215146,Q2
exit_closed,2025-02-05,,,,,,,,,,,,,,,MOS,sell,Unknown,17.0,28.895165489371127,,,,,,,5443.185545376082,,,,,,,2025-01-23,2025-01-24,0.9974619289340102,ml_p_side,2.0,1.0,ml_first,ML-ranked candidate,0.0,ACCEPTED,OK,0.1224,489.6,17.0,17.0,28.925,transitioned,2025-01-24,2025-01-27,25.54,31.66,0.0944,28.92,multiple_r,2025-02-05,28.629504,trailing_stop,trailing_stop,True,,,,,2025-01-24,28.629504,trailing_stop,explicit_replay,-487.11004561115135,3.8902283908307353,0.9279,12.0,False,0.0,,,,,0.009193977084811955,2025-01-23,0.42219478184965215,0.5332407573120747,-0.11104597546242251,Q2
exit_closed,2025-02-07,,,,,,,,,,,,,,,ENPH,buy,Unknown,4.0,65.38238726415095,,,,,,,5252.856290074489,,,,,,,2025-02-03,2025-02-04,0.9949367088607596,ml_p_side,3.0,3.0,ml_first,ML-ranked candidate,0.0,ACCEPTED,OK,0.06391,255.64,4.0,4.0,65.33,transitioned,2025-02-04,2025-02-05,72.22,52.32,0.07,65.33,multiple_r,2025-02-07,64.542,trailing_stop,trailing_stop,True,,,,,2025-02-04,64.542,trailing_stop,explicit_replay,258.0499060231738,-3.558101898147015,-1.2853,3.0,False,0.0,,,,,-0.012853419694752066,2025-02-03,0.600141891619585,0.7159931693641273,-0.11585127774454229,Q2
exit_closed,2025-02-07,,,,,,,,,,,,,,,SMCI,buy,Unknown,6.0,31.995437986398574,,,,,,,5465.334902496004,,,,,,,2025-02-05,2025-02-06,1.0,ml_p_side,1.0,1.0,ml_first,ML-ranked candidate,0.0,ACCEPTED,OK,0.047235,188.94,6.0,6.0,31.97,transitioned,2025-02-06,2025-02-07,35.58,23.39,0.07,31.97,multiple_r,2025-02-07,35.58,take_profit,take_profit,True,,,,,2025-02-06,35.58,take_profit,explicit_replay,212.4786124215148,20.44839271474785,11.2034,1.0,False,0.0,,,,,0.112033534753462,2025-02-05,0.6154996718635745,0.7923327500012225,-0.17683307813764804,Q2
exit_closed,2025-02-10,,,,,,,,,,,,,,,FIGS,buy,Unknown,55.0,5.467671176470589,,,,,,,5360.847160353592,,,,,,,2025-02-03,2025-02-04,0.9924050632911392,ml_p_side,4.0,4.0,ml_first,ML-ranked candidate,0.0,ACCEPTED,OK,0.0748,299.20000000000005,55.0,55.0,5.46,transitioned,2025-02-04,2025-02-05,6.15,4.53,0.07,5.46,multiple_r,2025-02-10,5.2545,trailing_stop,trailing_stop,True,,,,,2025-02-04,5.2545,trailing_stop,explicit_replay,288.3571656925287,-12.454965587765455,-3.8988,6.0,False,0.0,,,,,-0.038987563368467315,2025-02-03,0.612098897915912,0.7285529628364664,-0.11645406492055443,Q2
exit_closed,2025-02-12,,,,,,,,,,,,,,,BAX,sell,Unknown,17.999999999,33.21321175282961,,,,,,,3982.73539979716,,,,,,,2025-01-27,2025-01-28,0.9924050632911392,ml_p_side,4.0,3.0,ml_first,ML-ranked candidate,0.0,ACCEPTED,OK,0.1505699999999999,602.28,18.0,17.999999999,33.24,transitioned,2025-01-28,2025-01-29,30.43,36.11,0.0863,33.24,multiple_r,2025-02-12,30.43,take_profit,take_profit,True,,,,,2025-01-28,30.43,take_profit,explicit_replay,-548.0852734066173,49.46643001559041,9.1463,15.0,False,0.0,,,,,0.08379833222821309,2025-01-27,0.16471196112244788,0.2680735048013261,-0.1033615436788782,Q2
exit_closed,2025-02-20,,,,,,,,,,,,,,,GTM,buy,Unknown,39.0,10.069925377128952,,,,,,,4100.056576744695,,,,,,,2025-02-07,2025-02-10,0.9974683544303796,ml_p_side,2.0,2.0,ml_first,ML-ranked candidate,0.0,ACCEPTED,OK,0.0975,390.0,39.0,39.0,10.06,transitioned,2025-02-10,2025-02-11,11.3,8.72,0.07,10.06,multiple_r,2025-02-20,9.8952,trailing_stop,trailing_stop,True,,,,,2025-02-10,9.8952,trailing_stop,explicit_replay,385.6018249460394,-7.243082888902165,-1.7351,10.0,False,0.0,,,,,-0.017351208731475887,2025-02-07,0.545975710624057,0.678312924111916,-0.13233721348785898,Q2
exit_closed,2025-02-21,,,,,,,,,,,,,,,CPRI,buy,Unknown,12.0,21.356005,,,,,,,3779.963286635834,,,,,,,2025-02-06,2025-02-07,1.0,ml_p_side,1.0,1.0,ml_first,ML-ranked candidate,0.0,ACCEPTED,OK,0.06414,256.56,12.0,12.0,21.340000000000003,transitioned,2025-02-07,2025-02-10,24.16,17.49,0.07,21.34,multiple_r,2025-02-21,21.726846,trailing_stop,trailing_stop,True,,,,,2025-02-07,21.726846,trailing_stop,explicit_replay,260.5215305882028,4.17258897020281,1.7365,14.0,False,0.0,,,,,0.017364717792489603,2025-02-06,0.5753416493158839,0.6691923843591653,-0.09385073504328134,Q3
exit_closed,2025-02-24,,,,,,,,,,,,,,,NVCR,buy,Unknown,12.0,21.27564946028753,,,,,,,4647.436008499259,,,,,,,2025-02-10,2025-02-11,1.0,ml_p_side,1.0,1.0,ml_first,ML-ranked candidate,0.0,ACCEPTED,OK,0.06495,259.79999999999995,12.0,12.0,21.24,transitioned,2025-02-11,2025-02-12,24.46,17.55,0.07,21.24,multiple_r,2025-02-24,21.3435,trailing_stop,trailing_stop,True,,,,,2025-02-11,21.3435,trailing_stop,explicit_replay,255.8642436919708,0.479857830463402,0.3189,13.0,False,0.0,,,,,0.0031891172036424553,2025-02-10,0.6083060469311992,0.6474817333359005,-0.03917568640470137,Q3
exit_closed,2025-02-24,,,,,,,,,,,,,,,DOCU,buy,Unknown,3.0,89.40006264737406,,,,,,,4896.881895139224,,,,,,,2025-02-12,2025-02-13,1.0,ml_p_side,1.0,1.0,ml_first,ML-ranked candidate,0.0,ACCEPTED,OK,0.0662175,264.87,3.0,3.0,89.3,transitioned,2025-02-13,2025-02-14,99.77,75.24,0.07,89.3,multiple_r,2025-02-24,83.18849999999999,trailing_stop,trailing_stop,True,,,,,2025-02-13,83.18849999999999,trailing_stop,explicit_replay,249.44588663996592,-18.834761358538916,-6.9481,11.0,False,0.0,,,,,-0.06948051783671227,2025-02-12,0.5855274934637161,0.6101418642111749,-0.024614370747458758,Q3
exit_closed,2025-02-25,,,,,,,,,,,,,,,MIDD,sell,Unknown,3.0,168.87324999999998,,,,,,,4592.576434590409,,,,,,,2025-01-24,2025-01-27,0.9974619289340102,ml_p_side,2.0,1.0,ml_first,ML-ranked candidate,0.0,ACCEPTED,OK,0.12729,509.16,3.0,3.0,169.0,transitioned,2025-01-27,2025-01-28,154.17,183.33,0.0848,169.0,multiple_r,2025-02-25,174.305664,trailing_stop,trailing_stop,True,,,,,2025-01-27,174.305664,trailing_stop,explicit_replay,-524.0165053703622,-17.72364573286222,-3.1166,29.0,False,0.0,,,,,-0.03216858797944622,2025-01-24,0.2944837922347059,0.5116687221062861,-0.21718492987158022,Q1
exit_closed,2025-02-25,,,,,,,,,,,,,,,BAX,sell,Unknown,17.999999999,33.98844532278752,,,,,,,3945.1011696947016,,,,,,,2025-02-21,2025-02-24,0.9974683544303796,ml_p_side,2.0,1.0,ml_first,ML-ranked candidate,0.0,ACCEPTED,OK,0.15219,608.76,18.0,17.999999999,34.02,transitioned,2025-02-24,2025-02-25,30.68,36.57,0.0749,34.02,multiple_r,2025-02-25,35.944655999999995,trailing_stop,trailing_stop,True,,,,,2025-02-24,35.944655999999995,trailing_stop,explicit_replay,-647.4679816574243,-35.86678672425326,-5.4423,1.0,False,0.0,,,,,-0.05755516789998438,2025-02-21,0.17370880309911363,0.35566441633402945,-0.18195561323491583,Q2
exit_closed,2025-02-28,,,,,,,,,,,,,,,FIGS,buy,Unknown,65.0,5.502690652173913,,,,,,,5251.347370791791,,,,,,,2025-02-24,2025-02-25,0.9974683544303796,ml_p_side,3.0,2.0,ml_first,ML-ranked candidate,0.0,ACCEPTED,OK,0.0882375,352.95,65.0,65.0,5.49,transitioned,2025-02-25,2025-02-26,6.14,4.66,0.07,5.49,multiple_r,2025-02-28,5.3103,trailing_stop,trailing_stop,True,,,,,2025-02-25,5.3103,trailing_stop,explicit_replay,344.31065483927784,-13.47154001974394,-3.4963,3.0,False,0.0,,,,,-0.03496301433879567,2025-02-24,0.5352494582019512,0.6466858887742573,-0.11143643057230601,Q2
exit_closed,2025-03-03,,,,,,,,,,,,,,,CHRD,sell,Unknown,4.0,119.38073634799868,,,,,,,4587.872520488124,,,,,,,2025-01-02,2025-01-03,0.9974619289340102,ml_p_side,2.0,1.0,ml_first,ML-ranked candidate,0.0,ACCEPTED,OK,0.11889,475.56,4.0,4.0,119.48,transitioned,2025-01-03,2025-01-06,105.98,130.19,0.0896,119.48,multiple_r,2025-03-03,105.98,take_profit,take_profit,True,,,,,2025-01-03,105.98,take_profit,explicit_replay,-424.4463849650626,52.59790052214635,12.6446,59.0,False,0.0,,,,,0.11225208319150504,2025-01-02,0.2615001957555796,0.30552148497329157,-0.04402128921771198,Q3
exit_closed,2025-03-03,,,,,,,,,,,,,,,OSK,sell,Unknown,4.0,113.18285867088608,,,,,,,4187.45921006782,,,,,,,2025-02-03,2025-02-04,0.9974683544303796,ml_p_side,2.0,1.0,ml_first,ML-ranked candidate,0.0,ACCEPTED,OK,0.1128499999999999,451.4,4.0,4.0,113.26999999999998,transitioned,2025-02-04,2025-02-05,99.96,124.13,0.0959,113.27,multiple_r,2025-03-03,99.96,take_profit,take_profit,True,,,,,2025-02-04,99.96,take_profit,explicit_replay,-400.26778960201193,52.1823048328362,13.2281,27.0,False,0.0,,,,,0.11682739618139182,2025-02-03,0.27826618374143364,0.45446603691178755,-0.17619985317035392,Q2
exit_closed,2025-03-04,,,,,,,,,,,,,,,KVYO,buy,Unknown,6.0,39.77024597911228,,,,,,,4647.785354999686,,,,,,,2025-02-28,2025-03-03,1.0,ml_p_side,1.0,1.0,ml_first,ML-ranked candidate,0.0,ACCEPTED,OK,0.05898,235.92,6.0,6.0,39.74,transitioned,2025-03-03,2025-03-04,44.43,31.4,0.07,39.74,multiple_r,2025-03-04,37.2,trailing_stop,trailing_stop,True,,,,,2025-03-03,37.2,trailing_stop,explicit_replay,222.9852058497814,-15.707856467654636,-6.4627,1.0,False,0.0,,,,,-0.06462735936967046,2025-02-28,0.5196441167769198,0.5660350336425245,-0.0463909168656047,Q3
exit_closed,2025-03-06,,,,,,,,,,,,,,,ASAN,buy,Unknown,11.0,18.013819277108432,,,,,,,4512.882821066437,,,,,,,2025-03-03,2025-03-04,1.0,ml_p_side,1.0,1.0,ml_first,ML-ranked candidate,0.0,ACCEPTED,OK,0.05104,204.16,11.0,11.0,18.0,transitioned,2025-03-04,2025-03-05,20.97,14.03,0.07,18.0,multiple_r,2025-03-06,17.8374,trailing_stop,trailing_stop,True,,,,,2025-03-04,17.8374,trailing_stop,explicit_replay,196.0423054564045,-2.169152195402688,-0.9794,2.0,False,0.0,,,,,-0.00979355207213739,2025-03-03,0.6209001804862175,0.7266600076762674,-0.10575982719004984,Q2
exit_closed,2025-03-07,,,,,,,,,,,,,,,CPB,sell,Unknown,14.0,41.27439261193134,,,,,,,3761.4511489509096,,,,,,,2025-02-24,2025-02-25,0.9974683544303796,ml_p_side,2.0,1.0,ml_first,ML-ranked candidate,0.0,ACCEPTED,OK,0.144655,578.62,14.0,14.0,41.3,transitioned,2025-02-25,2025-02-26,37.48,44.7,0.0822,41.3,multiple_r,2025-03-07,41.199354,trailing_stop,trailing_stop,True,,,,,2025-02-25,41.199354,trailing_stop,explicit_replay,-577.0329132241881,0.5664402395274839,0.1821,10.0,False,0.0,,,,,0.0018180427907653618,2025-02-24,0.19358034685071565,0.316184953631726,-0.12260460678101034,Q2
exit_closed,2025-03-07,,,,,,,,,,,,,,,PII,buy,Unknown,8.0,41.35569821424238,,,,,,,4131.007780950909,,,,,,,2025-03-04,2025-03-05,1.0,ml_p_side,1.0,1.0,ml_first,ML-ranked candidate,0.0,ACCEPTED,OK,0.0818,327.2,8.0,8.0,41.32,transitioned,2025-03-05,2025-03-06,46.22,34.92,0.07,41.32,multiple_r,2025-03-07,46.22,take_profit,take_profit,True,,,,,2025-03-05,46.22,take_profit,explicit_replay,369.556632,38.611792610346754,11.7621,2.0,False,0.0,,,,,0.11762107752499307,2025-03-04,0.45755779397229984,0.5073198260231208,-0.049762032050820915,Q3
exit_closed,2025-03-10,,,,,,,,,,,,,,,HALO,buy,Unknown,10.0,58.044068849051705,,,,,,,4917.383769628329,,,,,,,2025-02-20,2025-02-21,1.0,ml_p_side,1.0,1.0,ml_first,ML-ranked candidate,0.0,ACCEPTED,OK,0.1436,574.4,10.0,10.0,58.0,transitioned,2025-02-21,2025-02-24,63.06,52.52,0.07,58.0,multiple_r,2025-03-10,63.06,take_profit,take_profit,True,,,,,2025-02-21,63.06,take_profit,explicit_replay,630.2569024993899,49.642081802325606,8.6416,17.0,False,0.0,,,,,0.08641591208901356,2025-02-20,0.4073514474265507,0.4080641771031643,-0.000712729676613566,Q3
exit_closed,2025-03-10,,,,,,,,,,,,,,,BAX,sell,Unknown,16.0,35.91693285065948,,,,,,,4328.112377814841,,,,,,,2025-02-25,2025-02-26,0.9974683544303796,ml_p_side,2.0,1.0,ml_first,ML-ranked candidate,0.0,ACCEPTED,OK,0.14376,575.04,16.0,16.0,35.94,transitioned,2025-02-26,2025-02-27,32.56,38.9,0.0823,35.94,multiple_r,2025-03-10,36.7982,trailing_stop,trailing_stop,True,,,,,2025-02-26,36.7982,trailing_stop,explicit_replay,-589.189295966972,-14.772867480619292,-2.3949,12.0,False,0.0,,,,,-0.024536258510847286,2025-02-25,0.19176232891125972,0.40149167462242485,-0.20972934571116514,Q1
exit_closed,2025-03-10,,,,,,,,,,,,,,,ASAN,buy,Unknown,10.0,17.427768493150683,,,,,,,4499.213164404545,,,,,,,2025-03-06,2025-03-07,1.0,ml_p_side,1.0,1.0,ml_first,ML-ranked candidate,0.0,ACCEPTED,OK,0.04445,177.8,10.0,10.0,17.4,transitioned,2025-03-07,2025-03-10,20.09,13.09,0.07,17.4,multiple_r,2025-03-10,17.1306,trailing_stop,trailing_stop,True,,,,,2025-03-07,17.1306,trailing_stop,explicit_replay,171.1007865897037,-3.229181647282587,-1.7051,3.0,False,0.0,,,,,-0.01705143680715482,2025-03-06,0.6125244689376195,0.7320415287987933,-0.11951705986117378,Q2
exit_closed,2025-03-11,,,,,,,,,,,,,,,ASH,sell,Unknown,6.0,64.59221465188612,,,,,,,4696.221427258205,,,,,,,2025-02-25,2025-02-26,0.9949367088607596,ml_p_side,4.0,2.0,ml_first,ML-ranked candidate,0.0,ACCEPTED,OK,0.096705,386.82,6.0,6.0,64.64,transitioned,2025-02-26,2025-02-27,56.09,71.93,0.1128,64.64,multiple_r,2025-03-11,56.09,take_profit,take_profit,True,,,,,2025-02-26,56.09,take_profit,explicit_replay,-336.7584689832403,50.618574456669165,15.1582,13.0,False,0.0,,,,,0.13162909334674522,2025-02-25,0.2854505820013286,0.5885151635077691,-0.3030645815064405,Q1
exit_closed,2025-03-13,,,,,,,,,,,,,,,BILL,buy,Unknown,5.0,43.43122245274528,,,,,,,4574.144927367156,,,,,,,2025-03-10,2025-03-11,1.0,ml_p_side,1.0,1.0,ml_first,ML-ranked candidate,0.0,ACCEPTED,OK,0.0544875,217.95,5.0,5.0,43.39,transitioned,2025-03-11,2025-03-12,49.26,33.64,0.07,43.39,multiple_r,2025-03-13,43.0776,trailing_stop,trailing_stop,True,,,,,2025-03-11,43.0776,trailing_stop,explicit_replay,215.27448734574344,-1.9467717516620555,-0.8142,2.0,False,0.0,,,,,-0.008142125244806064,2025-03-10,0.6314208695570789,0.6377235810747678,-0.006302711517688908,Q3
exit_closed,2025-03-19,,,,,,,,,,,,,,,GEO,buy,Unknown,8.0,23.43191878708551,,,,,,,4565.028686577911,,,,,,,2025-03-07,2025-03-10,1.0,ml_p_side,1.0,1.0,ml_first,ML-ranked candidate,0.0,ACCEPTED,OK,0.04802,192.08,8.0,8.0,23.41,transitioned,2025-03-10,2025-03-11,27.13,17.84,0.07,23.41,multiple_r,2025-03-19,27.13,take_profit,take_profit,True,,,,,2025-03-10,27.13,take_profit,explicit_replay,216.8207949932552,29.30920809148213,15.7822,9.0,False,0.0,,,,,0.15782238093760736,2025-03-07,0.6011749822594661,0.6119098609617932,-0.010734878702327144,Q3
exit_closed,2025-03-24,,,,,,,,,,,,,,,BILL,buy,Unknown,5.0,45.173855,,,,,,,4341.417087384088,,,,,,,2025-03-13,2025-03-14,1.0,ml_p_side,1.0,1.0,ml_first,ML-ranked candidate,0.0,ACCEPTED,OK,0.0550375,220.15,5.0,5.0,45.14,transitioned,2025-03-14,2025-03-17,49.75,34.51,0.07,45.14,multiple_r,2025-03-24,49.75,take_profit,take_profit,True,,,,,2025-03-14,49.75,take_profit,explicit_replay,248.6131875,22.676151717499977,10.1301,10.0,False,0.0,,,,,0.10130074132482147,2025-03-13,0.6219959167861339,0.6200969742008966,0.0018989425852372621,Q4
exit_closed,2025-04-03,,,,,,,,,,,,,,,LBTYA,buy,Unknown,52.0,11.04544299279928,,,,,,,4602.561032521348,,,,,,,2025-02-10,2025-02-11,0.9974683544303796,ml_p_side,2.0,2.0,ml_first,ML-ranked candidate,0.0,ACCEPTED,OK,0.14417,576.68,52.0,52.0,11.03,transitioned,2025-02-11,2025-02-12,12.19,10.13,0.07,11.03,multiple_r,2025-04-03,11.22045,trailing_stop,trailing_stop,True,,,,,2025-02-11,11.22045,trailing_stop,explicit_replay,583.0235115020155,8.488166965765231,1.5844,51.0,False,0.0,,,,,0.015844272367781853,2025-02-10,0.3370253701106584,0.3239300311181878,0.013095338992470618,Q4
exit_closed,2025-04-03,,,,,,,,,,,,,,,AGCO,sell,Unknown,3.0,102.60716787816844,,,,,,,4334.39335734763,,,,,,,2025-03-10,2025-03-11,0.9949367088607596,ml_p_side,3.0,2.0,ml_first,ML-ranked candidate,0.0,ACCEPTED,OK,0.076965,307.86,3.0,3.0,102.69,transitioned,2025-03-11,2025-03-12,89.28,115.94,0.129,102.69,multiple_r,2025-04-03,89.28,take_profit,take_profit,True,,,,,2025-03-11,89.28,take_profit,explicit_replay,-268.08339071439013,39.56148200969631,14.9274,23.0,False,0.0,,,,,0.1298853496667267,2025-03-10,0.2974876714062471,0.48633288724286233,-0.18884521583661523,Q2
exit_closed,2025-04-03,,,,,,,,,,,,,,,MANH,buy,Unknown,2.0,168.62490614655223,,,,,,,4668.853028523554,,,,,,,2025-03-11,2025-03-12,0.9974683544303796,ml_p_side,3.0,2.0,ml_first,ML-ranked candidate,0.0,ACCEPTED,OK,0.08376,335.04,2.0,2.0,168.48,transitioned,2025-03-12,2025-03-13,189.3,147.14,0.07,168.48,multiple_r,2025-04-03,167.3628,trailing_stop,trailing_stop,True,,,,,2025-03-12,167.3628,trailing_stop,explicit_replay,334.4596711759244,-2.8913160608680077,-0.7485,22.0,False,0.0,,,,,-0.007484695917074902,2025-03-11,0.37624871154177386,0.47029147541656313,-0.09404276387478927,Q3
exit_closed,2025-04-03,,,,,,,,,,,,,,,FMC,buy,Unknown,11.0,42.91665106775452,,,,,,,5107.817446889268,,,,,,,2025-03-19,2025-03-20,1.0,ml_p_side,1.0,1.0,ml_first,ML-ranked candidate,0.0,ACCEPTED,OK,0.1188275,475.31,11.0,11.0,42.88,transitioned,2025-03-20,2025-03-21,48.33,38.73,0.07,42.88,multiple_r,2025-04-03,39.9435,trailing_stop,trailing_stop,True,,,,,2025-03-20,39.9435,trailing_stop,explicit_replay,438.9644183657138,-33.26036832810951,-6.9277,14.0,False,0.0,,,,,-0.06927733161333272,2025-03-19,0.4130078997601621,0.6259951115752895,-0.21298721181512742,Q1
exit_closed,2025-04-03,,,,,,,,,,,,,,,SYNA,buy,Unknown,5.0,64.35660629106363,,,,,,,5413.749820635542,,,,,,,2025-03-24,2025-03-25,1.0,ml_p_side,1.0,1.0,ml_first,ML-ranked candidate,0.0,ACCEPTED,OK,0.0815625,326.25,5.0,5.0,64.29,transitioned,2025-03-25,2025-03-26,73.73,56.14,0.07,64.29,multiple_r,2025-04-03,61.26375,trailing_stop,trailing_stop,True,,,,,2025-03-25,61.26375,trailing_stop,explicit_replay,305.9323737462747,-15.94719261847996,-4.8058,9.0,False,0.0,,,,,-0.04805810109183917,2025-03-24,0.5002478275725009,0.6427255126408946,-0.14247768506839376,Q2
exit_closed,2025-04-04,,,,,,,,,,,,,,,BJ,sell,Unknown,3.0,114.5779310725894,,,,,,,4749.20685491404,,,,,,,2025-03-07,2025-03-10,0.9974683544303796,ml_p_side,2.0,1.0,ml_first,ML-ranked candidate,0.0,ACCEPTED,OK,0.086625,346.5,3.0,3.0,114.68,transitioned,2025-03-10,2025-03-11,100.48,128.68,0.1221,114.68,multiple_r,2025-04-04,119.458766,trailing_stop,trailing_stop,True,,,,,2025-03-10,119.458766,trailing_stop,explicit_replay,-358.6234682473563,-15.095096891725436,-4.0858,25.0,False,0.0,,,,,-0.04259838593453402,2025-03-07,0.3101546106406178,0.332911786347206,-0.022757175706588195,Q3
exit_closed,2025-04-07,,,,,,,,,,,,,,,PRGO,sell,Unknown,15.0,29.04554011095937,,,,,,,4094.368779327374,,,,,,,2025-03-03,2025-03-04,0.9974683544303796,ml_p_side,2.0,1.0,ml_first,ML-ranked candidate,0.0,ACCEPTED,OK,0.10875,435.0,15.0,15.0,29.07,transitioned,2025-03-04,2025-03-05,25.25,32.28,0.1104,29.07,multiple_r,2025-04-07,25.25,take_profit,take_profit,True,,,,,2025-03-04,25.25,take_profit,explicit_replay,-379.00890693325664,56.36714187853238,15.0318,34.0,False,0.0,,,,,0.13067548740562918,2025-03-03,0.29292118491274216,0.39921059511920626,-0.1062894102064641,Q2
exit_closed,2025-04-07,,,,,,,,,,,,,,,ALHC,buy,Unknown,17.0,17.983851653325974,,,,,,,4392.920548853958,,,,,,,2025-04-03,2025-04-04,0.9974747474747476,ml_p_side,2.0,2.0,ml_first,ML-ranked candidate,0.0,ACCEPTED,OK,0.0786675,314.67,17.0,17.0,17.96,transitioned,2025-04-04,2025-04-07,20.92,15.7,0.07,17.96,multiple_r,2025-04-07,17.576999999999998,trailing_stop,trailing_stop,True,,,,,2025-04-04,17.576999999999998,trailing_stop,explicit_replay,298.5517695265844,-7.265426223389113,-2.2623,3.0,False,0.0,,,,,-0.022623165558126268,2025-04-03,0.5735548327194382,0.6599649987480157,-0.08641016602857754,Q3
exit_closed,2025-04-08,,,,,,,,,,,,,,,FLYW,buy,Unknown,30.999999999,8.889359667590028,,,,,,,4960.046906065654,,,,,,,2025-04-04,2025-04-07,0.9949494949494948,ml_p_side,4.0,3.0,ml_first,ML-ranked candidate,0.0,ACCEPTED,OK,0.0705249999999999,282.1,31.0,30.999999999000003,8.879999999999999,transitioned,2025-04-07,2025-04-08,10.28,7.54,0.07,8.88,multiple_r,2025-04-08,8.751299999999999,trailing_stop,trailing_stop,True,,,,,2025-04-07,8.751299999999999,trailing_stop,explicit_replay,271.05218829120435,-4.600632440103084,-1.5531,1.0,False,0.0,,,,,-0.015530890047500856,2025-04-04,0.5532752717492382,0.5008390111237087,0.05243626062552953,Q4
exit_closed,2025-04-09,,,,,,,,,,,,,,,DV,buy,Unknown,24.0,11.73463245508982,,,,,,,4615.210905231028,,,,,,,2025-04-08,2025-04-09,0.9949494949494948,ml_p_side,5.0,4.0,ml_first,ML-ranked candidate,0.0,ACCEPTED,OK,0.07116,284.64,24.0,24.0,11.72,transitioned,2025-04-09,2025-04-10,13.4,9.81,0.07,11.72,multiple_r,2025-04-09,13.4,take_profit,take_profit,True,,,,,2025-04-09,13.4,take_profit,explicit_replay,321.2628014371258,39.54713316129352,14.1919,0.0,True,0.0,,,,,0.14191902058149575,2025-04-08,0.44840005403359406,0.5618382143802486,-0.11343816034665455,Q2
exit_closed,2025-04-09,,,,,,,,,,,,,,,CSTM,buy,Unknown,23.0,7.708202741661957,,,,,,,4815.1377604769295,,,,,,,2025-04-08,2025-04-09,0.9924242424242424,ml_p_side,7.0,5.0,ml_first,ML-ranked candidate,0.0,ACCEPTED,OK,0.044275,177.1,23.0,23.0,7.700000000000001,transitioned,2025-04-09,2025-04-10,8.7,5.58,0.07,7.7,multiple_r,2025-04-09,8.7,take_profit,take_profit,True,,,,,2025-04-09,8.7,take_profit,explicit_replay,199.92685524590163,22.585005588759174,12.8668,0.0,True,0.0,,,,,0.12866777011163588,2025-04-08,0.573471788521682,0.5685646902150864,0.004907098306595636,Q4
exit_closed,2025-04-10,,,,,,,,,,,,,,,ANIP,buy,Unknown,5.0,62.38078062523683,,,,,,,4672.49186494105,,,,,,,2025-04-08,2025-04-09,1.0,ml_p_side,1.0,1.0,ml_first,ML-ranked candidate,0.0,ACCEPTED,OK,0.0788125,315.25,5.0,5.0,62.260000000000005,transitioned,2025-04-09,2025-04-10,71.25,53.2,0.07,62.26,multiple_r,2025-04-10,62.76105,trailing_stop,trailing_stop,True,,,,,2025-04-09,62.76105,trailing_stop,explicit_replay,313.35005306333704,1.3525787662150606,0.6096,1.0,False,0.0,,,,,0.006095938058994443,2025-04-08,0.3562725395693692,0.56385007264658,-0.20757753307721083,Q1
exit_closed,2025-04-10,,,,,,,,,,,,,,,FLYW,buy,Unknown,30.0,8.719122378215655,,,,,,,4933.616878949655,,,,,,,2025-04-08,2025-04-09,1.0,ml_p_side,2.0,2.0,ml_first,ML-ranked candidate,0.0,ACCEPTED,OK,0.064875,259.5,30.0,30.0,8.710000000000003,transitioned,2025-04-09,2025-04-10,9.77,7.01,0.07,8.71,multiple_r,2025-04-10,8.7327,trailing_stop,trailing_stop,True,,,,,2025-04-09,8.7327,trailing_stop,explicit_replay,261.1250140086053,-0.5271294392682648,0.1557,1.0,False,0.0,,,,,0.0015572234446745714,2025-04-08,0.5532752717492382,0.578276126043685,-0.02500085429444676,Q3
exit_closed,2025-04-11,,,,,,,,,,,,,,,COMP,buy,Unknown,25.0,7.844151300935204,,,,,,,5117.504630622087,,,,,,,2025-04-09,2025-04-10,0.9949494949494948,ml_p_side,4.0,3.0,ml_first,ML-ranked candidate,0.0,ACCEPTED,OK,0.0502499999999999,201.0,25.0,25.0,7.835,transitioned,2025-04-10,2025-04-11,9.09,6.1,0.07,7.83,multiple_r,2025-04-11,7.362623999999999,trailing_stop,trailing_stop,True,,,,,2025-04-10,7.362623999999999,trailing_stop,explicit_replay,183.8877516724317,-12.2748619857054,-6.1387,1.0,False,0.0,,,,,-0.06138679411726744,2025-04-09,0.5993235267133508,0.6429173833541878,-0.043593856640837036,Q3
exit_closed,2025-04-14,,,,,,,,,,,,,,,ALHC,buy,Unknown,14.0,18.55395773704172,,,,,,,5379.189863872983,,,,,,,2025-04-09,2025-04-10,1.0,ml_p_side,1.0,1.0,ml_first,ML-ranked candidate,0.0,ACCEPTED,OK,0.06489,259.56,14.0,14.0,18.54,transitioned,2025-04-10,2025-04-11,20.95,15.06,0.07,18.54,multiple_r,2025-04-14,18.7023,trailing_stop,trailing_stop,True,,,,,2025-04-10,18.7023,trailing_stop,explicit_replay,261.6852332508962,1.8518983098165336,0.7995,4.0,False,0.0,,,,,0.007995181678253305,2025-04-09,0.5099895172247921,0.6690588630173588,-0.1590693457925667,Q2
exit_closed,2025-04-16,,,,,,,,,,,,,,,GTM,buy,Unknown,22.0,8.023777503090235,,,,,,,5472.511624170156,,,,,,,2025-04-14,2025-04-15,0.98989898989899,ml_p_side,4.0,4.0,ml_first,ML-ranked candidate,0.0,ACCEPTED,OK,0.044,176.0,22.0,22.0,8.0,transitioned,2025-04-15,2025-04-16,9.04,5.81,0.07,8.0,multiple_r,2025-04-16,7.83525,trailing_stop,trailing_stop,True,,,,,2025-04-15,7.83525,trailing_stop,explicit_replay,171.99997614148404,-4.576085858021514,-2.3496,1.0,False,0.0,,,,,-0.023496103053409212,2025-04-14,0.5495944659606502,0.6666786863156253,-0.11708422035497512,Q2
exit_closed,2025-04-17,,,,,,,,,,,,,,,ZD,buy,Unknown,6.0,31.756063821656053,,,,,,,5387.721128399634,,,,,,,2025-04-14,2025-04-15,0.9873737373737372,ml_p_side,5.0,5.0,ml_first,ML-ranked candidate,0.0,ACCEPTED,OK,0.047985,191.94,6.0,6.0,31.72,transitioned,2025-04-15,2025-04-16,36.15,24.03,0.07,31.72,multiple_r,2025-04-17,31.4061,trailing_stop,trailing_stop,True,,,,,2025-04-15,31.4061,trailing_stop,explicit_replay,188.31820539557447,-2.275338449240792,-1.102,2.0,False,0.0,,,,,-0.01102037782835652,2025-04-14,0.46719205443285544,0.42465447225773945,0.042537582175115995,Q4
exit_closed,2025-04-21,,,,,,,,,,,,,,,FLYW,buy,Unknown,28.0,8.649340337013365,,,,,,,5985.0685931812295,,,,,,,2025-04-14,2025-04-15,1.0,ml_p_side,1.0,1.0,ml_first,ML-ranked candidate,0.0,ACCEPTED,OK,0.06055,242.2,28.0,28.0,8.64,transitioned,2025-04-15,2025-04-16,9.77,6.9,0.07,8.64,multiple_r,2025-04-21,8.6025,trailing_stop,trailing_stop,True,,,,,2025-04-15,8.6025,trailing_stop,explicit_replay,240.6579421340685,-1.5962417611366675,-0.5415,6.0,False,0.0,,,,,-0.0054154808561435175,2025-04-14,0.5605331226556668,0.5377779196371526,0.022755203018514192,Q4
exit_closed,2025-04-21,,,,,,,,,,,,,,,ATRO,buy,Unknown,12.0,22.752232760679835,,,,,,,6239.969643149667,,,,,,,2025-04-16,2025-04-17,1.0,ml_p_side,1.0,1.0,ml_first,ML-ranked candidate,0.0,ACCEPTED,OK,0.06837,273.48,12.0,12.0,22.72,transitioned,2025-04-17,2025-04-21,25.75,18.8,0.07,22.72,multiple_r,2025-04-21,21.2691,trailing_stop,trailing_stop,True,,,,,2025-04-17,21.2691,trailing_stop,explicit_replay,254.90104996843763,-18.207651197658837,-6.5186,4.0,False,0.0,,,,,-0.06518625122554866,2025-04-16,0.43492124041624,0.5674700890321717,-0.1325488486159317,Q2
exit_closed,2025-04-23,,,,,,,,,,,,,,,KBR,sell,Unknown,8.0,45.83979361386138,,,,,,,5953.998157161414,,,,,,,2025-04-08,2025-04-09,0.9949494949494948,ml_p_side,6.0,2.0,ml_first,ML-ranked candidate,0.0,ACCEPTED,OK,0.0935,374.0,8.0,8.0,45.89,transitioned,2025-04-09,2025-04-10,40.67,52.56,0.1454,45.89,multiple_r,2025-04-23,52.298964,trailing_stop,trailing_stop,True,,,,,2025-04-09,52.298964,trailing_stop,explicit_replay,-418.6384907575378,-52.09127707613847,-12.3505,14.0,False,0.0,,,,,-0.14090749274633385,2025-04-08,0.2499144057127286,0.31269069343284867,-0.06277628772012006,Q3
exit_closed,2025-04-28,,,,,,,,,,,,,,,CAG,sell,Unknown,16.0,27.715740486891384,,,,,,,5891.586849730342,,,,,,,2025-03-10,2025-03-11,0.9974683544303796,ml_p_side,2.0,1.0,ml_first,ML-ranked candidate,0.0,ACCEPTED,OK,0.11048,441.92,16.0,16.0,27.74,transitioned,2025-03-11,2025-03-12,24.06,30.74,0.108,27.74,multiple_r,2025-04-28,24.06,take_profit,take_profit,True,,,,,2025-03-11,24.06,take_profit,explicit_replay,-385.1554381557632,57.909973024281726,15.1943,48.0,False,0.0,,,,,0.13190123816538213,2025-03-10,0.15693567295405716,0.2706306913198276,-0.11369501836577042,Q2
exit_closed,2025-05-02,,,,,,,,,,,,,,,FLYW,buy,Unknown,27.0,8.759581637781627,,,,,,,6397.904293794116,,,,,,,2025-04-21,2025-04-22,1.0,ml_p_side,1.0,1.0,ml_first,ML-ranked candidate,0.0,ACCEPTED,OK,0.0581849999999999,232.74,27.0,27.0,8.729999999999999,transitioned,2025-04-22,2025-04-23,9.74,6.79,0.07,8.73,multiple_r,2025-05-02,9.74,take_profit,take_profit,True,,,,,2025-04-22,9.74,take_profit,explicit_replay,262.352087210856,25.772430379486,11.1925,10.0,False,0.0,,,,,0.11192524971622553,2025-04-21,0.5538904351180042,0.5735921493054833,-0.019701714187479125,Q3
exit_closed,2025-05-07,,,,,,,,,,,,,,,OPLN,sell,Unknown,16.0,18.51018861411497,,,,,,,6392.298739621896,,,,,,,2025-04-07,2025-04-08,0.9974747474747476,ml_p_side,3.0,1.0,ml_first,ML-ranked candidate,0.0,ACCEPTED,OK,0.0722,288.8,16.0,16.0,18.53,transitioned,2025-04-08,2025-04-09,15.7,21.13,0.1402999999999999,18.53,multiple_r,2025-05-07,19.704384,trailing_stop,trailing_stop,True,,,,,2025-04-08,19.704384,trailing_stop,explicit_replay,-315.5292710473754,-19.557348883037776,-6.0606,29.0,False,0.0,,,,,-0.06451557089885052,2025-04-07,0.3118763810262882,0.32827269799066505,-0.016396316964376878,Q3
exit_closed,2025-05-12,,,,,,,,,,,,,,,ITT,sell,Unknown,2.0,126.83146383720012,,,,,,,5847.566150110241,,,,,,,2025-04-14,2025-04-15,0.9974747474747476,ml_p_side,2.0,1.0,ml_first,ML-ranked candidate,0.0,ACCEPTED,OK,0.063535,254.14,2.0,2.0,126.98999999999998,transitioned,2025-04-15,2025-04-16,110.55,148.41,0.1687,126.99,multiple_r,2025-05-12,145.02398300000002,trailing_stop,trailing_stop,True,,,,,2025-04-15,145.02398300000002,trailing_stop,explicit_replay,-290.7269348187204,-37.22164053508921,-12.5445,27.0,False,0.0,,,,,-0.14343853340801682,2025-04-14,0.2660275201634116,0.23106010653239117,0.034967413631020405,Q4
exit_closed,2025-05-13,,,,,,,,,,,,,,,ZWS,sell,Unknown,10.0,32.30944601186064,,,,,,,5084.31796870359,,,,,,,2025-04-23,2025-04-24,0.9949622166246852,ml_p_side,3.0,2.0,ml_first,ML-ranked candidate,0.0,ACCEPTED,OK,0.081625,326.5,10.0,10.0,32.34,transitioned,2025-04-24,2025-04-25,28.41,37.57,0.1619,32.34,multiple_r,2025-05-13,37.44803699999999,trailing_stop,trailing_stop,True,,,,,2025-04-24,37.44803699999999,trailing_stop,explicit_replay,-374.7426862255374,-51.818235334755336,-13.7219,19.0,False,0.0,,,,,-0.15904299275985712,2025-04-23,0.29782380957700816,0.3042145346939221,-0.0063907251169139645,Q3
exit_closed,2025-05-16,,,,,,,,,,,,,,,AAP,buy,Unknown,8.0,31.730995723841374,,,,,,,5183.39260609464,,,,,,,2025-05-07,2025-05-08,1.0,ml_p_side,1.0,1.0,ml_first,ML-ranked candidate,0.0,ACCEPTED,OK,0.06272,250.88,8.0,8.0,31.7,transitioned,2025-05-08,2025-05-09,35.44,25.42,0.07,31.7,multiple_r,2025-05-16,35.44,take_profit,take_profit,True,,,,,2025-05-08,35.44,take_profit,explicit_replay,283.232574264097,29.30845408362879,11.6889,8.0,False,0.0,,,,,0.11688899738408876,2025-05-07,0.5430892352732029,0.5208332080009801,0.022256027272222756,Q4
exit_closed,2025-05-16,,,,,,,,,,,,,,,DV,buy,Unknown,27.0,14.38207109316559,,,,,,,5566.187166419134,,,,,,,2025-05-12,2025-05-13,1.0,ml_p_side,1.0,1.0,ml_first,ML-ranked candidate,0.0,ACCEPTED,OK,0.096255,385.02,27.0,27.0,14.37,transitioned,2025-05-13,2025-05-14,16.11,12.42,0.07,14.37,multiple_r,2025-05-16,14.1918,trailing_stop,trailing_stop,True,,,,,2025-05-13,14.1918,trailing_stop,explicit_replay,382.7945603244944,-5.637853966831244,-1.323,3.0,False,0.0,,,,,-0.013229742220924434,2025-05-12,0.4925191613579809,0.6187429899826971,-0.12622382862471615,Q2
exit_closed,2025-05-16,,,,,,,,,,,,,,,ENPH,buy,Unknown,4.0,46.025676515307175,,,,,,,5772.313734419134,,,,,,,2025-05-13,2025-05-14,1.0,ml_p_side,1.0,1.0,ml_first,ML-ranked candidate,0.0,ACCEPTED,OK,0.04563,182.52,4.0,4.0,45.6,transitioned,2025-05-14,2025-05-15,51.56,34.53,0.07,45.6,multiple_r,2025-05-16,51.56,take_profit,take_profit,True,,,,,2025-05-14,51.56,take_profit,explicit_replay,206.126568,21.968631126952918,12.0244,2.0,False,0.0,,,,,0.12024426154501455,2025-05-13,0.562170077541956,0.686917105572802,-0.12474702803084592,Q2
exit_closed,2025-05-20,,,,,,,,,,,,,,,HP,buy,Unknown,15.0,17.404184799405645,,,,,,,5711.378303097773,,,,,,,2025-05-16,2025-05-19,0.9974874371859296,ml_p_side,3.0,2.0,ml_first,ML-ranked candidate,0.0,ACCEPTED,OK,0.06675,267.0,15.0,15.0,17.38,transitioned,2025-05-19,2025-05-20,20.11,14.64,0.07,17.38,multiple_r,2025-05-20,16.2657,trailing_stop,trailing_stop,True,,,,,2025-05-19,16.2657,trailing_stop,explicit_replay,243.83650891663555,-17.304581906046423,-6.5414,1.0,False,0.0,,,,,-0.06541442834165523,2025-05-16,0.5837202560297425,0.6186948579006817,-0.03497460187093915,Q3
exit_closed,2025-05-23,,,,,,,,,,,,,,,DV,buy,Unknown,27.0,14.091976592920354,,,,,,,5804.760548593805,,,,,,,2025-05-16,2025-05-19,1.0,ml_p_side,1.0,1.0,ml_first,ML-ranked candidate,0.0,ACCEPTED,OK,0.09612,384.48,27.0,27.0,14.07,transitioned,2025-05-19,2025-05-20,16.09,12.43,0.07,14.07,multiple_r,2025-05-23,13.247849999999998,trailing_stop,trailing_stop,True,,,,,2025-05-19,13.247849999999998,trailing_stop,explicit_replay,357.448378815,-23.14913420425222,-5.9901,4.0,False,0.0,,,,,-0.05990122019819666,2025-05-16,0.5669784606925274,0.6492624196679512,-0.08228395897542373,Q3
exit_closed,2025-06-02,,,,,,,,,,,,,,,FIVN,buy,Unknown,10.0,26.39869372377965,,,,,,,5687.965905481371,,,,,,,2025-05-20,2025-05-21,0.9974874371859296,ml_p_side,3.0,2.0,ml_first,ML-ranked candidate,0.0,ACCEPTED,OK,0.0668499999999999,267.4,10.0,10.0,26.37,transitioned,2025-05-21,2025-05-22,30.22,21.99,0.07,26.37,multiple_r,2025-06-02,25.6122,trailing_stop,trailing_stop,True,,,,,2025-05-21,25.6122,trailing_stop,explicit_replay,255.89883584334407,-8.16729747562377,-2.9793,12.0,False,0.0,,,,,-0.0297929030886549,2025-05-20,0.5153944710840869,0.6246466396720771,-0.10925216858799025,Q2
exit_closed,2025-06-03,,,,,,,,,,,,,,,EYE,sell,Unknown,17.999999999,18.72598799765808,,,,,,,5005.485094106805,,,,,,,2025-05-16,2025-05-19,0.9974874371859296,ml_p_side,2.0,1.0,ml_first,ML-ranked candidate,0.0,ACCEPTED,OK,0.08649,345.96,18.0,17.999999999,18.75,transitioned,2025-05-19,2025-05-20,16.72,21.98,0.1722,18.75,multiple_r,2025-06-03,21.416094,trailing_stop,trailing_stop,True,,,,,2025-05-19,21.416094,trailing_stop,explicit_replay,-385.8764922451307,-48.97001931689645,-12.5611,15.0,False,0.0,,,,,-0.14365629213680742,2025-05-16,0.4489657573545296,0.6692121555040831,-0.2202463981495535,Q1
exit_closed,2025-06-05,,,,,,,,,,,,,,,APG,sell,Unknown,11.0,28.19263630282811,,,,,,,4352.462126459154,,,,,,,2025-05-02,2025-05-05,0.9974874371859296,ml_p_side,1.0,1.0,ml_first,ML-ranked candidate,0.0,ACCEPTED,OK,0.0775866666575,310.34666663,11.0,11.0,28.21333333,transitioned,2025-05-05,2025-05-06,24.55,32.42,0.1493,28.21,multiple_r,2025-06-05,32.142166616169,trailing_stop,trailing_stop,True,,,,,2025-05-05,32.142166616169,trailing_stop,explicit_replay,-353.7437148364142,-43.8321998834289,-12.2877,31.0,False,0.0,,,,,-0.1400908475148419,2025-05-02,0.2893319892150123,0.4797268224321356,-0.1903948332171233,Q2
exit_closed,2025-06-05,,,,,,,,,,,,,,,DV,buy,Unknown,28.0,13.306489444444445,,,,,,,4767.442917748812,,,,,,,2025-05-23,2025-05-27,1.0,ml_p_side,1.0,1.0,ml_first,ML-ranked candidate,0.0,ACCEPTED,OK,0.09191,367.64,28.0,28.0,13.29,transitioned,2025-05-27,2025-05-28,14.84,11.38,0.07,13.29,multiple_r,2025-06-05,14.84,take_profit,take_profit,True,,,,,2025-05-27,14.84,take_profit,explicit_replay,414.9807912896574,42.2873123338797,11.5245,9.0,False,0.0,,,,,0.11524531409716077,2025-05-23,0.5716109543678893,0.6111811273247707,-0.039570172956881366,Q3
exit_closed,2025-06-12,,,,,,,,,,,,,,,CPRI,buy,Unknown,17.0,17.43854069977427,,,,,,,5901.996554484595,,,,,,,2025-06-02,2025-06-03,1.0,ml_p_side,1.0,1.0,ml_first,ML-ranked candidate,0.0,ACCEPTED,OK,0.0739499999999999,295.79999999999995,17.0,17.0,17.419999999999998,transitioned,2025-06-03,2025-06-04,19.66,14.57,0.07,17.42,multiple_r,2025-06-12,17.4561,trailing_stop,trailing_stop,True,,,,,2025-06-03,17.4561,trailing_stop,explicit_replay,296.49842531857144,-0.0457031351599539,0.1007,9.0,False,0.0,,,,,0.0010069248641864093,2025-06-02,0.6168192469910851,0.7052568631683007,-0.08843761617721557,Q3
exit_closed,2025-06-13,,,,,,,,,,,,,,,BBWI,buy,Unknown,11.0,27.18864378258458,,,,,,,6573.474125622209,,,,,,,2025-06-03,2025-06-04,0.9974874371859296,ml_p_side,2.0,2.0,ml_first,ML-ranked candidate,0.0,ACCEPTED,OK,0.0746624999999999,298.65,11.0,11.0,27.16,transitioned,2025-06-04,2025-06-05,30.68,22.67,0.07,27.16,multiple_r,2025-06-13,25.5192,trailing_stop,trailing_stop,True,,,,,2025-06-04,25.5192,trailing_stop,explicit_replay,280.45992978620114,-18.70487434671179,-6.1402,9.0,False,0.0,,,,,-0.06140224558217666,2025-06-03,0.561507662180775,0.6279963007503891,-0.06648863856961418,Q3
exit_closed,2025-06-23,,,,,,,,,,,,,,,CPRI,buy,Unknown,17.0,16.913001162022407,,,,,,,6564.031406190577,,,,,,,2025-06-13,2025-06-16,1.0,ml_p_side,1.0,1.0,ml_first,ML-ranked candidate,0.0,ACCEPTED,OK,0.070295,281.18,17.0,17.0,16.89,transitioned,2025-06-16,2025-06-17,18.69,13.75,0.07,16.89,multiple_r,2025-06-23,16.377299999999998,trailing_stop,trailing_stop,True,,,,,2025-06-16,16.377299999999998,trailing_stop,explicit_replay,278.16455662867617,-9.442719431631076,-3.1674,7.0,False,0.0,,,,,-0.031673926873800995,2025-06-13,0.6209001804862175,0.7114538061967743,-0.0905536257105568,Q3
exit_closed,2025-06-24,,,,,,,,,,,,,,,HAS,sell,Unknown,4.0,61.00964210586135,,,,,,,5956.514027624499,,,,,,,2025-04-28,2025-04-29,0.9974874371859296,ml_p_side,2.0,1.0,ml_first,ML-ranked candidate,0.0,ACCEPTED,OK,0.06134,245.36,4.0,4.0,61.06,transitioned,2025-04-29,2025-04-30,53.37,73.11,0.1973,61.06,multiple_r,2025-06-24,71.885892,trailing_stop,trailing_stop,True,,,,,2025-04-29,71.885892,trailing_stop,explicit_replay,-287.68926136347613,-43.88659688950675,-15.1299,56.0,False,0.0,,,,,-0.17827099977519345,2025-04-28,0.3240158831045928,0.5528850536815496,-0.22886917057695683,Q1
exit_closed,2025-06-27,,,,,,,,,,,,,,,OSK,sell,Unknown,4.0,111.85305894017016,,,,,,,5861.441082426902,,,,,,,2025-06-05,2025-06-06,0.9974874371859296,ml_p_side,3.0,1.0,ml_first,ML-ranked candidate,0.0,ACCEPTED,OK,0.10961,438.44,4.0,4.0,111.95,transitioned,2025-06-06,2025-06-09,98.04,119.73,0.0695,111.95,multiple_r,2025-06-27,113.762715,trailing_stop,trailing_stop,True,,,,,2025-06-06,113.762715,trailing_stop,explicit_replay,-455.3075577194843,-8.141398688472037,-1.6786,21.0,False,0.0,,,,,-0.017072899730451896,2025-06-05,0.2660028549723759,0.4110745122962125,-0.1450716573238366,Q2
exit_closed,2025-06-30,,,,,,,,,,,,,,,AVT,sell,Unknown,6.0,46.20698627906977,,,,,,,6023.469513403813,,,,,,,2025-04-14,2025-04-15,0.9949494949494948,ml_p_side,3.0,2.0,ml_first,ML-ranked candidate,0.0,ACCEPTED,OK,0.069375,277.5,6.0,6.0,46.26,transitioned,2025-04-15,2025-04-16,40.24,53.7,0.1609,46.26,multiple_r,2025-06-30,52.983476,trailing_stop,trailing_stop,True,,,,,2025-04-15,52.983476,trailing_stop,explicit_replay,-318.17583126018985,-41.26792408658857,-12.7898,76.0,False,0.0,,,,,-0.14665508977372466,2025-04-14,0.216038069430855,0.24043229044309972,-0.024394221012244727,Q3
exit_closed,2025-07-01,,,,,,,,,,,,,,,STWD,sell,Unknown,20.0,18.47093034537725,,,,,,,5340.51499178756,,,,,,,2025-04-21,2025-04-22,0.9949622166246852,ml_p_side,3.0,2.0,ml_first,ML-ranked candidate,0.0,ACCEPTED,OK,0.09105,364.2000000000001,20.0,20.0,18.49,transitioned,2025-04-22,2025-04-23,15.84,20.65,0.1166,18.49,multiple_r,2025-07-01,20.511942,trailing_stop,trailing_stop,True,,,,,2025-04-22,20.511942,trailing_stop,explicit_replay,-410.46253437459023,-41.46260188820703,-9.9504,70.0,False,0.0,,,,,-0.11049858434085635,2025-04-21,0.305130585452636,0.37917028908127126,-0.07403970362863527,Q3
exit_closed,2025-07-01,,,,,,,,,,,,,,,ADNT,sell,Unknown,21.0,18.62547532599837,,,,,,,4903.095309799212,,,,,,,2025-06-12,2025-06-13,0.9974937343358397,ml_p_side,2.0,1.0,ml_first,ML-ranked candidate,0.0,ACCEPTED,OK,0.0995925,398.37,21.0,21.0,18.65,transitioned,2025-06-13,2025-06-16,16.5,21.26,0.1397,18.65,multiple_r,2025-07-01,20.799525,trailing_stop,trailing_stop,True,,,,,2025-06-13,20.799525,trailing_stop,explicit_replay,-437.3358673493803,-46.40204063693533,-10.4524,18.0,False,0.0,,,,,-0.11672452036523229,2025-06-12,0.5194239985280357,0.6716126106628929,-0.15218861213485724,Q2
exit_closed,2025-07-08,,,,,,,,,,,,,,,SM,buy,Unknown,11.0,24.73659160457077,,,,,,,5473.186316699934,,,,,,,2025-06-30,2025-07-01,1.0,ml_p_side,1.0,1.0,ml_first,ML-ranked candidate,0.0,ACCEPTED,OK,0.0679525,271.81,11.0,11.0,24.71,transitioned,2025-07-01,2025-07-02,27.92,20.44,0.07,24.71,multiple_r,2025-07-08,27.92,take_profit,take_profit,True,,,,,2025-07-01,27.92,take_profit,explicit_replay,306.91742890471056,34.73329050213704,12.8692,7.0,False,0.0,,,,,0.12869228090587104,2025-06-30,0.6250641544737547,0.7200406237559072,-0.09497646928215242,Q2
exit_closed,2025-07-10,,,,,,,,,,,,,,,CAG,sell,Unknown,29.0,21.02450247456825,,,,,,,4759.866942143563,,,,,,,2025-07-01,2025-07-02,0.9974937343358397,ml_p_side,2.0,1.0,ml_first,ML-ranked candidate,0.0,ACCEPTED,OK,0.1526125,610.45,29.0,29.0,21.04,transitioned,2025-07-02,2025-07-03,19.09,22.77,0.0821,21.04,multiple_r,2025-07-10,19.09,take_profit,take_profit,True,,,,,2025-07-02,19.09,take_profit,explicit_replay,-553.918216504493,55.55137441295634,10.1336,8.0,False,0.0,,,,,0.09201180750451876,2025-07-01,0.2834424982583687,0.23565665407699335,0.04778584418137535,Q4
exit_closed,2025-07-11,,,,,,,,,,,,,,,MUR,buy,Unknown,14.0,22.826396711247536,,,,,,,4898.875395931564,,,,,,,2025-06-23,2025-06-24,1.0,ml_p_side,1.0,1.0,ml_first,ML-ranked candidate,0.0,ACCEPTED,OK,0.08169,326.76,14.0,14.0,22.8,transitioned,2025-06-24,2025-06-25,26.37,19.89,0.07,22.8,multiple_r,2025-07-11,26.37,take_profit,take_profit,True,,,,,2025-06-24,26.37,take_profit,explicit_replay,368.92966944045367,49.26424461680091,15.5241,17.0,False,0.0,,,,,0.15524146599127397,2025-06-23,0.5760209503804327,0.6777617965221912,-0.10174084614175849,Q2
exit_closed,2025-07-14,,,,,,,,,,,,,,,VFC,buy,Unknown,28.0,12.366078769045709,,,,,,,4841.0211711197,,,,,,,2025-07-01,2025-07-02,1.0,ml_p_side,1.0,1.0,ml_first,ML-ranked candidate,0.0,ACCEPTED,OK,0.08568,342.72,28.0,28.0,12.349999999999998,transitioned,2025-07-02,2025-07-03,13.83,10.47,0.07,12.35,multiple_r,2025-07-14,12.173699999999998,trailing_stop,trailing_stop,True,,,,,2025-07-02,12.173699999999998,trailing_stop,explicit_replay,340.6221561098734,-5.731924485066372,-1.5557,12.0,False,0.0,,,,,-0.015556974255029443,2025-07-01,0.6083060469311992,0.7169604997583687,-0.10865445282716957,Q2
exit_closed,2025-07-15,,,,,,,,,,,,,,,ENPH,buy,Unknown,4.0,39.82382544695997,,,,,,,5643.0989857356735,,,,,,,2025-07-08,2025-07-09,1.0,ml_p_side,1.0,1.0,ml_first,ML-ranked candidate,0.0,ACCEPTED,OK,0.04094,163.76,4.0,4.0,39.79,transitioned,2025-07-09,2025-07-10,46.26,29.62,0.07,39.79,multiple_r,2025-07-15,40.5945,trailing_stop,trailing_stop,True,,,,,2025-07-09,40.5945,trailing_stop,explicit_replay,162.2886921,2.9456017216237456,1.9352,6.0,False,0.0,,,,,0.019352097504205412,2025-07-08,0.5940396501411371,0.739010110726894,-0.1449704605857569,Q2
exit_closed,2025-07-18,,,,,,,,,,,,,,,SMMT,buy,Unknown,8.999999999,25.53914,,,,,,,5490.063777862962,,,,,,,2025-07-10,2025-07-11,1.0,ml_p_side,1.0,1.0,ml_first,ML-ranked candidate,0.0,ACCEPTED,OK,0.05823,232.92,9.0,8.999999999,25.52,transitioned,2025-07-11,2025-07-14,29.24,20.58,0.07,25.52,multiple_r,2025-07-18,26.6166,trailing_stop,trailing_stop,True,,,,,2025-07-11,26.6166,trailing_stop,explicit_replay,239.417647803398,9.496432150944829,4.2189,7.0,False,0.0,,,,,0.042188578002234856,2025-07-10,0.6368931249241265,0.7366397111563275,-0.099746586232201,Q2
exit_closed,2025-07-23,,,,,,,,,,,,,,,FLR,sell,Unknown,7.0,51.4935145659164,,,,,,,4898.901567909009,,,,,,,2025-06-24,2025-06-25,0.9974937343358397,ml_p_side,2.0,1.0,ml_first,ML-ranked candidate,0.0,ACCEPTED,OK,0.08967,358.68,7.0,7.0,51.54,transitioned,2025-06-25,2025-06-26,44.58,58.13,0.1278999999999999,51.54,multiple_r,2025-07-23,55.910003,trailing_stop,trailing_stop,True,,,,,2025-06-25,55.910003,trailing_stop,explicit_replay,-391.6322497754026,-31.40593572856339,-7.8993,28.0,False,0.0,,,,,-0.0857678577839176,2025-06-24,0.42706152605064096,0.5722366192682944,-0.14517509321765343,Q2
exit_closed,2025-07-23,,,,,,,,,,,,,,,PEGA,buy,Unknown,8.0,49.79460923244744,,,,,,,5348.488450621348,,,,,,,2025-07-11,2025-07-14,1.0,ml_p_side,1.0,1.0,ml_first,ML-ranked candidate,0.0,ACCEPTED,OK,0.0996,398.4,8.0,8.0,49.75,transitioned,2025-07-14,2025-07-15,56.27,44.04,0.07,49.75,multiple_r,2025-07-23,56.27,take_profit,take_profit,True,,,,,2025-07-14,56.27,take_profit,explicit_replay,449.58688271233945,51.11050179060203,13.0042,9.0,False,0.0,,,,,0.1300420038909158,2025-07-11,0.5676813139414381,0.6618258280575886,-0.09414451411615055,Q3
exit_closed,2025-07-23,,,,,,,,,,,,,,,ENPH,buy,Unknown,5.0,39.870000728693896,,,,,,,5549.457888570238,,,,,,,2025-07-18,2025-07-21,1.0,ml_p_side,1.0,1.0,ml_first,ML-ranked candidate,0.0,ACCEPTED,OK,0.0494749999999999,197.9,5.0,5.0,39.83,transitioned,2025-07-21,2025-07-22,44.73,30.71,0.07,39.83,multiple_r,2025-07-23,40.2225,trailing_stop,trailing_stop,True,,,,,2025-07-21,40.2225,trailing_stop,explicit_replay,200.96943794888932,1.5596293043268474,0.8841,2.0,False,0.0,,,,,0.008841215572198635,2025-07-18,0.618035164683187,0.7260328145067718,-0.10799764982358484,Q2
exit_closed,2025-07-28,,,,,,,,,,,,,,,ENPH,buy,Unknown,5.0,36.6774875,,,,,,,5658.138904827721,,,,,,,2025-07-23,2025-07-24,1.0,ml_p_side,1.0,1.0,ml_first,ML-ranked candidate,0.0,ACCEPTED,OK,0.0455999999999999,182.4,5.0,5.0,36.65,transitioned,2025-07-24,2025-07-25,41.22,26.86,0.07,36.65,multiple_r,2025-07-28,34.6611,trailing_stop,trailing_stop,True,,,,,2025-07-24,34.6611,trailing_stop,explicit_replay,173.20395001428366,-10.238503716966337,-5.4976,4.0,False,0.0,,,,,-0.05497616214851142,2025-07-23,0.5754268349651536,0.7223491616287984,-0.1469223266636448,Q2
exit_closed,2025-07-29,,,,,,,,,,,,,,,FLS,sell,Unknown,8.999999999,53.39992,,,,,,,4970.8547669282,,,,,,,2025-06-27,2025-06-30,0.9974937343358397,ml_p_side,2.0,1.0,ml_first,ML-ranked candidate,0.0,ACCEPTED,OK,0.1206899999999999,482.76,9.0,8.999999999,53.44,transitioned,2025-06-30,2025-07-01,47.32,59.17,0.1073,53.44,multiple_r,2025-07-29,56.937366,trailing_stop,trailing_stop,True,,,,,2025-06-30,56.937366,trailing_stop,explicit_replay,-512.726783916899,-32.43760493426451,-6.2129,29.0,False,0.0,,,,,-0.06624440635866113,2025-06-27,0.30279344204732755,0.44840262571011663,-0.14560918366278908,Q2
exit_closed,2025-07-30,,,,,,,,,,,,,,,ASAN,buy,Unknown,28.0,14.011969826056088,,,,,,,6013.051328709626,,,,,,,2025-07-15,2025-07-16,1.0,ml_p_side,1.0,1.0,ml_first,ML-ranked candidate,0.0,ACCEPTED,OK,0.0958999999999999,383.6,28.0,28.0,14.0,transitioned,2025-07-16,2025-07-17,15.48,11.96,0.07,14.0,multiple_r,2025-07-30,15.48,take_profit,take_profit,True,,,,,2025-07-16,15.48,take_profit,explicit_replay,432.7459601925829,40.29310451647359,10.477,14.0,False,0.0,,,,,0.104769721328833,2025-07-15,0.57990688239277,0.658734030120269,-0.07882714772749899,Q3
exit_closed,2025-07-31,,,,,,,,,,,,,,,ENPH,buy,Unknown,5.0,34.86782621266428,,,,,,,6649.626432645115,,,,,,,2025-07-28,2025-07-29,1.0,ml_p_side,1.0,1.0,ml_first,ML-ranked candidate,0.0,ACCEPTED,OK,0.0436875,174.75,5.0,5.0,34.84,transitioned,2025-07-29,2025-07-30,39.49,26.45,0.07,34.84,multiple_r,2025-07-31,32.4756,trailing_stop,trailing_stop,True,,,,,2025-07-29,32.4756,trailing_stop,explicit_replay,161.90177754006504,-12.489655262575354,-6.8608,2.0,False,0.0,,,,,-0.06860841275489116,2025-07-28,0.6154996718635745,0.6815445100594781,-0.06604483819590368,Q3
exit_closed,2025-08-01,,,,,,,,,,,,,,,ARLO,sell,Unknown,24.0,16.287269486148347,,,,,,,6038.558551554675,,,,,,,2025-06-05,2025-06-06,0.9949748743718592,ml_p_side,4.0,2.0,ml_first,ML-ranked candidate,0.0,ACCEPTED,OK,0.09726,389.04,24.0,24.0,16.31,transitioned,2025-06-06,2025-06-09,14.1,18.29,0.1214,16.31,multiple_r,2025-08-01,17.303202,trailing_stop,trailing_stop,True,,,,,2025-06-06,17.303202,trailing_stop,explicit_replay,-415.7965565044476,-25.279953488965862,-5.8714,56.0,False,0.0,,,,,-0.0623758644575545,2025-06-05,0.4302110989839511,0.6379726781171782,-0.20776157913322707,Q1
exit_closed,2025-08-01,,,,,,,,,,,,,,,APLE,sell,Unknown,51.0,12.548649350020186,,,,,,,5454.561099696781,,,,,,,2025-07-14,2025-07-15,0.9974937343358397,ml_p_side,2.0,1.0,ml_first,ML-ranked candidate,0.0,ACCEPTED,OK,0.16014,640.5600000000001,51.0,51.0,12.56,transitioned,2025-07-15,2025-07-16,11.44,13.54,0.078,12.56,multiple_r,2025-08-01,11.44,take_profit,take_profit,True,,,,,2025-07-15,11.44,take_profit,explicit_replay,-583.8679318699609,55.79167065807918,9.691,17.0,False,0.0,,,,,0.08834810178343244,2025-07-14,0.23469611700733967,0.33932835897436586,-0.1046322419670262,Q2
exit_closed,2025-08-01,,,,,,,,,,,,,,,TDC,sell,Unknown,26.0,22.06361827239065,,,,,,,4932.531885120474,,,,,,,2025-07-23,2025-07-24,0.9974937343358397,ml_p_side,2.0,1.0,ml_first,ML-ranked candidate,0.0,ACCEPTED,OK,0.1442999999999999,577.1999999999999,26.0,26.0,22.09,transitioned,2025-07-24,2025-07-25,20.05,24.08,0.0901,22.09,multiple_r,2025-08-01,20.05,take_profit,take_profit,True,,,,,2025-07-24,20.05,take_profit,explicit_replay,-521.9745808548709,51.452764283325,10.043,8.0,False,0.0,,,,,0.09126419101033822,2025-07-23,0.3532686150686267,0.4494980941874929,-0.0962294791188662,Q2
exit_closed,2025-08-01,,,,,,,,,,,,,,,GME,buy,Unknown,19.0,23.917164791887878,,,,,,,5355.319024230474,,,,,,,2025-07-23,2025-07-24,0.9974937343358397,ml_p_side,3.0,2.0,ml_first,ML-ranked candidate,0.0,ACCEPTED,OK,0.11381,455.24,19.0,19.0,23.89,transitioned,2025-07-24,2025-07-25,26.91,21.38,0.07,23.89,multiple_r,2025-08-01,22.2642,trailing_stop,trailing_stop,True,,,,,2025-07-24,22.2642,trailing_stop,explicit_replay,422.78713911,-31.77531977518339,-6.9112,8.0,False,0.0,,,,,-0.06911207102810635,2025-07-23,0.574473931296901,0.699080736869578,-0.12460680557267689,Q2
exit_closed,2025-08-06,,,,,,,,,,,,,,,ENPH,buy,Unknown,6.0,32.492040433572,,,,,,,5691.504696049628,,,,,,,2025-07-31,2025-08-01,1.0,ml_p_side,1.0,1.0,ml_first,ML-ranked candidate,0.0,ACCEPTED,OK,0.04854,194.16,6.0,6.0,32.45,transitioned,2025-08-01,2025-08-04,36.57,24.61,0.07,32.45,multiple_r,2025-08-06,30.6249,trailing_stop,trailing_stop,True,,,,,2025-08-01,30.6249,trailing_stop,explicit_replay,183.60275132145773,-11.407976952754694,-5.7465,5.0,False,0.0,,,,,-0.05746454850655669,2025-07-31,0.6203597662791123,0.6785234025290132,-0.05816363624990095,Q3
exit_closed,2025-08-14,,,,,,,,,,,,,,,QXO,buy,Unknown,20.0,19.639804905756492,,,,,,,5864.344037823627,,,,,,,2025-08-01,2025-08-04,0.9924812030075189,ml_p_side,5.0,4.0,ml_first,ML-ranked candidate,0.0,ACCEPTED,OK,0.0966499999999999,386.6,20.0,20.0,19.62,transitioned,2025-08-04,2025-08-05,21.84,16.92,0.07,19.62,multiple_r,2025-08-14,19.8927,trailing_stop,trailing_stop,True,,,,,2025-08-04,19.8927,trailing_stop,explicit_replay,397.6351802999999,4.721243355435433,1.2877,10.0,False,0.0,,,,,0.012876660203960943,2025-08-01,0.563275781876777,0.6501386746228932,-0.08686289274611625,Q3
exit_closed,2025-08-14,,,,,,,,,,,,,,,ENPH,buy,Unknown,7.0,32.10406,,,,,,,6090.572243838627,,,,,,,2025-08-07,2025-08-08,1.0,ml_p_side,1.0,1.0,ml_first,ML-ranked candidate,0.0,ACCEPTED,OK,0.0556325,222.53,7.0,7.0,32.08,transitioned,2025-08-08,2025-08-11,35.92,24.89,0.07,32.08,multiple_r,2025-08-14,32.3361,trailing_stop,trailing_stop,True,,,,,2025-08-08,32.3361,trailing_stop,explicit_replay,226.228206015,1.4323674890000575,0.7228,6.0,False,0.0,,,,,0.007227746272590041,2025-08-07,0.6203597662791123,0.6621245231324835,-0.04176475685337122,Q3
exit_closed,2025-08-15,,,,,,,,,,,,,,,ENPH,buy,Unknown,7.0,32.23997467130759,,,,,,,6634.852806843338,,,,,,,2025-08-14,2025-08-15,1.0,ml_p_side,1.0,1.0,ml_first,ML-ranked candidate,0.0,ACCEPTED,OK,0.056385,225.54,7.0,7.0,32.21,transitioned,2025-08-15,2025-08-18,36.41,25.35,0.07,32.21,multiple_r,2025-08-15,36.41,take_profit,take_profit,True,,,,,2025-08-15,36.41,take_profit,explicit_replay,254.68379161949187,28.93626497352895,12.9343,0.0,True,0.0,,,,,0.12934331900711982,2025-08-14,0.6116923604216866,0.6998070461718287,-0.08811468575014203,Q3
exit_closed,2025-08-20,,,,,,,,,,,,,,,AMBA,buy,Unknown,5.0,64.84770557113836,,,,,,,6747.467411506881,,,,,,,2025-08-01,2025-08-04,0.9974937343358397,ml_p_side,3.0,2.0,ml_first,ML-ranked candidate,0.0,ACCEPTED,OK,0.079675,318.7,5.0,5.0,64.79,transitioned,2025-08-04,2025-08-05,72.03,54.66,0.07,64.79,multiple_r,2025-08-20,65.4906,trailing_stop,trailing_stop,True,,,,,2025-08-04,65.4906,trailing_stop,explicit_replay,327.2798149125429,2.944015498494423,0.9914,16.0,False,0.0,,,,,0.009913911729018343,2025-08-01,0.6033724902027323,0.6754741784577861,-0.07210168825505381,Q3
exit_closed,2025-08-21,,,,,,,,,,,,,,,ENPH,buy,Unknown,6.0,35.766805000000005,,,,,,,7583.445377923523,,,,,,,2025-08-18,2025-08-19,1.0,ml_p_side,1.0,1.0,ml_first,ML-ranked candidate,0.0,ACCEPTED,OK,0.053655,214.62,6.0,6.0,35.74,transitioned,2025-08-19,2025-08-20,40.42,28.12,0.07,35.74,multiple_r,2025-08-21,34.3728,trailing_stop,trailing_stop,True,,,,,2025-08-19,34.3728,trailing_stop,explicit_replay,206.12336976,-8.541840489000037,-3.8975,2.0,False,0.0,,,,,-0.0389748259594338,2025-08-18,0.608576426596349,0.7740094178077074,-0.16543299121135835,Q2
exit_closed,2025-08-22,,,,,,,,,,,,,,,CGNX,sell,Unknown,10.0,40.8698055548854,,,,,,,6892.688144525708,,,,,,,2025-08-01,2025-08-04,0.9949874686716792,ml_p_side,4.0,2.0,ml_first,ML-ranked candidate,0.0,ACCEPTED,OK,0.101175,404.7,10.0,10.0,40.91,transitioned,2025-08-04,2025-08-05,35.21,45.21,0.1052,40.91,multiple_r,2025-08-22,44.46219599999999,trailing_stop,trailing_stop,True,,,,,2025-08-04,44.46219599999999,trailing_stop,explicit_replay,-444.8546590651052,-36.36679108767634,-8.0797,18.0,False,0.0,,,,,-0.0878983982512529,2025-08-01,0.4117649951988565,0.6037270981361419,-0.19196210293728538,Q2
exit_closed,2025-08-26,,,,,,,,,,,,,,,FLO,sell,Unknown,37.0,16.476580855036083,,,,,,,6130.280517085262,,,,,,,2025-07-29,2025-07-30,0.9949874686716792,ml_p_side,3.0,2.0,ml_first,ML-ranked candidate,0.0,ACCEPTED,OK,0.152255,609.02,37.0,37.0,16.49,transitioned,2025-07-30,2025-07-31,14.92,17.81,0.0801,16.49,multiple_r,2025-08-26,14.92,take_profit,take_profit,True,,,,,2025-07-30,14.92,take_profit,explicit_replay,-552.3915466581341,56.86310130839841,10.4328,27.0,False,0.0,,,,,0.09447232218450907,2025-07-29,0.27992994566498314,0.35820956794019176,-0.07827962227520863,Q3
exit_closed,2025-08-26,,,,,,,,,,,,,,,ENPH,buy,Unknown,7.0,35.105896256544504,,,,,,,6403.686364763786,,,,,,,2025-08-21,2025-08-22,1.0,ml_p_side,1.0,1.0,ml_first,ML-ranked candidate,0.0,ACCEPTED,OK,0.060515,242.06,7.0,7.0,35.07,transitioned,2025-08-22,2025-08-25,39.08,28.25,0.07,35.07,multiple_r,2025-08-26,39.08,take_profit,take_profit,True,,,,,2025-08-22,39.08,take_profit,explicit_replay,273.4058476785244,27.59085150057413,11.3203,4.0,False,0.0,,,,,0.11320331246961501,2025-08-21,0.618035164683187,0.7569487219002067,-0.1389135572170197,Q2
exit_closed,2025-08-26,,,,,,,,,,,,,,,SMMT,buy,Unknown,8.0,26.21965,,,,,,,6640.436080763786,,,,,,,2025-08-22,2025-08-25,1.0,ml_p_side,1.0,1.0,ml_first,ML-ranked candidate,0.0,ACCEPTED,OK,0.0523999999999999,209.6,8.0,8.0,26.2,transitioned,2025-08-25,2025-08-26,29.61,20.47,0.07,26.2,multiple_r,2025-08-26,29.61,take_profit,take_profit,True,,,,,2025-08-25,29.61,take_profit,explicit_replay,236.749716,26.92958883999998,12.9306,1.0,False,0.0,,,,,0.12930569248636026,2025-08-22,0.6368931249241265,0.7399801515289995,-0.10308702660487301,Q2
exit_closed,2025-09-02,,,,,,,,,,,,,,,CLF,buy,Unknown,30.0,10.53012811661268,,,,,,,6800.536395977726,,,,,,,2025-08-26,2025-08-27,0.9974937343358397,ml_p_side,3.0,2.0,ml_first,ML-ranked candidate,0.0,ACCEPTED,OK,0.07905,316.2,30.0,30.0,10.52,transitioned,2025-08-27,2025-08-28,11.91,8.89,0.07,10.52,multiple_r,2025-09-02,10.31835,trailing_stop,trailing_stop,True,,,,,2025-08-27,10.31835,trailing_stop,explicit_replay,309.3094536628291,-6.689160988600747,-2.0112,6.0,False,0.0,,,,,-0.020111637224866308,2025-08-26,0.5903998575988981,0.7474817468434234,-0.15708188924452526,Q2
exit_closed,2025-09-08,,,,,,,,,,,,,,,NVCR,buy,Unknown,26.0,11.80084670096598,,,,,,,7578.540325509639,,,,,,,2025-08-26,2025-08-27,1.0,ml_p_side,1.0,1.0,ml_first,ML-ranked candidate,0.0,ACCEPTED,OK,0.0768949999999999,307.58,26.0,26.0,11.79,transitioned,2025-08-27,2025-08-28,13.37,9.91,0.07,11.79,multiple_r,2025-09-08,13.37,take_profit,take_profit,True,,,,,2025-08-27,13.37,take_profit,explicit_replay,347.428809,40.514748170617,13.297,12.0,False,0.0,,,,,0.13296955199880478,2025-08-26,0.6182575995864554,0.6787783633789732,-0.06052076379251781,Q3
exit_closed,2025-09-16,,,,,,,,,,,,,,,VTRS,sell,Unknown,48.0,10.73956141073952,,,,,,,6778.793795682223,,,,,,,2025-08-14,2025-08-15,0.9974937343358397,ml_p_side,2.0,1.0,ml_first,ML-ranked candidate,0.0,ACCEPTED,OK,0.12828,513.12,48.0,48.0,10.75,transitioned,2025-08-15,2025-08-18,9.5,11.73,0.0909,10.75,multiple_r,2025-09-16,9.5,take_profit,take_profit,True,,,,,2025-08-15,9.5,take_profit,explicit_replay,-456.3754185243328,58.77249895533881,13.048,32.0,False,0.0,,,,,0.11542011478233771,2025-08-14,0.2741125331325611,0.492526834805325,-0.21841430167276388,Q1
exit_closed,2025-09-19,,,,,,,,,,,,,,,FLO,sell,Unknown,32.0,14.807677835598277,,,,,,,6044.202639591592,,,,,,,2025-08-26,2025-08-27,0.9974937343358397,ml_p_side,2.0,1.0,ml_first,ML-ranked candidate,0.0,ACCEPTED,OK,0.1187199999999999,474.88,32.0,32.0,14.82,transitioned,2025-08-27,2025-08-28,13.11,16.36,0.1036999999999999,14.82,multiple_r,2025-09-19,13.11,take_profit,take_profit,True,,,,,2025-08-27,13.11,take_profit,explicit_replay,-419.8060392760596,53.7677542929231,12.9495,23.0,False,0.0,,,,,0.11464848536324779,2025-08-26,0.33215832047037835,0.42404053599660524,-0.09188221552622688,Q3
exit_closed,2025-09-23,,,,,,,,,,,,,,,ENPH,buy,Unknown,7.0,38.78851552852556,,,,,,,6037.668420121208,,,,,,,2025-09-19,2025-09-22,0.9974937343358397,ml_p_side,3.0,2.0,ml_first,ML-ranked candidate,0.0,ACCEPTED,OK,0.067235,268.94,7.0,7.0,38.75,transitioned,2025-09-22,2025-09-23,43.41,31.79,0.07,38.75,multiple_r,2025-09-23,37.8882,trailing_stop,trailing_stop,True,,,,,2025-09-22,37.8882,trailing_stop,explicit_replay,265.0668451119058,-6.534219470382993,-2.3211,1.0,False,0.0,,,,,-0.02321087869071603,2025-09-19,0.6308695813075232,0.7454887632450737,-0.1146191819375505,Q2
exit_closed,2025-09-25,,,,,,,,,,,,,,,NVCR,buy,Unknown,27.0,12.706363304030027,,,,,,,6820.9532735266985,,,,,,,2025-09-08,2025-09-09,1.0,ml_p_side,1.0,1.0,ml_first,ML-ranked candidate,0.0,ACCEPTED,OK,0.08505,340.2,27.0,27.0,12.695,transitioned,2025-09-09,2025-09-10,14.24,10.79,0.07,12.7,multiple_r,2025-09-25,12.5271,trailing_stop,trailing_stop,True,,,,,2025-09-09,12.5271,trailing_stop,explicit_replay,334.25173333697506,-8.922997414598285,-1.4108,16.0,False,0.0,,,,,-0.014108151934642876,2025-09-08,0.6250641544737547,0.721579941058098,-0.09651578658434323,Q2
exit_closed,2025-09-30,,,,,,,,,,,,,,,TTD,buy,Unknown,7.0,44.937286435730805,,,,,,,6865.676066930301,,,,,,,2025-09-16,2025-09-17,1.0,ml_p_side,1.0,1.0,ml_first,ML-ranked candidate,0.0,ACCEPTED,OK,0.07856625,314.26500000000004,7.0,7.0,44.9,transitioned,2025-09-17,2025-09-18,50.73,38.11,0.07,44.9,multiple_r,2025-09-30,50.73,take_profit,take_profit,True,,,,,2025-09-17,50.73,take_profit,explicit_replay,354.93098077832207,40.27560742669141,12.8907,13.0,False,0.0,,,,,0.12890661683708737,2025-09-16,0.6203597662791123,0.6805981062525749,-0.06023833997346262,Q3
exit_closed,2025-10-01,,,,,,,,,,,,,,,ZBH,sell,Unknown,6.0,105.00726828992724,,,,,,,5994.695176721543,,,,,,,2025-08-20,2025-08-21,0.9974937343358397,ml_p_side,2.0,1.0,ml_first,ML-ranked candidate,0.0,ACCEPTED,OK,0.158565,634.26,6.0,6.0,105.09,transitioned,2025-08-21,2025-08-22,96.19,114.04,0.0851,105.09,multiple_r,2025-10-01,96.19,take_profit,take_profit,True,,,,,2025-08-21,96.19,take_profit,explicit_replay,-577.4298656323186,52.11720973861669,9.1665,41.0,False,0.0,,,,,0.0839681712848922,2025-08-20,0.16799419389030235,0.29026152533332517,-0.12226733144302282,Q2
exit_closed,2025-10-03,,,,,,,,,,,,,,,NVCR,buy,Unknown,24.0,12.92146470120295,,,,,,,6701.437448703749,,,,,,,2025-09-25,2025-09-26,1.0,ml_p_side,1.0,1.0,ml_first,ML-ranked candidate,0.0,ACCEPTED,OK,0.07668,306.72,24.0,24.0,12.910000000000002,transitioned,2025-09-26,2025-09-29,14.44,10.77,0.07,12.91,multiple_r,2025-10-03,14.44,take_profit,take_profit,True,,,,,2025-09-26,14.44,take_profit,explicit_replay,346.3379536354344,36.12976626071497,11.752,7.0,False,0.0,,,,,0.11752036892966777,2025-09-25,0.627418272443505,0.7272524614215884,-0.09983418897808338,Q2
exit_closed,2025-10-07,,,,,,,,,,,,,,,TTD,buy,Unknown,6.0,48.85925943729089,,,,,,,6681.397096277688,,,,,,,2025-09-30,2025-10-01,1.0,ml_p_side,1.0,1.0,ml_first,ML-ranked candidate,0.0,ACCEPTED,OK,0.073515,294.06,6.0,6.0,48.82,transitioned,2025-10-01,2025-10-02,55.38,41.71,0.07,48.82,multiple_r,2025-10-07,55.38,take_profit,take_profit,True,,,,,2025-10-01,55.38,take_profit,explicit_replay,330.4406301361257,37.19712684539331,13.346,6.0,False,0.0,,,,,0.13345966839874546,2025-09-30,0.6055649983662504,0.6289738035680769,-0.02340880520182642,Q3
exit_closed,2025-10-07,,,,,,,,,,,,,,,RSI,buy,Unknown,17.999999999,19.46532610115066,,,,,,,7006.62056225052,,,,,,,2025-10-03,2025-10-06,0.9975,ml_p_side,3.0,2.0,ml_first,ML-ranked candidate,0.0,ACCEPTED,OK,0.08667,346.68,18.0,17.999999999,19.440000000000005,transitioned,2025-10-06,2025-10-07,21.76,16.5,0.07,19.44,multiple_r,2025-10-07,18.0885,trailing_stop,trailing_stop,True,,,,,2025-10-06,18.0885,trailing_stop,explicit_replay,325.223465972831,-25.25751658935593,-7.0732,1.0,False,0.0,,,,,-0.07073223916188442,2025-10-03,0.5573166393839424,0.630046394587515,-0.07272975520357261,Q3
exit_closed,2025-10-08,,,,,,,,,,,,,,,CXT,sell,Unknown,7.0,64.16683863280626,,,,,,,5898.208081038041,,,,,,,2025-09-23,2025-09-24,0.9974937343358397,ml_p_side,2.0,1.0,ml_first,ML-ranked candidate,0.0,ACCEPTED,OK,0.1133474999999999,453.39,7.0,7.0,64.24,transitioned,2025-09-24,2025-09-25,57.05,71.53,0.1134,64.24,multiple_r,2025-10-08,68.184616,trailing_stop,trailing_stop,True,,,,,2025-09-24,68.184616,trailing_stop,explicit_replay,-477.712753432781,-28.75449467600434,-5.8925,14.0,False,0.0,,,,,-0.06261454440954162,2025-09-23,0.2852739577296679,0.5686142141461823,-0.2833402564165144,Q1
exit_closed,2025-10-10,,,,,,,,,,,,,,,OBDC,sell,Unknown,26.0,13.722944677538916,,,,,,,6366.794536587945,,,,,,,2025-04-17,2025-04-21,0.9974811083123426,ml_p_side,2.0,1.0,ml_first,ML-ranked candidate,0.0,ACCEPTED,OK,0.090025,360.1,26.0,26.0,13.74,transitioned,2025-04-21,2025-04-22,12.05,15.72,0.1438,13.74,multiple_r,2025-10-10,12.05,take_profit,take_profit,True,,,,,2025-04-21,12.05,take_profit,explicit_replay,-313.5230794107952,42.43585980104189,13.8834,172.0,False,0.0,,,,,0.12190857843193914,2025-04-17,0.22181621197987816,0.2902579299351768,-0.06844171795529863,Q3
exit_closed,2025-10-13,,,,,,,,,,,,,,,TTD,buy,Unknown,6.0,53.80631176541381,,,,,,,6390.478853566838,,,,,,,2025-10-07,2025-10-08,0.9975,ml_p_side,3.0,2.0,ml_first,ML-ranked candidate,0.0,ACCEPTED,OK,0.080235,320.94,6.0,6.0,53.69,transitioned,2025-10-08,2025-10-09,60.44,45.6,0.07,53.69,multiple_r,2025-10-13,51.1407,trailing_stop,trailing_stop,True,,,,,2025-10-08,51.1407,trailing_stop,explicit_replay,306.7222194796859,-16.212502473974666,-4.9541,5.0,False,0.0,,,,,-0.049540875000602336,2025-10-07,0.6084642933052079,0.6886730249674182,-0.08020873166221032,Q3
exit_closed,2025-10-13,,,,,,,,,,,,,,,SMMT,buy,Unknown,13.0,21.765616661216484,,,,,,,6704.006359821688,,,,,,,2025-10-10,2025-10-13,0.9975,ml_p_side,3.0,2.0,ml_first,ML-ranked candidate,0.0,ACCEPTED,OK,0.0693875,277.55,13.0,13.0,21.75,transitioned,2025-10-13,2025-10-14,24.13,17.54,0.07,21.75,multiple_r,2025-10-13,24.13,take_profit,take_profit,True,,,,,2025-10-13,24.13,take_profit,explicit_replay,313.52750625485066,30.48960375405767,10.8629,0.0,True,0.0,,,,,0.108629283313463,2025-10-10,0.6336953865985564,0.7331767426520291,-0.09948135605347275,Q2
exit_closed,2025-10-15,,,,,,,,,,,,,,,RSI,buy,Unknown,17.0,18.093992067926592,,,,,,,7341.453997255634,,,,,,,2025-10-07,2025-10-08,1.0,ml_p_side,1.0,1.0,ml_first,ML-ranked candidate,0.0,ACCEPTED,OK,0.0763725,305.49,17.0,17.0,18.08,transitioned,2025-10-08,2025-10-09,20.31,15.09,0.07,18.08,multiple_r,2025-10-15,20.31,take_profit,take_profit,True,,,,,2025-10-08,20.31,take_profit,explicit_replay,344.99766533431085,37.30752082001232,12.2472,7.0,False,0.0,,,,,0.12247202959713355,2025-10-07,0.5640317849088933,0.6566896100638782,-0.09265782515498489,Q3
exit_closed,2025-10-16,,,,,,,,,,,,,,,RLI,sell,Unknown,12.0,65.25625340905518,,,,,,,6428.0343143879245,,,,,,,2025-10-08,2025-10-09,0.9975,ml_p_side,2.0,1.0,ml_first,ML-ranked candidate,0.0,ACCEPTED,OK,0.1960499999999999,784.1999999999999,12.0,12.0,65.33,transitioned,2025-10-09,2025-10-10,60.92,69.22,0.0596,65.33,multiple_r,2025-10-16,60.92,take_profit,take_profit,True,,,,,2025-10-09,60.92,take_profit,explicit_replay,-731.6299592874767,51.14490285550382,7.1179,7.0,False,0.0,,,,,0.06644962256526765,2025-10-08,0.24629455390041272,0.24560851810348527,0.0006860357969274422,Q3
exit_closed,2025-10-21,,,,,,,,,,,,,,,TECH,sell,Unknown,6.0,60.08541201473312,,,,,,,5593.399897613257,,,,,,,2025-10-01,2025-10-02,0.9975,ml_p_side,3.0,1.0,ml_first,ML-ranked candidate,0.0,ACCEPTED,OK,0.08988,359.52,6.0,6.0,60.13,transitioned,2025-10-02,2025-10-03,52.13,67.18,0.1172,60.13,multiple_r,2025-10-21,64.63002,trailing_stop,trailing_stop,True,,,,,2025-10-02,64.63002,trailing_stop,explicit_replay,-387.95754101142535,-27.634767152387383,-7.0317,19.0,False,0.0,,,,,-0.07563579632527984,2025-10-01,0.3277112065797448,0.6549301651798451,-0.32721895860010036,Q1
exit_closed,2025-10-29,,,,,,,,,,,,,,,GDDY,sell,Unknown,3.0,143.5681106104874,,,,,,,4917.643021842306,,,,,,,2025-09-02,2025-09-03,0.9974937343358397,ml_p_side,2.0,1.0,ml_first,ML-ranked candidate,0.0,ACCEPTED,OK,0.1082924999999999,433.17,3.0,3.0,143.67,transitioned,2025-09-03,2025-09-04,126.14,160.36,0.1162,143.67,multiple_r,2025-10-29,126.14,take_profit,take_profit,True,,,,,2025-09-03,126.14,take_profit,explicit_replay,-378.6830164005689,51.60496791012292,13.8165,56.0,False,0.0,,,,,0.12139263055269534,2025-09-02,0.3247197168396116,0.4442020956662747,-0.11948237882666313,Q2
exit_closed,2025-10-29,,,,,,,,,,,,,,,TTD,buy,Unknown,6.0,50.38966899358658,,,,,,,5224.987689252305,,,,,,,2025-10-13,2025-10-14,1.0,ml_p_side,1.0,1.0,ml_first,ML-ranked candidate,0.0,ACCEPTED,OK,0.0769125,307.65,6.0,6.0,50.29999999999999,transitioned,2025-10-14,2025-10-15,57.94,43.58,0.07,50.3,multiple_r,2025-10-29,51.2523,trailing_stop,trailing_stop,True,,,,,2025-10-14,51.2523,trailing_stop,explicit_replay,307.34466741,4.915952044292055,1.7119,15.0,False,0.0,,,,,0.017119203670959093,2025-10-13,0.6145752823235996,0.7063985349845778,-0.09182325266097824,Q3
exit_closed,2025-10-29,,,,,,,,,,,,,,,AVPT,buy,Unknown,32.0,13.951918526801562,,,,,,,5672.851147898507,,,,,,,2025-10-16,2025-10-17,0.995,ml_p_side,4.0,3.0,ml_first,ML-ranked candidate,0.0,ACCEPTED,OK,0.112,448.0,32.0,32.0,13.94,transitioned,2025-10-17,2025-10-20,15.74,12.47,0.07,13.94,multiple_r,2025-10-29,14.0151,trailing_stop,trailing_stop,True,,,,,2025-10-17,14.0151,trailing_stop,explicit_replay,447.8634586462026,1.2681273706953675,0.4529,12.0,False,0.0,,,,,0.00452851506243146,2025-10-16,0.4605858415356981,0.5558503219949888,-0.09526448045929076,Q2
exit_closed,2025-10-30,,,,,,,,,,,,,,,MNDY,buy,Unknown,1.0,181.66996633692324,,,,,,,6165.016955924366,,,,,,,2025-10-15,2025-10-16,0.9975,ml_p_side,3.0,2.0,ml_first,ML-ranked candidate,0.0,ACCEPTED,OK,0.0452275,180.91,1.0,1.0,181.36,transitioned,2025-10-16,2025-10-17,204.43,147.64,0.07,181.36,multiple_r,2025-10-30,204.43,take_profit,take_profit,True,,,,,2025-10-16,204.43,take_profit,explicit_replay,204.33785860048232,22.61339127365801,12.5282,14.0,False,0.0,,,,,0.12528231342800078,2025-10-15,0.627418272443505,0.744723787569754,-0.11730551512624898,Q2
exit_closed,2025-10-30,,,,,,,,,,,,,,,PSKY,buy,Unknown,17.999999999,16.483206325083007,,,,,,,6448.15681637231,,,,,,,2025-10-21,2025-10-22,1.0,ml_p_side,1.0,1.0,ml_first,ML-ranked candidate,0.0,ACCEPTED,OK,0.074295,297.18,18.0,17.999999999,16.47,transitioned,2025-10-22,2025-10-23,18.66,13.82,0.07,16.47,multiple_r,2025-10-30,15.7449,trailing_stop,trailing_stop,True,,,,,2025-10-22,15.7449,trailing_stop,explicit_replay,283.139860447944,-13.646862701217517,-4.4791,8.0,False,0.0,,,,,-0.0447914265296494,2025-10-21,0.5806226468181812,0.7072822301078959,-0.12665958328971472,Q2
exit_closed,2025-10-31,,,,,,,,,,,,,,,ACI,sell,Unknown,30.999999999,19.195393698255664,,,,,,,5794.37563522206,,,,,,,2025-10-14,2025-10-15,0.9975,ml_p_side,2.0,1.0,ml_first,ML-ranked candidate,0.0,ACCEPTED,OK,0.149265,597.0600000000001,31.0,30.999999999000003,19.21,transitioned,2025-10-15,2025-10-16,17.42,20.87,0.0863,19.21,multiple_r,2025-10-31,17.42,take_profit,take_profit,True,,,,,2025-10-15,17.42,take_profit,explicit_replay,-540.3346833928047,54.43065984308481,10.1917,16.0,False,0.0,,,,,0.09249061135000303,2025-10-14,0.25199714008446467,0.2661585290709777,-0.014161388986513035,Q3
exit_closed,2025-11-04,,,,,,,,,,,,,,,TTD,buy,Unknown,6.0,49.60002055555555,,,,,,,5669.962223708163,,,,,,,2025-10-29,2025-10-30,1.0,ml_p_side,1.0,1.0,ml_first,ML-ranked candidate,0.0,ACCEPTED,OK,0.0749399999999999,299.76,6.0,6.0,49.55500000000001,transitioned,2025-10-30,2025-10-31,56.45,41.74,0.07,49.56,multiple_r,2025-11-04,47.2347,trailing_stop,trailing_stop,True,,,,,2025-10-30,47.2347,trailing_stop,explicit_replay,283.25232549,-14.437077880333334,-4.7688,5.0,False,0.0,,,,,-0.04768789466339496,2025-10-29,0.6217399863800659,0.6444264680036634,-0.022686481623597543,Q3
exit_closed,2025-11-04,,,,,,,,,,,,,,,MNDY,buy,Unknown,1.0,198.24836650998537,,,,,,,5865.610258073163,,,,,,,2025-10-30,2025-10-31,0.9975,ml_p_side,2.0,2.0,ml_first,ML-ranked candidate,0.0,ACCEPTED,OK,0.049725,198.9,1.0,1.0,198.13,transitioned,2025-10-31,2025-11-03,224.76,171.05,0.07,198.13,multiple_r,2025-11-04,195.7557,trailing_stop,trailing_stop,True,,,,,2025-10-31,195.7557,trailing_stop,explicit_replay,195.648034365,-2.659806654938393,-1.2573,4.0,False,0.0,,,,,-0.012573452956344155,2025-10-30,0.5509132669136864,0.7127363041382793,-0.1618230372245929,Q2
exit_closed,2025-11-12,,,,,,,,,,,,,,,PSKY,buy,Unknown,22.0,15.392688375040624,,,,,,,6383.547542891417,,,,,,,2025-10-30,2025-10-31,0.995,ml_p_side,4.0,3.0,ml_first,ML-ranked candidate,0.0,ACCEPTED,OK,0.08503,340.12,22.0,22.0,15.38,transitioned,2025-10-31,2025-11-03,17.47,13.23,0.07,15.38,multiple_r,2025-11-12,15.958799999999998,trailing_stop,trailing_stop,True,,,,,2025-10-31,15.958799999999998,trailing_stop,explicit_replay,350.87570584112854,12.134969846959564,3.6778,12.0,False,0.0,,,,,0.03677795659641414,2025-10-30,0.526508291150282,0.6767762245985649,-0.15026793344828293,Q2
exit_closed,2025-11-17,,,,,,,,,,,,,,,PTCT,buy,Unknown,6.0,67.9239123269514,,,,,,,6621.317217374417,,,,,,,2025-10-31,2025-11-03,0.9925,ml_p_side,5.0,4.0,ml_first,ML-ranked candidate,0.0,ACCEPTED,OK,0.102465,409.86,6.0,6.0,67.86,transitioned,2025-11-03,2025-11-04,77.13,60.59,0.07,67.86,multiple_r,2025-11-17,77.13,take_profit,take_profit,True,,,,,2025-11-03,77.13,take_profit,explicit_replay,462.5254709999999,54.859733996103046,13.5535,14.0,False,0.0,,,,,0.1355352976244235,2025-10-31,0.4714089130254145,0.6083253119710743,-0.13691639894565982,Q2
exit_closed,2025-11-17,,,,,,,,,,,,,,,SMMT,buy,Unknown,12.0,18.7240325,,,,,,,6831.9912266896135,,,,,,,2025-11-12,2025-11-13,1.0,ml_p_side,1.0,1.0,ml_first,ML-ranked candidate,0.0,ACCEPTED,OK,0.0564899999999999,225.96,12.0,12.0,18.71,transitioned,2025-11-13,2025-11-14,21.28,14.68,0.07,18.71,multiple_r,2025-11-17,17.576999999999998,trailing_stop,trailing_stop,True,,,,,2025-11-13,17.576999999999998,trailing_stop,explicit_replay,210.67400931519617,-14.08178720180382,-6.126,4.0,False,0.0,,,,,-0.06125990755463606,2025-11-12,0.6182785994097518,0.7176588712101417,-0.09938027180038989,Q2
exit_closed,2025-11-20,,,,,,,,,,,,,,,SMMT,buy,Unknown,15.0,16.7225325,,,,,,,6463.359685990297,,,,,,,2025-11-17,2025-11-18,1.0,ml_p_side,1.0,1.0,ml_first,ML-ranked candidate,0.0,ACCEPTED,OK,0.0635625,254.25,15.0,15.0,16.71,transitioned,2025-11-18,2025-11-19,19.15,13.63,0.07,16.71,multiple_r,2025-11-20,15.9774,trailing_stop,trailing_stop,True,,,,,2025-11-18,15.9774,trailing_stop,explicit_replay,239.4433225029197,-11.469916393330294,-4.4559,2.0,False,0.0,,,,,-0.04455859182812172,2025-11-17,0.6182785994097518,0.6428558054241669,-0.024577206014415043,Q3
exit_closed,2025-11-21,,,,,,,,,,,,,,,ITT,sell,Unknown,3.0,195.23102023797452,,,,,,,5670.036184948324,,,,,,,2025-10-29,2025-10-30,0.9925,ml_p_side,5.0,2.0,ml_first,ML-ranked candidate,0.0,ACCEPTED,OK,0.1466025,586.41,3.0,3.0,195.48,transitioned,2025-10-30,2025-10-31,176.66,211.93,0.0841,195.48,multiple_r,2025-11-21,176.66,take_profit,take_profit,True,,,,,2025-10-30,176.66,take_profit,explicit_replay,-530.4945262003578,54.86943079373616,10.5123,22.0,False,0.0,,,,,0.09512330681536985,2025-10-29,0.1795832939896117,0.2345715676355658,-0.0549882736459541,Q3
exit_closed,2025-11-24,,,,,,,,,,,,,,,CHWY,buy,Unknown,12.0,33.64697631387964,,,,,,,5792.920817374508,,,,,,,2025-11-04,2025-11-05,0.9975,ml_p_side,2.0,2.0,ml_first,ML-ranked candidate,0.0,ACCEPTED,OK,0.10137,405.48,12.0,12.0,33.62,transitioned,2025-11-05,2025-11-06,38.18,29.73,0.07,33.62,multiple_r,2025-11-24,32.5314,trailing_stop,trailing_stop,True,,,,,2025-11-05,32.5314,trailing_stop,explicit_replay,388.09626873339903,-15.788576147886602,-3.3155,19.0,False,0.0,,,,,-0.033155321401628024,2025-11-04,0.5103096404745856,0.6294119693372868,-0.11910232886270122,Q2
exit_closed,2025-11-25,,,,,,,,,,,,,,,HSIC,sell,Unknown,8.0,71.38971989827095,,,,,,,5191.6469954465465,,,,,,,2025-11-04,2025-11-05,0.9975,ml_p_side,3.0,1.0,ml_first,ML-ranked candidate,0.0,ACCEPTED,OK,0.14322,572.88,8.0,8.0,71.49,transitioned,2025-11-05,2025-11-06,64.68,77.68,0.0865,71.49,multiple_r,2025-11-25,75.10974499999999,trailing_stop,trailing_stop,True,,,,,2025-11-05,75.10974499999999,trailing_stop,explicit_replay,-601.1378415091077,-30.32739806954979,-4.9528,20.0,False,0.0,,,,,-0.052108694459510385,2025-11-04,0.1807924224374861,0.2969663153933722,-0.1161738929558861,Q2
exit_closed,2025-12-02,,,,,,,,,,,,,,,SMMT,buy,Unknown,16.0,16.4123,,,,,,,5591.784045774242,,,,,,,2025-11-20,2025-11-21,1.0,ml_p_side,1.0,1.0,ml_first,ML-ranked candidate,0.0,ACCEPTED,OK,0.0658,263.2,16.0,16.0,16.4,transitioned,2025-11-21,2025-11-24,18.59,13.36,0.07,16.4,multiple_r,2025-12-02,16.8981,trailing_stop,trailing_stop,True,,,,,2025-11-21,16.8981,trailing_stop,explicit_replay,270.22089672,7.545317680000039,2.96,11.0,False,0.0,,,,,0.02959975140595783,2025-11-20,0.6214233108520287,0.6690489885286003,-0.047625677676571554,Q3
exit_closed,2025-12-02,,,,,,,,,,,,,,,LYFT,buy,Unknown,11.0,19.794796970974947,,,,,,,5835.636012484514,,,,,,,2025-11-25,2025-11-26,0.995,ml_p_side,4.0,3.0,ml_first,ML-ranked candidate,0.0,ACCEPTED,OK,0.0539824999999999,215.93,11.0,11.0,19.78,transitioned,2025-11-26,2025-11-28,22.18,15.42,0.07,19.78,multiple_r,2025-12-02,22.18,take_profit,take_profit,True,,,,,2025-11-26,22.18,take_profit,explicit_replay,243.851966710272,26.043877199543346,12.0496,6.0,False,0.0,,,,,0.12049646341523323,2025-11-25,0.5665479268558465,0.6269040223823059,-0.060356095526459375,Q3
exit_closed,2025-12-03,,,,,,,,,,,,,,,NOV,sell,Unknown,28.0,15.1372348663926,,,,,,,5472.268933457755,,,,,,,2025-10-30,2025-10-31,0.995,ml_p_side,3.0,1.0,ml_first,ML-ranked candidate,0.0,ACCEPTED,OK,0.1058399999999999,423.36,28.0,28.0,15.150000000000002,transitioned,2025-10-31,2025-11-03,13.15,16.85,0.1121,15.15,multiple_r,2025-12-03,15.903030000000005,trailing_stop,trailing_stop,True,,,,,2025-10-31,15.903030000000005,trailing_stop,explicit_replay,-445.554806719994,-22.005892817409208,-4.8154,33.0,False,0.0,,,,,-0.05059015998408056,2025-10-30,0.32116473949527674,0.5145567315475352,-0.1933919920522585,Q2
exit_closed,2025-12-04,,,,,,,,,,,,,,,KLIC,sell,Unknown,8.0,43.47857396199155,,,,,,,4701.57319569125,,,,,,,2025-11-25,2025-11-26,0.9975,ml_p_side,3.0,1.0,ml_first,ML-ranked candidate,0.0,ACCEPTED,OK,0.08712,348.48,8.0,8.0,43.51,transitioned,2025-11-26,2025-11-28,37.9,49.49,0.1373,43.51,multiple_r,2025-12-04,49.13136,trailing_stop,trailing_stop,True,,,,,2025-11-26,49.13136,trailing_stop,explicit_replay,-393.49950698465625,-45.80839039877506,-11.5055,8.0,False,0.0,,,,,-0.13001314263319785,2025-11-25,0.30948655590324653,0.624147572365949,-0.31466101646270245,Q1
exit_closed,2025-12-08,,,,,,,,,,,,,,,CNM,buy,Unknown,8.0,44.631813494200046,,,,,,,4857.13785149361,,,,,,,2025-11-17,2025-11-18,0.9975,ml_p_side,2.0,2.0,ml_first,ML-ranked candidate,0.0,ACCEPTED,OK,0.0899,359.6,8.0,8.0,44.59,transitioned,2025-11-18,2025-11-19,50.79,39.36,0.07,44.59,multiple_r,2025-12-08,50.79,take_profit,take_profit,True,,,,,2025-11-18,50.79,take_profit,explicit_replay,406.0774746086096,48.91585030262314,13.7978,20.0,False,0.0,,,,,0.13797751029319527,2025-11-17,0.45491186385207383,0.3791559081487599,0.07575595570331395,Q4
exit_closed,2025-12-08,,,,,,,,,,,,,,,POWI,buy,Unknown,8.0,33.14151208477639,,,,,,,5155.767671918959,,,,,,,2025-11-21,2025-11-24,0.9975,ml_p_side,2.0,2.0,ml_first,ML-ranked candidate,0.0,ACCEPTED,OK,0.06612,264.48,8.0,8.0,33.11,transitioned,2025-11-24,2025-11-25,37.36,26.88,0.07,33.11,multiple_r,2025-12-08,37.36,take_profit,take_profit,True,,,,,2025-11-24,37.36,take_profit,explicit_replay,298.62982042534907,33.41818411813449,12.7287,14.0,False,0.0,,,,,0.12728712873548642,2025-11-21,0.5704708861326049,0.7022818589989802,-0.13181097286637533,Q2
exit_closed,2025-12-08,,,,,,,,,,,,,,,FMC,buy,Unknown,23.0,13.790335,,,,,,,5454.849186563959,,,,,,,2025-12-02,2025-12-03,1.0,ml_p_side,1.0,1.0,ml_first,ML-ranked candidate,0.0,ACCEPTED,OK,0.078775,315.1,23.0,23.0,13.78,transitioned,2025-12-03,2025-12-04,15.48,11.54,0.07,13.78,multiple_r,2025-12-08,13.0107,trailing_stop,trailing_stop,True,,,,,2025-12-03,13.0107,trailing_stop,explicit_replay,299.081514645,-18.191343666500018,-5.6535,5.0,False,0.0,,,,,-0.056534884758057014,2025-12-02,0.6349971297139084,0.6277321905133817,0.007264939200526732,Q4
exit_closed,2025-12-09,,,,,,,,,,,,,,,CPB,sell,Unknown,15.0,31.65438474178404,,,,,,,5005.217341502656,,,,,,,2025-07-30,2025-07-31,0.9949874686716792,ml_p_side,3.0,2.0,ml_first,ML-ranked candidate,0.0,ACCEPTED,OK,0.1203375,481.35,15.0,15.0,31.7,transitioned,2025-07-31,2025-08-01,28.52,35.22,0.1109,31.7,multiple_r,2025-12-09,28.52,take_profit,take_profit,True,,,,,2025-07-31,28.52,take_profit,explicit_replay,-428.07855067415727,45.85428922105572,10.9901,131.0,False,0.0,,,,,0.09901897532845194,2025-07-30,0.32933891526564096,0.4040508976081902,-0.07471198234254922,Q3
exit_closed,2025-12-15,,,,,,,,,,,,,,,FMC,buy,Unknown,25.0,12.88966,,,,,,,4955.284546732653,,,,,,,2025-12-08,2025-12-09,1.0,ml_p_side,1.0,1.0,ml_first,ML-ranked candidate,0.0,ACCEPTED,OK,0.081875,327.5,25.0,25.0,12.88,transitioned,2025-12-09,2025-12-10,14.8,11.12,0.07,12.88,multiple_r,2025-12-15,13.289699999999998,trailing_stop,trailing_stop,True,,,,,2025-12-09,13.289699999999998,trailing_stop,explicit_replay,332.05976662499995,9.72159417499995,3.1036,6.0,False,0.0,,,,,0.031035729414119473,2025-12-08,0.6715271795478606,0.5834623352067441,0.0880648443411165,Q4
exit_closed,2025-12-18,,,,,,,,,,,,,,,MD,buy,Unknown,17.999999999,21.21544433426769,,,,,,,5052.952624381945,,,,,,,2025-12-09,2025-12-10,0.995,ml_p_side,4.0,3.0,ml_first,ML-ranked candidate,0.0,ACCEPTED,OK,0.0954899999999999,381.96,18.0,17.999999999,21.19,transitioned,2025-12-10,2025-12-11,23.98,18.46,0.07,21.19,multiple_r,2025-12-18,21.4458,trailing_stop,trailing_stop,True,,,,,2025-12-10,21.4458,trailing_stop,explicit_replay,385.7302903952911,3.737729000289392,1.0858,8.0,False,0.0,,,,,0.01085792322342427,2025-12-09,0.5088882812755421,0.6281957693498099,-0.11930748807426783,Q2
exit_closed,2025-12-22,,,,,,,,,,,,,,,FMC,buy,Unknown,22.0,13.08981,,,,,,,5033.836204208526,,,,,,,2025-12-15,2025-12-16,1.0,ml_p_side,1.0,1.0,ml_first,ML-ranked candidate,0.0,ACCEPTED,OK,0.07216,288.64,22.0,22.0,13.08,transitioned,2025-12-16,2025-12-17,14.83,10.91,0.07,13.08,multiple_r,2025-12-22,13.1595,trailing_stop,trailing_stop,True,,,,,2025-12-16,13.1595,trailing_stop,explicit_replay,289.34977005,1.2875573040000177,0.5324,6.0,False,0.0,,,,,0.0053239886598812625,2025-12-15,0.6489303541502845,0.5472010356526348,0.10172931849764977,Q4
exit_closed,2025-12-30,,,,,,,,,,,,,,,ARQT,buy,Unknown,11.0,28.0339707381802,,,,,,,5040.600403567762,,,,,,,2025-12-18,2025-12-19,0.9975,ml_p_side,2.0,2.0,ml_first,ML-ranked candidate,0.0,ACCEPTED,OK,0.076395,305.58000000000004,11.0,11.0,27.995,transitioned,2025-12-19,2025-12-22,31.39,23.55,0.07,28.0,multiple_r,2025-12-30,28.1418,trailing_stop,trailing_stop,True,,,,,2025-12-19,28.1418,trailing_stop,explicit_replay,309.301598358736,0.8354081353177776,0.3846,11.0,False,0.0,,,,,0.0038463784822655445,2025-12-18,0.6068829412557251,0.6685560050684868,-0.06167306381276172,Q3
exit_closed,2026-01-02,,,,,,,,,,,,,,,VRNS,buy,Unknown,12.0,31.42083243771098,,,,,,,5998.014961453996,,,,,,,2025-12-03,2025-12-04,0.9975,ml_p_side,3.0,2.0,ml_first,ML-ranked candidate,0.0,ACCEPTED,OK,0.09456,378.24,12.0,12.0,31.39,transitioned,2025-12-04,2025-12-05,35.62,27.64,0.07,31.39,multiple_r,2026-01-02,32.317499999999995,trailing_stop,trailing_stop,True,,,,,2025-12-04,32.317499999999995,trailing_stop,explicit_replay,387.51206967363817,10.348965424330627,2.8537,29.0,False,0.0,,,,,0.0285373585841997,2025-12-03,0.5717846812526257,0.5738559266481891,-0.002071245395563359,Q3
exit_closed,2026-01-05,,,,,,,,,,,,,,,QFIN,buy,Unknown,13.0,19.2644375,,,,,,,6948.515991076697,,,,,,,2025-12-04,2025-12-05,0.9975,ml_p_side,3.0,2.0,ml_first,ML-ranked candidate,0.0,ACCEPTED,OK,0.0609049999999999,243.62,13.0,13.0,19.25,transitioned,2025-12-05,2025-12-08,21.18,15.08,0.07,19.25,multiple_r,2026-01-05,18.87435,trailing_stop,trailing_stop,True,,,,,2025-12-05,18.87435,trailing_stop,explicit_replay,245.10405123592375,-5.4087675703262335,-2.0249,31.0,False,0.0,,,,,-0.020249098890118167,2025-12-04,0.5752732494730652,0.7304246915806615,-0.15515144210759624,Q2
exit_closed,2026-01-06,,,,,,,,,,,,,,,FMC,buy,Unknown,23.0,13.149855,,,,,,,7290.797632576697,,,,,,,2025-12-22,2025-12-23,1.0,ml_p_side,1.0,1.0,ml_first,ML-ranked candidate,0.0,ACCEPTED,OK,0.0757849999999999,303.14,23.0,23.0,13.14,transitioned,2025-12-23,2025-12-24,14.89,11.07,0.07,13.14,multiple_r,2026-01-06,14.89,take_profit,take_profit,True,,,,,2025-12-23,14.89,take_profit,explicit_replay,342.28164150000003,39.74424250050004,13.2332,14.0,False,0.0,,,,,0.13233187742374342,2025-12-22,0.6489303541502845,0.5128931821306799,0.13603717201960464,Q5
exit_closed,2026-01-07,,,,,,,,,,,,,,,CAG,sell,Unknown,25.0,18.455825176517784,,,,,,,6091.146325006466,,,,,,,2025-08-01,2025-08-04,0.9974937343358397,ml_p_side,2.0,1.0,ml_first,ML-ranked candidate,0.0,ACCEPTED,OK,0.1156875,462.75000000000006,25.0,25.0,18.47,transitioned,2025-08-04,2025-08-05,16.27,20.47,0.1083,18.47,multiple_r,2026-01-07,16.27,take_profit,take_profit,True,,,,,2025-08-04,16.27,take_profit,explicit_replay,-406.9737125,53.426620626639526,13.4347,156.0,False,0.0,,,,,0.11843551592041046,2025-08-01,0.24852319303012077,0.38486060605746825,-0.13633741302734748,Q2
exit_closed,2026-01-08,,,,,,,,,,,,,,,TREX,buy,Unknown,10.0,34.167082595307924,,,,,,,7120.2259309838855,,,,,,,2025-12-08,2025-12-09,0.9975,ml_p_side,2.0,2.0,ml_first,ML-ranked candidate,0.0,ACCEPTED,OK,0.08585,343.40000000000003,10.0,10.0,34.13000000000001,transitioned,2025-12-09,2025-12-10,38.8,29.69,0.07,34.13,multiple_r,2026-01-08,38.8,take_profit,take_profit,True,,,,,2025-12-09,38.8,take_profit,explicit_replay,387.7866,46.01327279913477,13.5596,30.0,False,0.0,,,,,0.13559593189640085,2025-12-08,0.5804238907296351,0.6253003978153777,-0.044876507085742645,Q3
exit_closed,2026-01-12,,,,,,,,,,,,,,,ASH,sell,Unknown,7.0,57.10671709916788,,,,,,,7109.710568074116,,,,,,,2025-12-02,2025-12-03,0.9975,ml_p_side,2.0,1.0,ml_first,ML-ranked candidate,0.0,ACCEPTED,OK,0.1006075,402.43,7.0,7.0,57.14999999999999,transitioned,2025-12-03,2025-12-04,50.02,64.36,0.1261999999999999,57.15,multiple_r,2026-01-12,64.36232999999999,trailing_stop,trailing_stop,True,,,,,2025-12-03,64.36232999999999,trailing_stop,explicit_replay,-450.8464908254061,-51.40975096080306,-11.2731,40.0,False,0.0,,,,,-0.1270535808989417,2025-12-02,0.29586514307123274,0.36075206885719224,-0.0648869257859595,Q3
exit_closed,2026-01-14,,,,,,,,,,,,,,,HRL,sell,Unknown,27.0,23.833027380952384,,,,,,,6871.779472822502,,,,,,,2025-12-08,2025-12-09,0.995,ml_p_side,3.0,1.0,ml_first,ML-ranked candidate,0.0,ACCEPTED,OK,0.1609875,643.95,27.0,27.0,23.85,transitioned,2025-12-09,2025-12-10,21.78,25.66,0.0761,23.85,multiple_r,2026-01-14,23.932464,trailing_stop,trailing_stop,True,,,,,2025-12-09,23.932464,trailing_stop,explicit_replay,-646.5022268118992,-3.4793172219500823,-0.4155,36.0,False,0.0,,,,,-0.0041722193936253316,2025-12-08,0.2006882390019677,0.3210495541311242,-0.12036131512915649,Q2
exit_closed,2026-01-29,,,,,,,,,,,,,,,TENB,sell,Unknown,24.0,23.75306292773645,,,,,,,5137.025793458265,,,,,,,2025-12-30,2025-12-31,0.9975,ml_p_side,2.0,1.0,ml_first,ML-ranked candidate,0.0,ACCEPTED,OK,0.14292,571.6800000000001,24.0,24.0,23.77,transitioned,2025-12-31,2026-01-02,21.45,25.89,0.0894,23.77,multiple_r,2026-01-29,21.45,take_profit,take_profit,True,,,,,2025-12-31,21.45,take_profit,explicit_replay,-522.0859732237615,47.61970389600384,10.7369,29.0,False,0.0,,,,,0.09695856634333944,2025-12-30,0.30243436921114797,0.6472588290111336,-0.34482445979998566,Q1
exit_closed,2026-01-13,,,,,,,,,,,,,,,GDDY,sell,Unknown,6.0,117.60144349751202,,,,,,,6999.14859556612,,,,,,,2026-01-02,2026-01-05,0.9975,ml_p_side,2.0,1.0,ml_first,ML-ranked candidate,0.0,ACCEPTED,OK,0.17778,711.12,6.0,6.0,117.7,transitioned,2026-01-05,2026-01-06,109.12,126.74,0.0768,117.7,multiple_r,2026-01-13,109.12,take_profit,take_profit,True,,,,,2026-01-05,109.12,take_profit,explicit_replay,-655.1562401758242,50.173537386096655,7.7726,8.0,False,0.0,,,,,0.07212023292631997,2026-01-02,0.16767633295526257,0.4057109426780464,-0.23803460972278384,Q1
exit_closed,2026-01-15,,,,,,,,,,,,,,,VRNS,buy,Unknown,13.0,33.4550725,,,,,,,7706.5080596007165,,,,,,,2026-01-06,2026-01-07,0.9975,ml_p_side,3.0,2.0,ml_first,ML-ranked candidate,0.0,ACCEPTED,OK,0.1082249999999999,432.9,13.0,13.0,33.43,transitioned,2026-01-07,2026-01-08,37.63,29.48,0.07,33.43,multiple_r,2026-01-15,33.9636,trailing_stop,trailing_stop,True,,,,,2026-01-07,33.9636,trailing_stop,explicit_replay,441.0694510107726,6.023033728022654,1.52,8.0,False,0.0,,,,,0.015200310804886152,2026-01-06,0.3438905955969361,0.45664369875407895,-0.11275310315714288,Q2
exit_closed,2026-01-15,,,,,,,,,,,,,,,CAG,sell,Unknown,40.0,16.03713629032258,,,,,,,7017.854902135577,,,,,,,2026-01-07,2026-01-08,0.9975,ml_p_side,2.0,1.0,ml_first,ML-ranked candidate,0.0,ACCEPTED,OK,0.1607999999999999,643.1999999999999,40.0,40.0,16.05,transitioned,2026-01-08,2026-01-09,14.68,17.3,0.078,16.05,multiple_r,2026-01-15,17.204880000000003,trailing_stop,trailing_stop,True,,,,,2026-01-08,17.204880000000003,trailing_stop,explicit_replay,-688.5997003441727,-47.36015148772113,-6.7873,7.0,False,0.0,,,,,-0.07281497697204742,2026-01-07,0.18667556825340553,0.38873019717505464,-0.2020546289216491,Q1
exit_closed,2026-01-20,,,,,,,,,,,,,,,KD,sell,Unknown,20.0,27.241245798373683,,,,,,,6685.211656500469,,,,,,,2026-01-12,2026-01-13,0.9975,ml_p_side,2.0,1.0,ml_first,ML-ranked candidate,0.0,ACCEPTED,OK,0.1367,546.8,20.0,20.0,27.27,transitioned,2026-01-13,2026-01-14,24.53,29.8,0.0928,27.27,multiple_r,2026-01-20,24.53,take_profit,take_profit,True,,,,,2026-01-13,24.53,take_profit,explicit_replay,-490.86983,53.74623641635275,11.0528,7.0,False,0.0,,,,,0.09952723228742877,2026-01-12,0.23756290042527378,0.5053484104260078,-0.267785510000734,Q1
exit_closed,2026-01-23,,,,,,,,,,,,,,,NOV,sell,Unknown,25.0,17.62614718972896,,,,,,,5850.089792821412,,,,,,,2026-01-08,2026-01-09,0.9975,ml_p_side,2.0,1.0,ml_first,ML-ranked candidate,0.0,ACCEPTED,OK,0.1097499999999999,439.0,25.0,25.0,17.64,transitioned,2026-01-09,2026-01-12,15.32,19.52,0.1066,17.64,multiple_r,2026-01-23,19.011388,trailing_stop,trailing_stop,True,,,,,2026-01-09,19.011388,trailing_stop,explicit_replay,-475.556473966673,-35.10843260732919,-7.2864,14.0,False,0.0,,,,,-0.07859010794362598,2026-01-08,0.25449525025816006,0.5152853905889946,-0.26079014033083453,Q1
exit_closed,2026-01-26,,,,,,,,,,,,,,,TREX,buy,Unknown,8.999999999,42.661972500000005,,,,,,,5942.009584633906,,,,,,,2026-01-15,2026-01-16,1.0,ml_p_side,1.0,1.0,ml_first,ML-ranked candidate,0.0,ACCEPTED,OK,0.0969299999999999,387.72,9.0,8.999999999,42.63,transitioned,2026-01-16,2026-01-20,48.68,38.06,0.07,42.63,multiple_r,2026-01-26,41.97555,trailing_stop,trailing_stop,True,,,,,2026-01-16,41.97555,trailing_stop,explicit_replay,377.5721709855475,-6.500768797527769,-1.609,10.0,False,0.0,,,,,-0.01608979753573292,2026-01-15,0.3445978572022592,0.5527400686705632,-0.20814221146830403,Q1
exit_closed,2026-01-28,,,,,,,,,,,,,,,VRNS,buy,Unknown,11.0,32.671284744797205,,,,,,,5980.795857533607,,,,,,,2026-01-20,2026-01-21,1.0,ml_p_side,1.0,1.0,ml_first,ML-ranked candidate,0.0,ACCEPTED,OK,0.089595,358.38,11.0,11.0,32.65,transitioned,2026-01-21,2026-01-22,36.82,28.21,0.07,32.65,multiple_r,2026-01-28,33.7962,trailing_stop,trailing_stop,True,,,,,2026-01-21,33.7962,trailing_stop,explicit_replay,371.5353676897006,12.04342025727351,3.4431,7.0,False,0.0,,,,,0.03443131373589248,2026-01-20,0.35505677380985434,0.473264326839392,-0.11820755302953767,Q2
exit_closed,2026-01-29,,,,,,,,,,,,,,,FMC,buy,Unknown,24.0,14.8611375,,,,,,,5509.260077049348,,,,,,,2026-01-06,2026-01-07,1.0,ml_p_side,1.0,1.0,ml_first,ML-ranked candidate,0.0,ACCEPTED,OK,0.0891,356.4,24.0,24.0,14.85,transitioned,2026-01-07,2026-01-08,16.78,12.83,0.07,14.85,multiple_r,2026-01-29,15.568199999999996,trailing_stop,trailing_stop,True,,,,,2026-01-07,15.568199999999996,trailing_stop,explicit_replay,372.2342835910831,15.459983401083091,4.7578,22.0,False,0.0,,,,,0.04757795289896194,2026-01-06,0.3586320906932089,0.5226888885359066,-0.16405679784269767,Q2
exit_closed,2026-01-29,,,,,,,,,,,,,,,VIRT,sell,Unknown,15.0,36.1671785685238,,,,,,,4926.234287262827,,,,,,,2026-01-15,2026-01-16,0.9975,ml_p_side,2.0,1.0,ml_first,ML-ranked candidate,0.0,ACCEPTED,OK,0.13455,538.2,15.0,15.0,36.2,transitioned,2026-01-16,2026-01-20,32.23,39.07,0.0794,36.2,multiple_r,2026-01-29,38.836812,trailing_stop,trailing_stop,True,,,,,2026-01-16,38.836812,trailing_stop,explicit_replay,-582.9418302648446,-40.680863562223,-6.874,13.0,False,0.0,,,,,-0.07381370450056535,2026-01-15,0.2150004280736857,0.3561083347261341,-0.14110790665244843,Q2
exit_closed,2026-01-30,,,,,,,,,,,,,,,ARQT,buy,Unknown,11.0,25.960609923664123,,,,,,,5704.443919713883,,,,,,,2026-01-23,2026-01-26,0.9975,ml_p_side,2.0,2.0,ml_first,ML-ranked candidate,0.0,ACCEPTED,OK,0.07205,288.2,11.0,11.0,25.8,transitioned,2026-01-26,2026-01-27,29.61,21.75,0.07,25.8,multiple_r,2026-01-30,25.0821,trailing_stop,trailing_stop,True,,,,,2026-01-26,25.0821,trailing_stop,explicit_replay,275.71166302037415,-9.940716152679272,-3.384,4.0,False,0.0,,,,,-0.03384011108549978,2026-01-23,0.3545713244751364,0.5528365416187666,-0.1982652171436302,Q1
exit_closed,2026-02-02,,,,,,,,,,,,,,,DVA,sell,Unknown,5.0,103.9129511337923,,,,,,,5715.359272329752,,,,,,,2026-01-13,2026-01-14,0.9975,ml_p_side,2.0,1.0,ml_first,ML-ranked candidate,0.0,ACCEPTED,OK,0.1305875,522.35,5.0,5.0,104.0,transitioned,2026-01-14,2026-01-15,93.52,114.05,0.0967,104.0,multiple_r,2026-02-02,110.7667,trailing_stop,trailing_stop,True,,,,,2026-01-14,110.7667,trailing_stop,explicit_replay,-554.1989244945443,-34.9075588517799,-6.1876,19.0,False,0.0,,,,,-0.06595663766091309,2026-01-13,0.20667610490748714,0.46087844811098333,-0.2542023432034962,Q1
exit_closed,2026-02-03,,,,,,,,,,,,,,,NTNX,buy,Unknown,7.0,39.6797375,,,,,,,5693.980347058248,,,,,,,2026-01-29,2026-01-30,0.995,ml_p_side,5.0,3.0,ml_first,ML-ranked candidate,0.0,ACCEPTED,OK,0.069055,276.22,7.0,7.0,39.65,transitioned,2026-01-30,2026-02-02,44.59,33.05,0.07,39.65,multiple_r,2026-02-03,37.8231,trailing_stop,trailing_stop,True,,,,,2026-01-30,37.8231,trailing_stop,explicit_replay,264.61608106499995,-13.225408883750047,-4.6791,4.0,False,0.0,,,,,-0.046790569116038294,2026-01-29,0.2982901632436865,0.5357812303847777,-0.23749106714109114,Q1
exit_closed,2026-02-09,,,,,,,,,,,,,,,MNDY,buy,Unknown,2.0,96.0820075,,,,,,,5685.109584363749,,,,,,,2026-02-05,2026-02-06,1.0,ml_p_side,1.0,1.0,ml_first,ML-ranked candidate,0.0,ACCEPTED,OK,0.047295,189.18,2.0,2.0,96.01,transitioned,2026-02-06,2026-02-09,106.89,69.92,0.07,96.01,multiple_r,2026-02-09,91.7259,trailing_stop,trailing_stop,True,,,,,2026-02-06,91.7259,trailing_stop,explicit_replay,183.35090151,-8.87076269450003,-4.5337,3.0,False,0.0,,,,,-0.04533739056191144,2026-02-05,0.3257990592339256,0.5312153659282809,-0.2054163066943553,Q1
exit_closed,2026-02-11,,,,,,,,,,,,,,,APA,sell,Unknown,15.0,26.25181792987512,,,,,,,5052.051534148289,,,,,,,2026-01-14,2026-01-15,0.9975,ml_p_side,2.0,1.0,ml_first,ML-ranked candidate,0.0,ACCEPTED,OK,0.1000875,400.35,15.0,15.0,26.27,transitioned,2026-01-15,2026-01-16,23.22,30.0,0.1418,26.27,multiple_r,2026-02-11,28.522164,trailing_stop,trailing_stop,True,,,,,2026-01-15,28.522164,trailing_stop,explicit_replay,-428.0365188974409,-34.50395439501756,-7.9599,27.0,False,0.0,,,,,-0.0864833847388975,2026-01-14,0.2803885900181859,0.512704138097978,-0.2323155480797921,Q1
exit_closed,2026-02-11,,,,,,,,,,,,,,,RHI,buy,Unknown,7.0,29.26193,,,,,,,5247.764632708288,,,,,,,2026-02-09,2026-02-10,1.0,ml_p_side,1.0,1.0,ml_first,ML-ranked candidate,0.0,ACCEPTED,OK,0.05096,203.84,7.0,7.0,29.24,transitioned,2026-02-10,2026-02-11,32.91,22.84,0.07,29.24,multiple_r,2026-02-11,27.9744,trailing_stop,trailing_stop,True,,,,,2026-02-10,27.9744,trailing_stop,explicit_replay,195.71309856,-9.181861493000014,-4.4,1.0,False,0.0,,,,,-0.04400017360440678,2026-02-09,0.30996977739635473,0.5134958465122357,-0.20352606911588095,Q1
exit_closed,2026-02-13,,,,,,,,,,,,,,,RHI,buy,Unknown,7.0,27.120325,,,,,,,5606.619036463918,,,,,,,2026-02-11,2026-02-12,1.0,ml_p_side,1.0,1.0,ml_first,ML-ranked candidate,0.0,ACCEPTED,OK,0.047495,189.98,7.0,7.0,27.1,transitioned,2026-02-12,2026-02-13,30.67,20.57,0.07,27.1,multiple_r,2026-02-13,25.3518,trailing_stop,trailing_stop,True,,,,,2026-02-12,25.3518,trailing_stop,explicit_replay,177.36499557,-12.534232112500009,-6.521,1.0,False,0.0,,,,,-0.06521031735423521,2026-02-11,0.30996977739635473,0.5096783436867892,-0.19970856629043449,Q1
exit_closed,2026-02-17,,,,,,,,,,,,,,,TREX,buy,Unknown,8.0,41.5811625,,,,,,,5786.091062627734,,,,,,,2026-01-26,2026-01-27,1.0,ml_p_side,1.0,1.0,ml_first,ML-ranked candidate,0.0,ACCEPTED,OK,0.08414,336.56,8.0,8.0,41.55,transitioned,2026-01-27,2026-01-28,47.54,36.33,0.07,41.55,multiple_r,2026-02-17,42.1662,trailing_stop,trailing_stop,True,,,,,2026-01-27,42.1662,trailing_stop,explicit_replay,337.14406872,4.394973930000049,1.407,21.0,False,0.0,,,,,0.014069772580312279,2026-01-26,0.34812470409339685,0.5527561163791966,-0.20463141228579979,Q1
exit_closed,2026-02-17,,,,,,,,,,,,,,,BBWI,buy,Unknown,15.0,21.4260575,,,,,,,6152.35840597254,,,,,,,2026-01-28,2026-01-29,0.9975,ml_p_side,2.0,2.0,ml_first,ML-ranked candidate,0.0,ACCEPTED,OK,0.0811125,324.45,15.0,15.0,21.41,transitioned,2026-01-29,2026-01-30,24.44,18.42,0.07,21.41,multiple_r,2026-02-17,24.44,take_profit,take_profit,True,,,,,2026-01-29,24.44,take_profit,explicit_replay,366.26734334480665,44.7800635860566,14.0667,19.0,False,0.0,,,,,0.1406671526014529,2026-01-28,0.3445978572022592,0.5412176007255737,-0.19661974352331446,Q1
exit_closed,2026-02-20,,,,,,,,,,,,,,,VIRT,sell,Unknown,12.0,40.95482201757554,,,,,,,5735.872151003122,,,,,,,2026-01-29,2026-01-30,0.9975,ml_p_side,3.0,1.0,ml_first,ML-ranked candidate,0.0,ACCEPTED,OK,0.1219799999999999,487.92,12.0,12.0,41.0,transitioned,2026-01-30,2026-02-02,36.09,44.66,0.0892,41.0,multiple_r,2026-02-20,40.3004,trailing_stop,trailing_stop,True,,,,,2026-01-30,40.3004,trailing_stop,explicit_replay,-483.93203014056496,7.255532245025483,1.6239,21.0,False,0.0,,,,,0.01597912004829838,2026-01-29,0.18105663294272667,0.38987159620548384,-0.20881496326275717,Q1
exit_closed,2026-02-20,,,,,,,,,,,,,,,BKD,sell,Unknown,22.0,16.88636754063171,,,,,,,5414.545197705874,,,,,,,2026-02-11,2026-02-12,0.9975,ml_p_side,2.0,1.0,ml_first,ML-ranked candidate,0.0,ACCEPTED,OK,0.092235,368.94,22.0,22.0,16.9,transitioned,2026-02-12,2026-02-13,14.59,18.99,0.1235999999999999,16.9,multiple_r,2026-02-20,14.59,take_profit,take_profit,True,,,,,2026-02-12,14.59,take_profit,explicit_replay,-321.2915723366868,50.06168257088137,15.7393,8.0,False,0.0,,,,,0.13598943260628593,2026-02-11,0.23989426103493933,0.43592552708989923,-0.1960312660549599,Q2
exit_closed,2026-02-20,,,,,,,,,,,,,,,FIVN,buy,Unknown,13.0,16.307881999402273,,,,,,,5654.261217880428,,,,,,,2026-02-17,2026-02-18,0.995,ml_p_side,4.0,3.0,ml_first,ML-ranked candidate,0.0,ACCEPTED,OK,0.0530724999999999,212.29,13.0,13.0,16.29,transitioned,2026-02-18,2026-02-19,18.45,12.57,0.07,16.29,multiple_r,2026-02-20,18.45,take_profit,take_profit,True,,,,,2026-02-18,18.45,take_profit,explicit_replay,239.71602017455388,27.64995344252668,13.1355,2.0,False,0.0,,,,,0.13135476456576267,2026-02-17,0.3086695784620254,0.5351874250860046,-0.22651784662397917,Q1
exit_closed,2026-02-23,,,,,,,,,,,,,,,HRL,sell,Unknown,23.0,24.5826703537109,,,,,,,5296.758131570745,,,,,,,2026-01-30,2026-02-02,0.9975,ml_p_side,2.0,1.0,ml_first,ML-ranked candidate,0.0,ACCEPTED,OK,0.1415074999999999,566.03,23.0,23.0,24.6,transitioned,2026-02-02,2026-02-03,22.15,26.76,0.0878999999999999,24.6,multiple_r,2026-02-23,25.119611000000003,trailing_stop,trailing_stop,True,,,,,2026-02-02,25.119611000000003,trailing_stop,explicit_replay,-578.039170895475,-12.948723540098708,-2.1375,21.0,False,0.0,,,,,-0.021842242464438,2026-01-30,0.14610208906818592,0.35097098387435804,-0.20486889480617212,Q1
exit_closed,2026-02-23,,,,,,,,,,,,,,,GENI,buy,Unknown,27.0,5.83795389369058,,,,,,,5458.38688431308,,,,,,,2026-02-13,2026-02-17,1.0,ml_p_side,1.0,1.0,ml_first,ML-ranked candidate,0.0,ACCEPTED,OK,0.0390825,156.33,27.0,27.0,5.83,transitioned,2026-02-17,2026-02-18,6.54,3.97,0.07,5.83,multiple_r,2026-02-23,5.9985,trailing_stop,trailing_stop,True,,,,,2026-02-17,5.9985,trailing_stop,explicit_replay,161.62875274233448,3.956710186149934,2.75,6.0,False,0.0,,,,,0.02750040668922238,2026-02-13,0.3459053436687915,0.5854552974063427,-0.23954995373755122,Q1
exit_closed,2026-02-24,,,,,,,,,,,,,,,XPEV,buy,Unknown,17.0,16.818190209790213,,,,,,,6448.459918896264,,,,,,,2026-02-02,2026-02-03,1.0,ml_p_side,1.0,1.0,ml_first,ML-ranked candidate,0.0,ACCEPTED,OK,0.0700824999999999,280.33,17.0,17.0,16.799999999999997,transitioned,2026-02-03,2026-02-04,18.63,13.7,0.07,16.8,multiple_r,2026-02-24,18.63,take_profit,take_profit,True,,,,,2026-02-03,18.63,take_profit,explicit_replay,316.44607499999995,30.45106866349636,10.7729,21.0,False,0.0,,,,,0.10772917701662665,2026-02-02,0.3445978572022592,0.5253423995642685,-0.18074454236200932,Q2
exit_closed,2026-03-02,,,,,,,,,,,,,,,MBLY,buy,Unknown,33.0,8.92456850737798,,,,,,,6428.288733603491,,,,,,,2026-02-24,2026-02-25,0.9875,ml_p_side,3.0,6.0,ml_first,ML-ranked candidate,0.0,ACCEPTED,OK,0.072765,291.06,33.0,33.0,8.909999999999998,transitioned,2026-02-25,2026-02-26,9.97,7.31,0.07,8.91,multiple_r,2026-03-02,8.3235,trailing_stop,trailing_stop,True,,,,,2026-02-25,8.3235,trailing_stop,explicit_replay,274.42792867892365,-20.171185292772748,-6.735,5.0,False,0.0,,,,,-0.06734986760212269,2026-02-24,0.300819505609254,0.4964347476980268,-0.1956152420887728,Q2
exit_closed,2026-03-09,,,,,,,,,,,,,,,TEX,sell,Unknown,4.0,69.92965548895327,,,,,,,6345.727083452807,,,,,,,2026-02-17,2026-02-18,0.9975,ml_p_side,2.0,1.0,ml_first,ML-ranked candidate,0.0,ACCEPTED,OK,0.06951,278.04,4.0,4.0,69.99,transitioned,2026-02-18,2026-02-19,60.47,81.28,0.1613,69.99,multiple_r,2026-03-09,60.47,take_profit,take_profit,True,,,,,2026-02-18,60.47,take_profit,explicit_replay,-242.070535061616,37.50090161931087,15.6436,19.0,False,0.0,,,,,0.13527387519373102,2026-02-17,0.2849157936105818,0.45412853358980865,-0.16921273997922687,Q2
exit_closed,2026-03-10,,,,,,,,,,,,,,,LW,buy,Unknown,10.0,47.695745,,,,,,,6618.942118787807,,,,,,,2026-02-20,2026-02-23,0.9875,ml_p_side,3.0,6.0,ml_first,ML-ranked candidate,0.0,ACCEPTED,OK,0.120675,482.7000000000001,10.0,10.0,47.66,transitioned,2026-02-23,2026-02-24,53.95,43.3,0.07,47.66,multiple_r,2026-03-10,44.88459,trailing_stop,trailing_stop,True,,,,,2026-02-23,44.88459,trailing_stop,explicit_replay,448.59903475499993,-28.50150248,-5.8939,15.0,False,0.0,,,,,-0.058939324671414606,2026-02-20,0.24771869357899068,0.38581231890087475,-0.13809362532188407,Q2
exit_closed,2026-03-12,,,,,,,,,,,,,,,NVST,sell,Unknown,12.0,28.97825,,,,,,,6100.818646604457,,,,,,,2026-02-20,2026-02-23,0.9975,ml_p_side,1.0,1.0,ml_first,ML-ranked candidate,0.0,ACCEPTED,OK,0.08736,349.44,12.0,12.0,29.0,transitioned,2026-02-23,2026-02-24,25.33,33.07,0.1402999999999999,29.0,multiple_r,2026-03-12,25.33,take_profit,take_profit,True,,,,,2026-02-23,25.33,take_profit,explicit_replay,-304.2303744806445,43.33392806935545,14.4029,17.0,False,0.0,,,,,0.1258961462476168,2026-02-20,0.20880338790145123,0.4281828532776368,-0.21937946537618555,Q1
exit_closed,2026-03-12,,,,,,,,,,,,,,,BILL,buy,Unknown,5.0,42.75171887487876,,,,,,,6302.517218581765,,,,,,,2026-03-10,2026-03-11,1.0,ml_p_side,1.0,1.0,ml_first,ML-ranked candidate,0.0,ACCEPTED,OK,0.0528375,211.35,5.0,5.0,42.72,transitioned,2026-03-11,2026-03-12,47.77,33.22,0.07,42.72,multiple_r,2026-03-12,40.362,trailing_stop,trailing_stop,True,,,,,2026-03-11,40.362,trailing_stop,explicit_replay,201.69857197730707,-12.124149975399035,-5.5898,1.0,False,0.0,,,,,-0.05589760921362574,2026-03-10,0.3445978572022592,0.568279445720843,-0.22368158851858377,Q1
exit_closed,2026-03-18,,,,,,,,,,,,,,,WHR,buy,Unknown,3.0,58.4438,,,,,,,6030.033243191889,,,,,,,2026-03-09,2026-03-10,1.0,ml_p_side,1.0,1.0,ml_first,ML-ranked candidate,0.0,ACCEPTED,OK,0.044055,176.22,3.0,3.0,58.4,transitioned,2026-03-10,2026-03-11,66.38,45.42,0.07,58.4,multiple_r,2026-03-18,55.20945,trailing_stop,trailing_stop,True,,,,,2026-03-10,55.20945,trailing_stop,explicit_replay,165.5177014839584,-9.866297936041605,-5.5341,8.0,False,0.0,,,,,-0.05534119957976735,2026-03-09,0.28249483613616216,0.4926419156578214,-0.21014707952165923,Q1
exit_closed,2026-03-23,,,,,,,,,,,,,,,LBTYA,sell,Unknown,28.0,12.50887029949436,,,,,,,6008.35747310576,,,,,,,2026-02-20,2026-02-23,0.9925,ml_p_side,2.0,2.0,ml_first,ML-ranked candidate,0.0,ACCEPTED,OK,0.08778,351.12,28.0,28.0,12.52,transitioned,2026-02-23,2026-02-24,10.91,14.32,0.1434,12.52,multiple_r,,,,,,,,,,2026-02-23,12.08,time_stop,intrabar_resolution,-338.426032,11.600512419197686,3.5503,28.0,False,0.0,,,,,0.034285294293258106,2026-02-20,0.1699348893139632,0.30155345779968734,-0.13161856848572415,Q2
exit_closed,2026-03-24,,,,,,,,,,,,,,,BILL,buy,Unknown,5.0,39.5746776285032,,,,,,,6433.333980112568,,,,,,,2026-03-12,2026-03-13,1.0,ml_p_side,1.0,1.0,ml_first,ML-ranked candidate,0.0,ACCEPTED,OK,0.0495625,198.25,5.0,5.0,39.54,transitioned,2026-03-13,2026-03-16,44.8,30.88,0.07,39.54,multiple_r,2026-03-24,39.06,trailing_stop,trailing_stop,True,,,,,2026-03-13,39.06,trailing_stop,explicit_replay,195.1398235240572,-2.792926634901562,-1.3005,11.0,False,0.0,,,,,-0.013005226052239749,2026-03-12,0.34812470409339685,0.5508254575912651,-0.20270075349786826,Q1
exit_closed,2026-03-27,,,,,,,,,,,,,,,BILL,buy,Unknown,6.0,37.84882090146751,,,,,,,6425.784411311181,,,,,,,2026-03-25,2026-03-26,1.0,ml_p_side,1.0,1.0,ml_first,ML-ranked candidate,0.0,ACCEPTED,OK,0.057255,229.02,6.0,6.0,37.82,transitioned,2026-03-26,2026-03-27,43.13,30.74,0.07,37.82,multiple_r,2026-03-27,36.6327,trailing_stop,trailing_stop,True,,,,,2026-03-26,36.6327,trailing_stop,explicit_replay,219.61148448504187,-7.549568801385789,-3.2131,1.0,False,0.0,,,,,-0.03213101154811293,2026-03-25,0.3445978572022592,0.5529708121040443,-0.2083729549017851,Q1
exit_closed,2026-03-30,,,,,,,,,,,,,,,BKD,sell,Unknown,19.0,15.287367909475742,,,,,,,5908.245270788463,,,,,,,2026-02-23,2026-02-24,0.9975,ml_p_side,1.0,1.0,ml_first,ML-ranked candidate,0.0,ACCEPTED,OK,0.07334,293.36,19.0,19.0,15.300000000000002,transitioned,2026-02-24,2026-02-25,13.43,18.02,0.1779,15.3,multiple_r,2026-03-30,13.43,take_profit,take_profit,True,,,,,2026-02-24,13.43,take_profit,explicit_replay,-255.34165722437567,34.91362791965654,13.83,34.0,False,0.0,,,,,0.12149690649653755,2026-02-23,0.2527965957579663,0.4570860603979558,-0.20428946463998948,Q1
exit_closed,2026-04-07,,,,,,,,,,,,,,,LSTR,sell,Unknown,1.0,159.6200406114151,,,,,,,6002.608045459958,,,,,,,2026-03-02,2026-03-03,0.995,ml_p_side,1.0,1.0,ml_first,ML-ranked candidate,0.0,ACCEPTED,OK,0.040915,163.66,1.0,1.0,159.92,transitioned,2026-03-03,2026-03-04,142.38,189.57,0.1853999999999999,159.92,multiple_r,2026-04-07,169.855966,trailing_stop,trailing_stop,True,,,,,2026-03-03,169.855966,trailing_stop,explicit_replay,-170.16128957726855,-10.655643328291625,-6.0262,35.0,False,0.0,,,,,-0.06412681859606595,2026-03-02,0.19862858654790705,0.29621118310256705,-0.09758259655466,Q2
exit_closed,2026-04-08,,,,,,,,,,,,,,,BFH,sell,Unknown,4.0,72.27894181449116,,,,,,,5686.743201849854,,,,,,,2026-01-29,2026-01-30,0.995,ml_p_side,4.0,2.0,ml_first,ML-ranked candidate,0.0,ACCEPTED,OK,0.07303,292.12,4.0,4.0,72.34,transitioned,2026-01-30,2026-02-02,63.54,83.25,0.1508,72.34,multiple_r,2026-04-08,78.86432400000001,trailing_stop,trailing_stop,True,,,,,2026-01-30,78.86432400000001,trailing_stop,explicit_replay,-315.6307975128001,-26.8358110823169,-8.3503,68.0,False,0.0,,,,,-0.09111066128237844,2026-01-29,0.2737951215121508,0.4367194906210778,-0.162924369108927,Q2
exit_closed,2026-04-09,,,,,,,,,,,,,,,BILL,buy,Unknown,7.0,37.428759394955726,,,,,,,6027.203218018508,,,,,,,2026-03-27,2026-03-30,1.0,ml_p_side,1.0,1.0,ml_first,ML-ranked candidate,0.0,ACCEPTED,OK,0.06475,259.0,7.0,7.0,37.39,transitioned,2026-03-30,2026-03-31,41.81,29.88,0.07,37.39,multiple_r,2026-04-09,37.8789,trailing_stop,trailing_stop,True,,,,,2026-03-30,37.8789,trailing_stop,explicit_replay,265.00646623499995,2.926550075580508,1.2027,10.0,False,0.0,,,,,0.012026596989077376,2026-03-27,0.3445978572022592,0.538770539481483,-0.1941726822792238,Q2
exit_closed,2026-04-10,,,,,,,,,,,,,,,KD,buy,Unknown,19.0,12.631417244030755,,,,,,,6013.346767362957,,,,,,,2026-03-12,2026-03-13,0.9975,ml_p_side,2.0,2.0,ml_first,ML-ranked candidate,0.0,ACCEPTED,OK,0.05966,238.64,19.0,19.0,12.62,transitioned,2026-03-13,2026-03-16,14.19,10.02,0.07,12.62,multiple_r,2026-04-10,12.6015,trailing_stop,trailing_stop,True,,,,,2026-03-13,12.6015,trailing_stop,explicit_replay,239.2587456831288,-0.8101810317465095,-0.2368,28.0,False,0.0,,,,,-0.0023684788058833117,2026-03-12,0.28721411186368584,0.4854893575115826,-0.19827524564789678,Q1
exit_closed,2026-04-10,,,,,,,,,,,,,,,ESI,sell,Unknown,8.0,33.08374669888694,,,,,,,5709.112735615568,,,,,,,2026-03-30,2026-03-31,0.9975,ml_p_side,2.0,1.0,ml_first,ML-ranked candidate,0.0,ACCEPTED,OK,0.06472,258.88,8.0,8.0,33.11,transitioned,2026-03-31,2026-04-01,28.15,38.12,0.1513,33.11,multiple_r,2026-04-10,38.004413,trailing_stop,trailing_stop,True,,,,,2026-03-31,38.004413,trailing_stop,explicit_replay,-304.2025234172,-39.64345914837117,-12.9476,10.0,False,0.0,,,,,-0.1487336469444862,2026-03-30,0.2601574251613817,0.4925012210260159,-0.23234379586463422,Q1
exit_closed,2026-04-15,,,,,,,,,,,,,,,NVCR,buy,Unknown,23.0,10.690196753069577,,,,,,,6066.28854599079,,,,,,,2026-04-08,2026-04-09,0.9975,ml_p_side,3.0,2.0,ml_first,ML-ranked candidate,0.0,ACCEPTED,OK,0.0620424999999999,248.17,23.0,23.0,10.68,transitioned,2026-04-09,2026-04-10,12.19,8.7,0.07,10.68,multiple_r,2026-04-15,12.19,take_profit,take_profit,True,,,,,2026-04-09,12.19,take_profit,explicit_replay,280.0553215657895,34.10703388759305,14.0297,6.0,False,0.0,,,,,0.14029706670270303,2026-04-08,0.351866571045621,0.5837904892747712,-0.23192391822915015,Q1
exit_closed,2026-04-15,,,,,,,,,,,,,,,KD,buy,Unknown,25.0,12.260172812858784,,,,,,,6411.55985075011,,,,,,,2026-04-10,2026-04-13,1.0,ml_p_side,1.0,1.0,ml_first,ML-ranked candidate,0.0,ACCEPTED,OK,0.0764375,305.75,25.0,25.0,12.24,transitioned,2026-04-13,2026-04-14,13.82,10.31,0.07,12.24,multiple_r,2026-04-15,13.82,take_profit,take_profit,True,,,,,2026-04-13,13.82,take_profit,explicit_replay,345.2713047593196,38.675033141753545,12.7227,2.0,False,0.0,,,,,0.12722717786695714,2026-04-10,0.31733613585062387,0.48507326857423544,-0.16773713272361157,Q2
exit_closed,2026-04-20,,,,,,,,,,,,,,,FIVE,sell,Unknown,1.0,229.9056551793044,,,,,,,6277.083062067499,,,,,,,2026-03-23,2026-03-24,0.9975,ml_p_side,3.0,1.0,ml_first,ML-ranked candidate,0.0,ACCEPTED,OK,0.057625,230.5,1.0,1.0,230.15,transitioned,2026-03-24,2026-03-25,200.53,262.68,0.1413,230.15,multiple_r,2026-04-20,243.302334,trailing_stop,trailing_stop,True,,,,,2026-03-24,243.302334,trailing_stop,explicit_replay,-243.69985893714423,-13.93707370070126,-5.5062,27.0,False,0.0,,,,,-0.05827033184654584,2026-03-23,0.2271938041338783,0.454734521228656,-0.2275407170947777,Q1
exit_closed,2026-04-21,,,,,,,,,,,,,,,APG,sell,Unknown,10.0,44.786385,,,,,,,5526.597118451878,,,,,,,2026-04-15,2026-04-16,0.9925,ml_p_side,4.0,2.0,ml_first,ML-ranked candidate,0.0,ACCEPTED,OK,0.1122,448.8,10.0,10.0,44.82000000000001,transitioned,2026-04-16,2026-04-17,39.19,49.86,0.1124,44.82,multiple_r,2026-04-21,49.212576000000006,trailing_stop,trailing_stop,True,,,,,2026-04-16,49.212576000000006,trailing_stop,explicit_replay,-492.3964291680001,-44.69359688550013,-8.994,5.0,False,0.0,,,,,-0.09882894098284556,2026-04-15,0.17221096346058745,0.22449697684211414,-0.05228601338152669,Q3
exit_closed,2026-04-22,,,,,,,,,,,,,,,GENI,buy,Unknown,53.0,4.867650193340494,,,,,,,6012.783977073634,,,,,,,2026-04-20,2026-04-21,0.9975,ml_p_side,3.0,2.0,ml_first,ML-ranked candidate,0.0,ACCEPTED,OK,0.064395,257.58000000000004,53.0,53.0,4.860000000000001,transitioned,2026-04-21,2026-04-22,5.49,3.93,0.07,4.86,multiple_r,2026-04-22,4.659299999999999,trailing_stop,trailing_stop,True,,,,,2026-04-21,4.659299999999999,trailing_stop,explicit_replay,246.5941309231034,-11.468724962016864,-4.2803,1.0,False,0.0,,,,,-0.0428030333045587,2026-04-20,0.35679926031140974,0.557451672621885,-0.20065241231047526,Q1
exit_closed,2026-04-23,,,,,,,,,,,,,,,BILL,buy,Unknown,7.0,36.14846922190202,,,,,,,6046.459439189704,,,,,,,2026-04-09,2026-04-10,0.9975,ml_p_side,2.0,2.0,ml_first,ML-ranked candidate,0.0,ACCEPTED,OK,0.063315,253.26,7.0,7.0,36.12,transitioned,2026-04-10,2026-04-13,40.88,29.58,0.07,36.12,multiple_r,2026-04-23,37.9533,trailing_stop,trailing_stop,True,,,,,2026-04-10,37.9533,trailing_stop,explicit_replay,265.526979795,12.41178345631988,4.9928,13.0,False,0.0,,,,,0.04992827682463652,2026-04-09,0.34812470409339685,0.5406077275978214,-0.19248302350442453,Q2
exit_closed,2026-04-23,,,,,,,,,,,,,,,KD,buy,Unknown,24.0,14.097125959885387,,,,,,,6379.584296794494,,,,,,,2026-04-15,2026-04-16,0.9975,ml_p_side,3.0,2.0,ml_first,ML-ranked candidate,0.0,ACCEPTED,OK,0.08292,331.68,24.0,24.0,14.08,transitioned,2026-04-16,2026-04-17,15.62,11.77,0.07,14.08,multiple_r,2026-04-23,13.88955,trailing_stop,trailing_stop,True,,,,,2026-04-16,13.88955,trailing_stop,explicit_replay,333.12485760478927,-5.307664739371205,-1.4725,7.0,False,0.0,,,,,-0.014724700657145484,2026-04-15,0.29944569648211306,0.5204084136884071,-0.220962717206294,Q1
exit_closed,2026-04-27,,,,,,,,,,,,,,,ALSN,sell,Unknown,3.0,127.94397,,,,,,,6202.889024066844,,,,,,,2026-04-10,2026-04-13,0.995,ml_p_side,4.0,2.0,ml_first,ML-ranked candidate,0.0,ACCEPTED,OK,0.0963825,385.53,3.0,3.0,128.04,transitioned,2026-04-13,2026-04-14,114.01,141.2,0.1027999999999999,128.04,multiple_r,2026-04-27,136.989816,trailing_stop,trailing_stop,True,,,,,2026-04-13,136.989816,trailing_stop,explicit_replay,-411.1954811964,-27.542692754399955,-6.6033,14.0,False,0.0,,,,,-0.07070162040461936,2026-04-10,0.1537436646508856,0.31494905306910215,-0.16120538841821655,Q2
exit_closed,2026-04-30,,,,,,,,,,,,,,,CTRI,sell,Unknown,10.0,32.14982870979805,,,,,,,5493.145212192438,,,,,,,2026-04-08,2026-04-09,0.9975,ml_p_side,2.0,1.0,ml_first,ML-ranked candidate,0.0,ACCEPTED,OK,0.0802,320.79999999999995,10.0,10.0,32.19,transitioned,2026-04-09,2026-04-10,27.91,36.69,0.1399,32.19,multiple_r,2026-04-30,36.693381,trailing_stop,trailing_stop,True,,,,,2026-04-09,36.693381,trailing_stop,explicit_replay,-367.1356235955,-45.81416055542332,-12.3825,21.0,False,0.0,,,,,-0.14132430785913486,2026-04-08,0.27408293172643805,0.5074136692891281,-0.23333073756269007,Q1
exit_closed,2026-04-30,,,,,,,,,,,,,,,GENI,buy,Unknown,52.0,4.45734582853855,,,,,,,5710.450075446169,,,,,,,2026-04-22,2026-04-23,0.9975,ml_p_side,3.0,2.0,ml_first,ML-ranked candidate,0.0,ACCEPTED,OK,0.0585,234.0,52.0,52.0,4.45,transitioned,2026-04-23,2026-04-24,5.08,3.54,0.07,4.45,multiple_r,2026-04-30,4.185,trailing_stop,trailing_stop,True,,,,,2026-04-23,4.185,trailing_stop,explicit_replay,217.3048632537313,-14.546654425198485,-6.11,7.0,False,0.0,,,,,-0.0611004483418881,2026-04-22,0.35679926031140974,0.5590951310863722,-0.20229587077496247,Q1
exit_closed,2026-04-30,,,,,,,,,,,,,,,BILL,buy,Unknown,7.0,36.6774875,,,,,,,5962.801555753669,,,,,,,2026-04-23,2026-04-24,1.0,ml_p_side,1.0,1.0,ml_first,ML-ranked candidate,0.0,ACCEPTED,OK,0.064155,256.62,7.0,7.0,36.65,transitioned,2026-04-24,2026-04-27,41.43,29.93,0.07,36.65,multiple_r,2026-04-30,36.07005,trailing_stop,trailing_stop,True,,,,,2026-04-24,36.07005,trailing_stop,explicit_replay,252.3514803075,-4.467954916249994,-1.6562,6.0,False,0.0,,,,,-0.01656158972176036,2026-04-23,0.34812470409339685,0.5613507116452098,-0.21322600755181292,Q1
exit_closed,2026-05-06,,,,,,,,,,,,,,,ELAN,sell,Unknown,13.0,24.3817,,,,,,,6034.904754797243,,,,,,,2026-03-18,2026-03-19,0.9975,ml_p_side,3.0,1.0,ml_first,ML-ranked candidate,0.0,ACCEPTED,OK,0.0806974999999999,322.79,13.0,13.0,24.4,transitioned,2026-03-19,2026-03-20,21.6,28.42,0.1649,24.4,multiple_r,2026-05-06,25.185138,trailing_stop,trailing_stop,True,,,,,2026-03-19,25.185138,trailing_stop,explicit_replay,-327.58686773670007,-10.900977566700073,-3.1901,48.0,False,0.0,,,,,-0.03295250126119176,2026-03-18,0.2132605849182123,0.3827512839317366,-0.1694906990135243,Q2
exit_closed,2026-05-06,,,,,,,,,,,,,,,KD,buy,Unknown,25.0,13.697003447251111,,,,,,,6378.189485104382,,,,,,,2026-04-27,2026-04-28,1.0,ml_p_side,1.0,1.0,ml_first,ML-ranked candidate,0.0,ACCEPTED,OK,0.0849375,339.75,25.0,25.0,13.68,transitioned,2026-04-28,2026-04-29,15.36,11.59,0.07,13.68,multiple_r,2026-05-06,13.74075,trailing_stop,trailing_stop,True,,,,,2026-04-28,13.74075,trailing_stop,explicit_replay,343.2847303071388,0.7569166000066048,0.3194,8.0,False,0.0,,,,,0.0031938776183682016,2026-04-27,0.3066613152883176,0.5117229108581964,-0.20506159556987885,Q1
exit_closed,2026-05-06,,,,,,,,,,,,,,,ADMA,buy,Unknown,29.0,10.29002825487399,,,,,,,6665.184667643651,,,,,,,2026-04-30,2026-05-01,0.9975,ml_p_side,2.0,2.0,ml_first,ML-ranked candidate,0.0,ACCEPTED,OK,0.0743125,297.25,29.0,29.0,10.28,transitioned,2026-05-01,2026-05-04,11.58,8.56,0.07,10.28,multiple_r,2026-05-06,9.90915,trailing_stop,trailing_stop,True,,,,,2026-05-01,9.90915,trailing_stop,explicit_replay,286.99518253926874,-11.50516009789436,-3.7014,5.0,False,0.0,,,,,-0.03701430602909983,2026-04-30,0.3419267821885842,0.5219201573347976,-0.17999337514621339,Q2
exit_closed,2026-05-06,,,,,,,,,,,,,,,SWKS,sell,Unknown,6.0,69.40790499999999,,,,,,,6295.056434106151,,,,,,,2026-04-30,2026-05-01,0.9975,ml_p_side,3.0,1.0,ml_first,ML-ranked candidate,0.0,ACCEPTED,OK,0.105255,421.02,6.0,6.0,69.46,transitioned,2026-05-01,2026-05-04,61.65,77.63,0.1176,69.46,multiple_r,2026-05-06,61.65,take_profit,take_profit,True,,,,,2026-05-01,61.65,take_profit,explicit_replay,-370.103445,46.19426223349996,12.5838,5.0,False,0.0,,,,,0.11177264318812086,2026-04-30,0.18886820917268055,0.3298025609755246,-0.14093435180284403,Q2
exit_closed,2026-05-07,,,,,,,,,,,,,,,USFD,sell,Unknown,4.0,95.84227950891008,,,,,,,6779.369738484227,,,,,,,2026-02-23,2026-02-24,0.995,ml_p_side,2.0,2.0,ml_first,ML-ranked candidate,0.0,ACCEPTED,OK,0.09613,384.52,4.0,4.0,95.93,transitioned,2026-02-24,2026-02-25,84.11,106.65,0.1117,95.93,multiple_r,2026-05-07,84.11,take_profit,take_profit,True,,,,,2026-02-24,84.11,take_profit,explicit_replay,-336.625042,46.30046319905622,13.9487,72.0,False,0.0,,,,,0.1224123588151863,2026-02-23,0.17416340290337612,0.22290919230223336,-0.04874578939885724,Q3
exit_closed,2026-05-07,,,,,,,,,,,,,,,APA,sell,Unknown,7.0,40.30481070698891,,,,,,,6531.126688438244,,,,,,,2026-04-30,2026-05-01,0.995,ml_p_side,4.0,2.0,ml_first,ML-ranked candidate,0.0,ACCEPTED,OK,0.0712775,285.11,7.0,7.0,40.33,transitioned,2026-05-01,2026-05-04,35.44,47.48,0.1773,40.33,multiple_r,2026-05-07,35.44,take_profit,take_profit,True,,,,,2026-05-01,35.44,take_profit,explicit_replay,-248.22289764062933,33.80598480045486,13.7269,6.0,False,0.0,,,,,0.12070049757473111,2026-04-30,0.22196721269593836,0.45260472453827294,-0.23063751184233458,Q1
exit_closed,2026-05-11,,,,,,,,,,,,,,,FIVE,sell,Unknown,1.0,239.66462708677943,,,,,,,5223.423215672979,,,,,,,2026-04-21,2026-04-22,0.9975,ml_p_side,2.0,1.0,ml_first,ML-ranked candidate,0.0,ACCEPTED,OK,0.059275,237.1,1.0,1.0,240.36,transitioned,2026-04-22,2026-04-23,206.28,270.01,0.1234,240.36,multiple_r,2026-05-11,206.28,take_profit,take_profit,True,,,,,2026-04-22,206.28,take_profit,explicit_replay,-206.393454,33.14506384252665,16.1841,19.0,False,0.0,,,,,0.13929726506820417,2026-04-21,0.2466963871663856,0.44801282071629744,-0.20131643354991186,Q1
exit_closed,2026-05-11,,,,,,,,,,,,,,,ADMA,buy,Unknown,24.0,8.659621999387632,,,,,,,5422.331638526092,,,,,,,2026-05-07,2026-05-08,0.9975,ml_p_side,2.0,2.0,ml_first,ML-ranked candidate,0.0,ACCEPTED,OK,0.05082,203.28000000000003,24.0,24.0,8.65,transitioned,2026-05-08,2026-05-11,9.57,6.42,0.07,8.65,multiple_r,2026-05-11,8.295599999999999,trailing_stop,trailing_stop,True,,,,,2026-05-08,8.295599999999999,trailing_stop,explicit_replay,198.90842285311345,-8.984854410585285,-4.2037,3.0,False,0.0,,,,,-0.04203670777008228,2026-05-07,0.351877104908127,0.5667165615988028,-0.21483945669067578,Q1
exit_closed,2026-05-11,,,,,,,,,,,,,,,MOS,buy,Unknown,17.999999999,23.085421651583708,,,,,,,5811.575888582816,,,,,,,2026-05-07,2026-05-08,0.9925,ml_p_side,4.0,4.0,ml_first,ML-ranked candidate,0.0,ACCEPTED,OK,0.1030949999999999,412.38,18.0,17.999999999,22.97,transitioned,2026-05-08,2026-05-11,25.89,20.17,0.07,22.97,multiple_r,2026-05-11,21.6411,trailing_stop,trailing_stop,True,,,,,2026-05-08,21.6411,trailing_stop,explicit_replay,389.244250056724,-26.418000925608965,-6.2564,3.0,False,0.0,,,,,-0.0625642309411586,2026-05-07,0.27186292958767433,0.4074858359881411,-0.13562290640046676,Q2
exit_closed,2026-05-11,,,,,,,,,,,,,,,GENI,buy,Unknown,50.0,4.77781162116041,,,,,,,6033.276334279649,,,,,,,2026-05-07,2026-05-08,0.99,ml_p_side,5.0,5.0,ml_first,ML-ranked candidate,0.0,ACCEPTED,OK,0.05975,239.0,50.0,50.0,4.77,transitioned,2026-05-08,2026-05-11,5.4,3.79,0.07,4.77,multiple_r,2026-05-11,4.4454,trailing_stop,trailing_stop,True,,,,,2026-05-08,4.4454,trailing_stop,explicit_replay,221.7004456968326,-17.261802535505325,-6.9574,3.0,False,0.0,,,,,-0.06957403253158723,2026-05-07,0.33450417490631207,0.5518286172855456,-0.21732444237923348,Q1
exit_closed,2026-05-12,,,,,,,,,,,,,,,APG,sell,Unknown,10.0,49.1531075,,,,,,,4576.839012341384,,,,,,,2026-04-23,2026-04-24,0.9975,ml_p_side,2.0,1.0,ml_first,ML-ranked candidate,0.0,ACCEPTED,OK,0.12235,489.4,10.0,10.0,49.19,transitioned,2026-04-24,2026-04-27,43.44,53.76,0.0928,49.19,multiple_r,2026-05-12,43.44,take_profit,take_profit,True,,,,,2026-04-24,43.44,take_profit,explicit_replay,-434.63892,56.63936759000004,13.1517,18.0,False,0.0,,,,,0.11623085071477934,2026-04-23,0.15177201951788735,0.25512117788963007,-0.10334915837174272,Q2
exit_closed,2026-05-12,,,,,,,,,,,,,,,KD,buy,Unknown,19.0,12.561391184264163,,,,,,,4799.005353611384,,,,,,,2026-05-07,2026-05-08,1.0,ml_p_side,1.0,1.0,ml_first,ML-ranked candidate,0.0,ACCEPTED,OK,0.06004,240.16000000000005,19.0,19.0,12.55,transitioned,2026-05-08,2026-05-11,14.28,10.08,0.07,12.55,multiple_r,2026-05-12,11.6994,trailing_stop,trailing_stop,True,,,,,2026-05-08,11.6994,trailing_stop,explicit_replay,222.16634127,-16.57169116076946,-6.8622,4.0,False,0.0,,,,,-0.06862227054468228,2026-05-07,0.3308208309430252,0.5569937756747879,-0.2261729447317627,Q1
exit_closed,2026-05-13,,,,,,,,,,,,,,,GENI,buy,Unknown,50.0,4.397122048260382,,,,,,,5064.838191333469,,,,,,,2026-05-11,2026-05-12,0.9975,ml_p_side,2.0,2.0,ml_first,ML-ranked candidate,0.0,ACCEPTED,OK,0.055125,220.5,50.0,50.0,4.39,transitioned,2026-05-12,2026-05-13,4.98,3.41,0.07,4.39,multiple_r,2026-05-13,4.4547,trailing_stop,trailing_stop,True,,,,,2026-05-12,4.4547,trailing_stop,explicit_replay,222.40396241814943,2.481903174406483,1.3094,1.0,False,0.0,,,,,0.01309446294819061,2026-05-11,0.33450417490631207,0.562056739794396,-0.2275525648880839,Q1
exit_closed,2026-05-13,,,,,,,,,,,,,,,TTD,buy,Unknown,10.0,21.781031541873677,,,,,,,5268.1617887115935,,,,,,,2026-05-11,2026-05-12,0.9925,ml_p_side,5.0,4.0,ml_first,ML-ranked candidate,0.0,ACCEPTED,OK,0.0538,215.2,10.0,10.0,21.765,transitioned,2026-05-12,2026-05-13,24.32,16.88,0.07,21.77,multiple_r,2026-05-13,20.3484,trailing_stop,trailing_stop,True,,,,,2026-05-12,20.3484,trailing_stop,explicit_replay,203.323597378125,-14.55206113523738,-6.5774,1.0,False,0.0,,,,,-0.06577427424038507,2026-05-11,0.3387925807911745,0.5492484593678033,-0.21045587857662879,Q1
exit_closed,2026-05-15,,,,,,,,,,,,,,,MOS,buy,Unknown,17.999999999,21.87068818141197,,,,,,,5273.79499189396,,,,,,,2026-05-11,2026-05-12,0.995,ml_p_side,3.0,3.0,ml_first,ML-ranked candidate,0.0,ACCEPTED,OK,0.0980549999999999,392.22,18.0,17.999999999,21.85,transitioned,2026-05-12,2026-05-13,24.62,19.02,0.07,21.85,multiple_r,2026-05-15,21.9387,trailing_stop,trailing_stop,True,,,,,2026-05-12,21.9387,trailing_stop,explicit_replay,394.687371034846,0.8968820751281328,0.311,3.0,False,0.0,,,,,0.0031097246700189096,2026-05-11,0.27484260370308083,0.4288828805861293,-0.15404027688304844,Q2
exit_closed,2026-05-15,,,,,,,,,,,,,,,GENI,buy,Unknown,51.0,4.247222286401926,,,,,,,5478.6186170538185,,,,,,,2026-05-13,2026-05-14,0.99,ml_p_side,5.0,5.0,ml_first,ML-ranked candidate,0.0,ACCEPTED,OK,0.0536775,214.71,51.0,51.0,4.24,transitioned,2026-05-14,2026-05-15,4.76,3.23,0.07,4.24,multiple_r,2026-05-15,4.0269,trailing_stop,trailing_stop,True,,,,,2026-05-14,4.0269,trailing_stop,explicit_replay,204.82362515985776,-11.8496939476224,-5.1874,1.0,False,0.0,,,,,-0.051874442057652126,2026-05-13,0.3387925807911745,0.5571579742632194,-0.21836539347204492,Q1
exit_closed,2026-05-18,,,,,,,,,,,,,,,ASAN,buy,Unknown,30.0,5.744305000000001,,,,,,,6040.041860232475,,,,,,,2026-05-13,2026-05-14,0.995,ml_p_side,2.0,3.0,ml_first,ML-ranked candidate,0.0,ACCEPTED,OK,0.042825,171.3,30.0,30.0,5.739999999999999,transitioned,2026-05-14,2026-05-15,6.45,4.06,0.07,5.74,multiple_r,2026-05-18,6.45,take_profit,take_profit,True,,,,,2026-05-14,6.45,take_profit,explicit_replay,193.29435274599544,20.91350400099543,12.2851,4.0,False,0.0,,,,,0.12285124135992076,2026-05-13,0.3406926920081044,0.5687764430898083,-0.22808375108170392,Q1
exit_closed,2026-05-21,,,,,,,,,,,,,,,NYT,sell,Unknown,5.0,83.8870375,,,,,,,5310.365842857079,,,,,,,2026-05-06,2026-05-07,0.9975,ml_p_side,2.0,1.0,ml_first,ML-ranked candidate,0.0,ACCEPTED,OK,0.1046,418.4,5.0,5.0,83.95,transitioned,2026-05-07,2026-05-08,73.42,92.66,0.1036999999999999,83.95,multiple_r,2026-05-21,73.42,take_profit,take_profit,True,,,,,2026-05-07,73.42,take_profit,explicit_replay,-367.301905,51.93754607916669,14.2564,14.0,False,0.0,,,,,0.1247753861852614,2026-05-06,0.16684763149644005,0.266072221102308,-0.09922458960586794,Q2
exit_closed,2026-05-26,,,,,,,,,,,,,,,TRN,sell,Unknown,11.0,36.552565,,,,,,,5203.891083819161,,,,,,,2026-05-06,2026-05-07,0.995,ml_p_side,4.0,2.0,ml_first,ML-ranked candidate,0.0,ACCEPTED,OK,0.0996875,398.75,11.0,11.0,36.58,transitioned,2026-05-07,2026-05-08,31.54,40.69,0.1124,36.58,multiple_r,2026-05-26,31.54,take_profit,take_profit,True,,,,,2026-05-07,31.54,take_profit,explicit_replay,-347.13081700000004,54.73582827258324,15.8927,19.0,False,0.0,,,,,0.13713305755697314,2026-05-06,0.19805498346459097,0.3149968346314709,-0.11694185116687991,Q2
exit_closed,2026-05-26,,,,,,,,,,,,,,,ADMA,buy,Unknown,24.0,7.918660532421177,,,,,,,5399.904588410101,,,,,,,2026-05-11,2026-05-12,1.0,ml_p_side,1.0,1.0,ml_first,ML-ranked candidate,0.0,ACCEPTED,OK,0.04728,189.12,24.0,24.0,7.91,transitioned,2026-05-12,2026-05-13,8.9,5.8,0.07,7.91,multiple_r,2026-05-26,8.174699999999998,trailing_stop,trailing_stop,True,,,,,2026-05-12,8.174699999999998,trailing_stop,explicit_replay,196.0135045909392,5.908637456997496,3.2334,14.0,False,0.0,,,,,0.032333684027813,2026-05-11,0.35679926031140974,0.5644477609157934,-0.20764850060438367,Q1
exit_closed,2026-05-27,,,,,,,,,,,,,,,KD,buy,Unknown,20.0,11.41085603799186,,,,,,,5422.449077399868,,,,,,,2026-05-12,2026-05-13,0.995,ml_p_side,2.0,3.0,ml_first,ML-ranked candidate,0.0,ACCEPTED,OK,0.0574,229.6,20.0,20.0,11.4,transitioned,2026-05-13,2026-05-14,12.97,8.99,0.07,11.4,multiple_r,2026-05-27,11.7459,trailing_stop,trailing_stop,True,,,,,2026-05-13,11.7459,trailing_stop,explicit_replay,234.747771733758,6.462185837692857,2.9362,14.0,False,0.0,,,,,0.029361860397908,2026-05-12,0.29974313409455466,0.5184551662679864,-0.21871203217343171,Q1
exit_closed,2026-05-29,,,,,,,,,,,,,,,MOS,buy,Unknown,17.0,21.30562046155644,,,,,,,5388.386991177722,,,,,,,2026-05-18,2026-05-19,0.995,ml_p_side,1.0,3.0,ml_first,ML-ranked candidate,0.0,ACCEPTED,OK,0.0909925,363.97,17.0,17.0,21.29,transitioned,2026-05-19,2026-05-20,24.19,18.47,0.07,21.29,multiple_r,2026-05-29,24.19,take_profit,take_profit,True,,,,,2026-05-19,24.19,take_profit,explicit_replay,411.0206176136791,48.71641110286572,13.5381,10.0,False,0.0,,,,,0.13538115651914917,2026-05-18,0.28722676648667644,0.4351764296039067,-0.14794966311723023,Q2
